
> @ghostlygawd/aether@0.1.0 pretest
> npm run build


> @ghostlygawd/aether@0.1.0 build
> tsc -p tsconfig.json && node scripts/copy-native-fallback-driver.mjs && node --experimental-strip-types scripts/process-worker-bundle.ts build

{"format":"aether.process-worker-bundle/2","bundle":{"path":"/Users/rhenmcleod/Repositories/swarm-experiment/dist/process-worker.bundle.mjs","bytes":769766,"sha256":"bc5b4e3e8ca56104f9570433c01956a5125f5bd1251d6f14c786f37d2552ab95"},"node":{"path":"/opt/homebrew/Cellar/node/26.7.0/bin/node","bytes":50320,"sha256":"1ef99ea25fe70c9b67e7efe768ef8ee22148d3cabc703db6131b57aeb617d040"},"nativeScope":"aether.macos-node-static-link-closure/1","nativeLibraries":25,"inputCount":70,"externalNodeImports":["node:child_process","node:crypto","node:fs","node:net","node:path","node:perf_hooks","node:util"],"toolVersion":"0.28.2"}

> @ghostlygawd/aether@0.1.0 test
> node --test --test-concurrency=1 --experimental-strip-types "test/**/*.test.ts"

✔ G1: agent protocol frames survive arbitrary stream chunking (17.676542ms)
✔ G2: durable leases exclude competing agents and expire (24.253958ms)
✔ J3: abandoned filesystem locks are recovered after the stale threshold (0.990291ms)
✔ independent benchmark reader recounts complete messages, target rows and current source bytes (1178.905667ms)
✔ verifier refuses altered verdicts, thresholds, raw messages, source list and noncanonical JSON (3626.519083ms)
✔ source commit substitution cannot pass exact-source verification (784.6825ms)
✔ changed hardware diagnostics cannot pass exact-source verification (799.69775ms)
✔ V4-F02: corpus aggregation divides summed actual counts, not averaged ratios (0.686375ms)
✔ V4-F02: real-tokenizer corpus includes cold dictionaries and complete warm message framing (118.335209ms)
✔ V4-F02: full-session arithmetic includes failed attempts, repairs, responses and dictionary deltas (20.090459ms)
✔ AE6 ledger profile charges the cold base and full changed session while complete warm wires exceed 4× in both tokenizers (443.581459ms)
✔ V4-F02: enforcement rejects misses, unmeasured, inconclusive, deleted, duplicated and fabricated pass rows (0.229958ms)
✔ V4-F02: measurement CLI succeeds while enforcement fails and emits reproducible bound evidence (1242.865ms)
✔ V3 retains an exact signed receipt and rechecks it on cached dispatch, inspect, reconcile, and replay (136.731625ms)
✔ V3 crash after sink success is indeterminate until receipt-backed read-only reconciliation (106.287166ms)
✔ V3 will not certify a forged sink commit or reuse an unsigned structural adapter (76.809ms)
✔ legacy brokers refuse an attested sink adapter before any durable intent or sink call (0.732709ms)
✔ V3 verifies a signed durable noncommit fence before terminal abort (91.330875ms)
✔ V3 rejects forged witnessed cached records, missing signed proof, V1 witness, and downgrade (87.014875ms)
✔ trusted wrapper accepts exact signed commit, pins copied identity, and exposes a detached proof (8.159292ms)
✔ forged, mismatched, stale, and contradictory signed responses never yield a committed value (9.718834ms)
✔ reconciliation reports noncommit only from a signed terminal fence; uncertainty stays unknown (2.66ms)
✔ broker keeps transport failure indeterminate and releases it only after signed fence (108.857584ms)
✔ V4 broker withholds a valid sink signature until the independent sink head retains it (134.030666ms)
✔ signed sink receipt reconciles a real postcommit controller SIGKILL without another external decision (2774.924292ms)
✔ V4 broker requires independent sink head across real postcommit controller SIGKILL and replay (5112.0855ms)
✔ operator process commits exactly once and retains identical signed receipt after SIGKILL/restart (653.782666ms)
✔ near-limit accepted payload retains a recoverable signed response after restart (426.543792ms)
✔ status makes a durable signed noncommit fence that permanently refuses execute (396.829459ms)
✔ lost wire response remains a committed decision; wrong auth and forged stored receipt fail closed (336.100958ms)
✔ CLI refuses a group-readable signing key before opening the sink (94.163792ms)
✔ separate sink witness restores deleted/older local state and fails closed on outage or equivocation (2821.383542ms)
✔ V5 predispatch denial holds funds until an exact signed witnessed noncommit fence (963.856792ms)
✔ V5 recovers a reserve that reached the bridge before broker publication (683.039958ms)
✔ V5 keeps funds encumbered when the bridge loses its reserve receipt (645.229ms)
✔ V5 router pins operator bridge, grant and full recorded reservation identity (655.953209ms)
✔ signed V7 router checks its private complete adapter map before any live dispatch (266.869959ms)
✔ V5 witness outage leaves an authorized reservation encumbered (480.111167ms)
✔ V5 predispatch status can only charge an exact signed witnessed commit once (828.977208ms)
✔ V5 rejects forged budget hooks and exact bridge substitution (960.087834ms)
✔ V5 cached commits fail closed on local or witness rollback of bridge and ledger (2958.863667ms)
✔ deployment witness pins operator and namespace with exact durable CAS bytes (2.959917ms)
✔ deployment witness rejects stale writers, rollback and same-revision equivocation (0.613084ms)
✔ deployment witness rejects incomplete, wrong-revision, wrong-identity and noncanonical journals before CAS (4.978458ms)
✔ deployment witness rejects false CAS acknowledgments and can recover a lost response (1.393708ms)
✔ deployment witness rejects malformed source heads (0.314208ms)
✔ deployment witness admits exact /10 sink identity and retains canonical CAS bytes (1.3995ms)
✔ deployment witness V12 pins signed sink table fields and immutable export authority (3.108167ms)
✔ deployment witness rejects malformed /10 sink fields and profile before CAS (0.676208ms)
✔ deployment witness forbids sink identity drift and /9↔/10 switch before CAS (2.271917ms)
✔ deployment witness admits exact /11 resource-scoped sink journal and durable CAS bytes (0.580916ms)
✔ deployment witness rejects malformed /11 sink fields, namespace, and profile before CAS (0.563667ms)
✔ deployment witness prevents /11 sink identity changes and cross-version adoption before CAS (2.735667ms)
✔ namespaced V2 identities bind deployment and operation, while V1 bytes remain stable (2.25525ms)
✔ V2 catalog rejects V1, wrong deployment, operation, authority, repository, and clock (0.656667ms)
✔ V2 catalog pins the selected object for its lifetime (0.155ms)
✔ V1 and V2 require a retained head after a falsely successful CAS response (0.158125ms)
✔ broker accepts V2 and rejects a head aliased across deployment namespaces (11.338708ms)
✔ V2 witnessed broker refuses recomputed local terminal receipts and restores deleted/older files (178.817916ms)
✔ uncertain witness response after pre-sink marker never dispatches and reopens from witnessed state (82.855209ms)
✔ same-anchor witness rollback and local V1 adoption fail closed (72.824958ms)
✔ isolated replay prefix rewind/resume checks complete ordered request/outcome bindings without callbacks (123.097917ms)
✔ isolated buffer restoration is atomic, preserves historical identities and never grants live authority (3.384334ms)
✔ F04/G2 request IDs and durable receipts survive reopening; identical retries never reexecute (94.061167ms)
✔ cached committed receipts never call current cleanup policy or release a budget (95.570875ms)
✔ F04/G2 changed payload, manifest, policy, grant, deadline and reservation cannot reuse a live effect ID (228.269208ms)
✔ F04/G1 replay consumes exact ordered outcomes, with no live adapter or current-policy callbacks (149.5325ms)
✔ F04/G1 shadow and speculative writes buffer branch intents without production adapters or grants (3.205542ms)
✔ F04 isolated branch intents require explicit selected-branch admission before live dispatch (100.047167ms)
✔ F04 denial, stale revocation, deadline and cancellation occur before the irreversible sink (188.257916ms)
✔ F04 final authorization checks catch revocation during durable dispatch preparation (72.363291ms)
✔ F04 cancellation after the sink acts preserves its committed charge and receipt (66.388167ms)
✔ F04 budget exhaustion selects refusal; retries and speculative forks cannot repeat charges (128.610833ms)
✔ F04/G3 receipt-store failure after sink success returns indeterminate and reconciles without redispatch (136.734042ms)
✔ F04/G3 actual process death after durable sink commit retains an uncertain dispatch until reconciliation (240.120208ms)
✔ F04/G3 unknown non-idempotent effects are never blindly retried or reported as aborted (118.083041ms)
✔ F04 live lock owner cannot be taken over; malformed requests and corrupt receipts fail before dispatch (88.899208ms)
✔ F04 transactional prepare commits once, and abandoned preparations recover without a sink commit (134.9065ms)
✔ F04 separate recovery authority reconciles a committed charge after original grant revocation (112.919333ms)
✔ F04 concurrent processes share a durable reservation hook without overspending its final unit (173.930292ms)
✔ F04 corrupt dispatch markers, illegal histories and recovery identities cannot cause false abort/refund (152.346458ms)
✔ F04 process crashes at every ticket publication/release boundary recover without incomplete lock owners (647.643875ms)
✔ F04 recovery process crashes cannot orphan a recovery mutex or release a later writer ticket (489.368958ms)
✔ F04 retained ticket quotas and legacy lock layouts fail explicitly instead of recycling identities (58.063416ms)
✔ F04 concurrent broker processes serialize one shared journal without overlapping sink entry (503.7515ms)
✔ v2 evidence policy binds hard SMT profile to exact manifest and reverified peer evidence (147.260084ms)
✔ F06 compiler admission consumes branded evidence and preserves every external precondition (17.381666ms)
✔ F06 compiler admission retains property-classified postconditions (5.378625ms)
✔ F06: actual local solver evidence is bound, immutable and distinguishable from peer claims (7.893542ms)
✔ F06/G1: every execution-subject field invalidates old evidence (8.486917ms)
✔ F06/G1: actual transitive external dependency content is resolved and pinned (2.413916ms)
✔ F06/G2: malformed, truncated, duplicate, hidden-assumption and forged evidence fails closed (12.14ms)
✔ F06/G2: unchecked caller preconditions and absent frame contracts do not mint evidence (3.906042ms)
✔ F06/G3: property classification remains delegated and never becomes formal proof (4.196959ms)
✔ F06: modeled ledger record transitions and formal loops are accepted with property clauses retained (20.356666ms)
✔ F06: actual verifier alias assumptions remain explicit and cannot authorize evidence (2.119209ms)
✔ F06: type and capability validation precede proof admission (0.734666ms)
✔ F06/G2: actual exhausted solver budgets and truncated branch exploration cannot mint evidence (49.592333ms)
✔ F06: concrete nested-alias verifier gap is rejected before a false proof can authorize elision (1.10425ms)
✔ v5 host witness retains native fallback binding, before snapshot, state and terminal result across service restart (2336.053834ms)
✔ host witness pins operator, repository and stable host identity, with exact CAS bytes (1.913667ms)
✔ host witness rejects stale writers, rollback and same-revision equivocation (0.376958ms)
✔ host witness refuses malformed, noncanonical and oversized heads before advancing (1.124541ms)
✔ host witness refuses false CAS acknowledgments and can reread after a lost response (0.653667ms)
✔ host witness rejects malformed source objects and accepts prior canonical host formats (0.242125ms)
✔ host catalog pins an operator namespace and one witness object per stable host (0.327834ms)
✔ F03/G1 v1 AST and commit addresses remain unchanged across metadata observation and reopen (25.483ms)
✔ F03/G2 execution manifest binds every execution context component and sorts complete dependency closure (3.190084ms)
✔ F03/G2 metadata is content-bound independently and domains cannot be relabeled (0.227584ms)
✔ F03/G3 tagged wire values preserve bigint, Unicode and reference identity without numeric coercion (0.528625ms)
✔ F03/G3 malformed values, duplicate map keys and unsupported versions are rejected (1.29925ms)
✔ F03/G3 schema resource limits reject byte, decompressed, depth, count and integer excess (0.360208ms)
✔ F03/G3 state envelopes preserve cycles and shared IDs and reject malformed object tables (1.876791ms)
✔ canonical identity rejects proxy-backed mutable data without executing traps (0.099167ms)
✔ F07 async journal ownership survives awaits and does not block response delivery (84.390209ms)
✔ F08 core: exact governor-approved subject commits and filesystem activation is idempotent (168.177ms)
✔ production commit fence holds the final decision before activation and can recover a postcommit interruption (286.246541ms)
✔ production commit fence refuses omitted, late, repeated and stale-authority decisions (406.757292ms)
✔ F08 core: individually valid literal edits fail when their composed root violates a+b >= 18 (73.41875ms)
✔ F08 core: forged signatures, changed effect/migration context and stale policy/expiration cannot authorize (540.852458ms)
✔ F08 core: failed prepare, cross-subject handles and policy changes during prepare preserve old state (332.579167ms)
✔ F08 core: activation failure after commit blocks serving and recovers the committed new target (191.188541ms)
✔ F08 core: two coordinator instances racing the same parent commit at most one candidate (140.437875ms)
✔ F08 core: malformed approvals are rejected before mutation and corrupt readiness/history fails closed (102.823542ms)
✔ F08 core: real process death at each durable phase recovers before/after the commit boundary (1448.368625ms)
✔ admission profiles: strict lineage is the default and baseline is explicit and durable (185.162875ms)
✔ admission profiles: explicit legacy adoption validates and preserves exact signed history (191.287167ms)
✔ admission profiles: malformed legacy identity or approval refuses migration without rewriting bytes (198.679583ms)
✔ independent signatures form an exact-root, heterogeneous commit certificate (11.520208ms)
✔ forgery, wrong signer, phase, root, policy and epoch cannot authorize promotion (10.83425ms)
✔ enrollment refuses one-family dominance, duplicate keys and too few validators (1.364834ms)
✔ one equivocating validator cannot reach two conflicting three-of-four certificates from disjoint honest votes (5.627958ms)
✔ three durable honest phases decide one ordered branch and new-view selects its highest prepare QC (5313.0695ms)
✔ a signed block cannot skip the exact candidate manifest of its parent (222.083375ms)
✔ restart and a second controller cannot double-vote or skip a locking phase (1564.29025ms)
✔ withheld votes stop decisions; increasing local timeouts rotate leader without releasing locks (2184.418291ms)
✔ a delayed validator requires checked ancestry and later decides the missing committed prefix in order (4047.177292ms)
✔ authenticated new-view reports reject stale context, wrong QC phase and equivocation (2801.99075ms)
✔ two real controllers racing one validator identity durably publish only one competing vote (722.094041ms)
✔ bounded state refuses exhaustion and rechecks historical phase logic even with a recomputed checksum (646.158625ms)
✔ a locked validator rejects a conflicting stale justification even if the leader signs it (1583.261875ms)
✔ literal application validity and malformed clock or journal state fail before voting (634.234667ms)
✔ real controller death before/after vote persistence cannot acknowledge an equivocation on restart (1323.217125ms)
✔ unaudited research checker independently verifies all 40 Rust-generated group and authenticated share transcripts (1286.323709ms)
✔ group-signature-only and claimed family labels cannot replace enrolled participation attestations (38.671708ms)
✔ exact proposal, epoch, policy, phase, view, parent, expiry and enrollment bindings cannot be replayed (4.18225ms)
✔ authenticated cancelling false shares reject even when their sum and OpenSSL group signature remain valid (25.774792ms)
✔ duplicate, stale, malformed scalar and non-prime-subgroup public contributions are rejected (109.421209ms)
✔ enrollment cannot substitute mixed verifying shares or one-family/one-role membership (13.766583ms)
✔ research replay ledger rejects duplicates atomically and cannot imply durable replay protection (126.316167ms)
﹣ pinned FROST 3.0.0 independently cross-checks valid, cancelling, changed and malformed public shares (0.045417ms) # SKIP
✔ durable vote admission survives restart and never counts one signer twice (180.400208ms)
✔ equivocation is retained and quarantines the signer slot without hiding an honest quorum (213.423625ms)
✔ foreign or corrupted votes fail closed and missing established state cannot reset history (117.900542ms)
✔ an interrupted empty journal initialization resumes only behind its marker (74.100833ms)
✔ V4-F05: signed durable ingestion is idempotent, keeps occurrence identity distinct, and restores sequence after restart (382.177042ms)
✔ V4-F05: missing causal predecessors remain pending and become ready after dependency delivery (290.088042ms)
✔ V4-F05: validly signed operation-ID equivocation and descendants are quarantined in every arrival order (535.742416ms)
✔ V4-F05: signatures, hashes, versions, epochs, schema/resource limits and invalid clocks cannot admit operations (275.749542ms)
✔ V4-F05: concurrent processes sharing an author journal publish distinct complete sequence records (231.733833ms)
✔ V4-F05: process exit after durable author publication never reuses an operation ID (178.622666ms)
✔ V4-F05: ingestion failures distinguish unpublished bytes from durable commit recovered after process exit (254.246875ms)
✔ V4-F05: deterministic harness exercises reorder, duplicate, drop, partition, missing-peer requests and restart (316.123125ms)
✔ V4-F05: concurrent count/byte admission and author-ingest races cannot overfill a journal (1128.022333ms)
✔ V4-F05: exact duplicate delivery needs no extra ticket after admission quota exhaustion (141.765125ms)
✔ T1-06 author identity builder fails before sequence publication and preserves its checkpoint clock floor on restart (259.859959ms)
✔ T1-06 author identity builders in concurrent processes receive distinct durable operation IDs (245.197584ms)
✔ signed sink commit binds exact request, payload, approved adapter and committed value (4.308ms)
✔ signed terminal fence has no committed value or commit ID (1.44025ms)
✔ forgery, signed-field alteration, wrong key and signer mismatch are refused (2.826084ms)
✔ valid signature cannot be replayed into a different operation, repository, deployment, policy or value (2.853416ms)
✔ even a valid sink signature must agree with independently supplied request and grant context (2.1945ms)
✔ malformed, oversized, accessor and noncanonical receipt or anchor objects fail closed (1.078041ms)
✔ sink witness binds operator, exact anchor and adapter; advances one signed decision per revision (11.166ms)
✔ sink witness rejects stale writers, rollback and same-revision equivocation (3.5035ms)
✔ sink witness adopts an existing matching head but rejects a changed anchor or adapter at startup (1.979125ms)
✔ sink witness refuses changed identity, wrong revision/count, invalid rows and noncanonical bytes before CAS (5.8ms)
✔ sink witness rejects repeated effect, decision and commit identities (3.597666ms)
✔ sink witness rejects false CAS success and missing post-CAS retention (2.34375ms)
✔ independent clock is rechecked after a factory authorization callback and before the sink (130.857334ms)
✔ versioned evidence derives the archived wrapper as an exact checked dependency (14.4655ms)
✔ virtual evidence refuses policy, descriptor, source, profile and closure substitutions (8.275708ms)
✔ strict signed lineage admits the archived wrapper dependency and retains it after collection (1048.856666ms)
✔ V5 parses visible Atomic bodies and rejects altered rollback scaffolding; V4 stays closed (113.099375ms)
✔ development reference establishes return/rollback/effect and settled-task allocation semantics (1.926292ms)
✔ actual typescript Atomic matches reference rollback and nonlocal return semantics (406.130667ms)
✔ actual python Atomic matches reference rollback and nonlocal return semantics (60.542209ms)
✔ actual rust Atomic matches reference rollback and nonlocal return semantics (1312.8045ms)
✔ actual typescript Atomic restores state and native step counter after authority and budget faults (97.324791ms)
✔ actual python Atomic restores state and native step counter after authority and budget faults (57.132084ms)
✔ actual rust Atomic restores state and native step counter after authority and budget faults (753.874209ms)
✔ V12 parses visible blockless bindings to the exact root and guards slot scaffolding (106.5205ms)
✔ each blockless If, While and Atomic shape independently selects V12 (18.106292ms)
✔ V12 reference run covers selected branches, skipped bindings, loop rebinding, Atomic, assignment and shadow fallback (1.046917ms)
✔ V12 explicitly rejects invalid blockless binding types (0.517083ms)
✔ V12 profile propagates through an exact-address import closure (25.877375ms)
✔ V12 actual typescript execution matches reference binding outcomes (419.69ms)
✔ V12 actual python execution matches reference binding outcomes (55.1865ms)
✔ V12 actual rust execution matches reference binding outcomes (3867.222125ms)
✔ composite profiles preserve exact AST identities and parse visible collection/field edits (140.14525ms)
✔ actual typescript composite execution preserves aliasing, old records, lazy Result branches, callbacks and write order (101.60875ms)
✔ actual python composite execution preserves aliasing, old records, lazy Result branches, callbacks and write order (69.949416ms)
✔ actual rust composite execution preserves aliasing, old records, lazy Result branches, callbacks and write order (3847.572875ms)
✔ continuation source keeps bodies visible and validates capture scaffolding (125.38275ms)
✔ actual typescript closures/tasks preserve captures, identity and effect authority (90.99475ms)
✔ actual python closures/tasks preserve captures, identity and effect authority (69.146291ms)
✔ actual rust closures/tasks preserve captures, identity and effect authority (891.312375ms)
✔ actual typescript completed tasks retain results under revocation without redispatch (93.131834ms)
✔ actual python completed tasks retain results under revocation without redispatch (51.305459ms)
✔ actual rust completed tasks retain results under revocation without redispatch (791.692791ms)
✔ indirect contract callbacks fail explicitly and blockless bindings select V12 (56.195958ms)
✔ V11 parses visible pure contract calls and preserves exact AST identities (54.17ms)
✔ V11 rejects undeclared purity, unsynthesized and indirect paths through contract callees (8.758334ms)
✔ V11 resolves a pure contract callee through an exact-address dependency (30.20475ms)
✔ V11 actual typescript contract calls enforce pre and postconditions after mutation (403.885208ms)
✔ V11 actual python contract calls enforce pre and postconditions after mutation (44.573ms)
✔ V11 actual rust contract calls enforce pre and postconditions after mutation (3488.608458ms)
✔ V16 checked function values and dataflow factories parse to exact roots (584.940458ms)
✔ V15 certificates close over an exact-address imported scalar factory (34.893708ms)
✔ V16 actual typescript contract admits checked values and refuses raw/record captures (442.909583ms)
✔ V16 actual python contract admits checked values and refuses raw/record captures (68.178292ms)
✔ V16 actual rust contract admits checked values and refuses raw/record captures (3983.324458ms)
✔ V16 actual typescript refuses a certified closure after host capture mutation (100.447667ms)
✔ V16 actual python refuses a certified closure after host capture mutation (75.278917ms)
✔ V14 round-trips exact closure contracts and rejects hidden native capture edits (73.712208ms)
✔ V14 retains bounded refusals while V15 admits checked function values and scalar locals (63.052ms)
✔ V14 binds a read-only closure factory through an exact-address import (29.940667ms)
✔ V14 actual typescript scalar-capture closure contracts match reference outcomes (442.959ms)
✔ V14 actual python scalar-capture closure contracts match reference outcomes (47.245083ms)
✔ V14 actual rust scalar-capture closure contracts match reference outcomes (3767.145042ms)
✔ V13 contract calls accept read-only composite inputs and pure sequence folds (84.040375ms)
✔ V13 rejects mutable and effectful contract callees, including transitive paths (48.962167ms)
✔ V13 still rejects a valid pure closure predicate while V14 admits its exact root (11.819833ms)
✔ V13 carries typed contract helpers through an exact-address import closure (28.691166ms)
✔ V13 actual typescript composite contract checks pass and fail before body execution (406.671042ms)
✔ V13 actual python composite contract checks pass and fail before body execution (52.462791ms)
✔ V13 actual rust composite contract checks pass and fail before body execution (3703.644791ms)
✔ V15 checks both direct branch-return closure factory arms (32.000125ms)
✔ V16 checks both branch-local captures while V15 retains its refusal (23.589083ms)
✔ V16 checks the quantifier binder inside a closure while V15 refuses it (14.448959ms)
✔ V16 binds the exact pure helper into a passed closure certificate (23.518875ms)
✔ V16 binds an imported pure helper address and body into the closure certificate (31.269167ms)
✔ V9 round-trips null bodies exactly and rejects changed executable scaffolding (29.922917ms)
✔ V9 propagates unsynthesized dependency identity through exact-address imports (26.225292ms)
✔ V9 actual typescript declaration traps while synthesized code executes (397.692334ms)
✔ V9 actual python declaration traps while synthesized code executes (48.379625ms)
✔ V9 actual rust declaration traps while synthesized code executes (3547.905958ms)
✔ scalar native profiles round-trip all emitted control flow and parse actual visible edits (127.828125ms)
✔ unsupported projected AST and host syntax reject rather than use placeholders or hidden IR (29.572917ms)
✔ actual typescript execution preserves booleans, arbitrary integers, negative division, overflow, contracts and effects (89.682458ms)
✔ actual python execution preserves booleans, arbitrary integers, negative division, overflow, contracts and effects (54.624458ms)
✔ actual rust execution preserves booleans, arbitrary integers, negative division, overflow, contracts and effects (607.023167ms)
✔ declared scalar kinds retain type declarations, surfaces, branch shape and contract metadata (11.906667ms)
✔ generic captured closures and tasks round trip and execute in typescript (98.132542ms)
✔ generic captured closures and tasks round trip and execute in python (56.986542ms)
✔ generic captured closures and tasks round trip and execute in rust (859.286083ms)
✔ generic/nested AST identities and visible type witnesses round trip; unsupported open contexts reject (341.494292ms)
✔ reference interpreter establishes nested generic container and capability results (2.670416ms)
✔ actual typescript generic/nested source edits preserve containers and reject false witnesses before effects (487.190958ms)
✔ actual python generic/nested source edits preserve containers and reject false witnesses before effects (120.849667ms)
✔ actual rust generic/nested source edits preserve containers and reject false witnesses before effects (929.960875ms)
✔ every declared AST kind has a representative exact-root TS/Python/Rust round trip (470.217375ms)
✔ new Cond/ForAll/Surface/Un/Yield fixture matches the reference runtime (0.707625ms)
✔ free type variables without a binding are explicitly rejected in all targets (1.5345ms)
✔ actual typescript completes five missing AST kinds (341.825167ms)
✔ actual python completes five missing AST kinds (44.819209ms)
✔ actual rust completes five missing AST kinds (3455.640458ms)
✔ actual typescript standard ledger preserves aliases, transfer/settle contracts and grants (113.270125ms)
✔ actual python standard ledger preserves aliases, transfer/settle contracts and grants (68.18025ms)
✔ actual rust standard ledger preserves aliases, transfer/settle contracts and grants (3391.954875ms)
✔ H1/H2: Rust and Python projections expose the same semantic functions (2.76725ms)
✔ H4: structural diff projection renders only changed graph paths (4.200333ms)
✔ H3: projection language server applies a text edit through a branch CAS (556.204625ms)
✔ J5: every AST kind has explicit projection support metadata (0.966833ms)
✔ J6: standard LSP frames decode incrementally and syntax errors become diagnostics (474.854875ms)
✔ V8 nested imports retain exact module/address identity and reject altered or missing dependencies (76.538209ms)
✔ V8 closes a transitive nested import inside an addressed dependency (1203.670833ms)
✔ actual typescript nested exact-address import executes the same result (398.548125ms)
✔ actual python nested exact-address import executes the same result (40.179917ms)
✔ actual rust nested exact-address import executes the same result (675.885916ms)
✔ edited nested TypeScript dependency rebinds its address and runs the changed program (85.534167ms)
✔ V10 keeps quantifier and Result binders local inside old snapshots (47.049042ms)
✔ V10 actual typescript old-binder execution sees pre-state (398.748ms)
✔ V10 actual python old-binder execution sees pre-state (41.73025ms)
✔ V10 actual rust old-binder execution sees pre-state (3737.289375ms)
✔ V16 keeps the pinned V15 source and runtime bytes in all three targets (28.148ms)
✔ Risk R3: parse(project(x)) is the identical node, not merely an equivalent one (10.115334ms)
✔ the round trip is idempotent under repetition (1.532ms)
✔ a human edit to the projection lands as a node mutation (7.379167ms)
✔ randomly generated expressions survive the round trip (4.535083ms)
✔ precedence is preserved without over-parenthesising (0.144459ms)
✔ an unsynthesized contract projects and parses as a body-less declaration (0.1855ms)
✔ out-of-scope identifiers are rejected rather than silently bound (0.228667ms)
✔ result and old are only special inside an ensures clause (0.05225ms)
✔ capabilities and provenance survive the projection (0.335125ms)
✔ the auditor view adds causal lineage without changing the code (3.396542ms)
✔ pinned Unicode17 tables cover every scalar mapping of the actual TypeScript reference (266.316583ms)
✔ V6 exact import closure round trips; missing, altered and unselected dependencies reject (379.494125ms)
✔ actual typescript linked imports and Unicode operations match TypeScript reference (589.898917ms)
✔ actual python linked imports and Unicode operations match TypeScript reference (705.670708ms)
✔ actual rust linked imports and Unicode operations match TypeScript reference (1529.346542ms)
✔ generated 11×5 valid contract contexts expose exact native projection misses (1065.415084ms)
✔ fresh guest qualification uses maximum of all preregistered guests and excludes controller RSS from guest scope (1.06025ms)
✔ fresh guest qualification rejects first-guest omission, repeats, malformed timing, invalid responses and incomplete cleanup (0.326125ms)
✔ fresh guest profile keeps approved numeric bounds and prohibits guest warmups/reuse (0.124917ms)
✔ initialized hypervisor campaign requires a destroyed empty VM/vCPU context and zero executed guest warmups (0.55775ms)
✔ V4-R02 native lowering explicitly rejects unbounded arithmetic, contracts and effects (2.621292ms)
✔ V4-R02 compiled native arithmetic agrees with TypeScript reference on signed limits, overflow and negative division (552.336541ms)
✔ R03: independent exact-arithmetic checker accepts an extracted nontrivial certificate (1.5405ms)
✔ R03: false, stale, malformed and oversized certificates fail without a solver (1.14ms)
✔ R03: integer-bound transformation and large exact values do not use floating point (0.285708ms)
✔ R01 finite OpSet schedules, merge algebra and quorum/equivocation campaign (214.831792ms)
✔ R01 cycles are suppressed, concurrent moves keep one occurrence, and content sharing does not alias occurrences (0.124958ms)
✔ R01 trash deletion, concurrent replacement and restoration have explicit deterministic precedence (0.096708ms)
✔ R01 exact fractional positions preserve order under concurrent allocation, moves and Lamport ties (3.456458ms)
✔ R01 fractional keys reject noncanonical and oversized values before projection mutation (7.327542ms)
✔ R01 same-ID equivocation is retained and quarantines dependents independently of first arrival (0.219417ms)
✔ R01 HotStuff requires all three certified phases; commits prevent conflicting higher-view prepare quorum (0.176292ms)
✔ R01 partitions stop quorum progress and view recovery extends highest certified branch (0.22125ms)
✔ R01 quorum intersection covers n=4 and n=7; duplicate/stale/family-monoculture votes fail (0.442458ms)
✔ R01 membership activation binds both committees to one terminal checkpoint and rejects stale epochs (0.261959ms)
✔ T1-04 actual-model evidence independently recomputes exact scores, labeled recall, timing summaries and retained artifacts (134.153458ms)
✔ I1: a mutating callee cannot make an impossible assertion prove vacuously (3.676541ms)
✔ I2: production elision rejects stale and assumption-dependent reports (7.509959ms)
✔ I3: truncated path exploration cannot report a proof (0.3975ms)
✔ I4: frame violations reject verification and architectural proofs (2.558375ms)
✔ I5: return expressions must match the declared return type (0.666833ms)
✔ I6: production compilation rejects unregistered capabilities (0.278958ms)
✔ I7: a fence only accepts a proof bound to the replacement node (0.211833ms)
✔ I8: every published tier subpath resolves after the package build (89.342917ms)
✔ I9: the containers target places every unit in a container (0.551167ms)
✔ the graph is structurally sound (0.754208ms)
✔ the dependency graph is acyclic (0.071417ms)
✔ feature ids are unique and well formed (0.186666ms)
✔ the document and the graph list the same features, in the same order (0.94575ms)
✔ every epic is represented and every feature belongs to one (0.116875ms)
✔ the generated section of the document is current (0.938125ms)
✔ the recommended first slice is closed under dependencies (0.089208ms)
✔ the first slice is actually startable, in order (0.077417ms)
✔ the critical path is a real path, and opinions are labelled as such (0.224875ms)
✔ C5 is off the critical path, as claimed (0.154333ms)
✔ wave numbers respect every dependency (0.105333ms)
✔ nothing is stranded: every feature is reachable from a startable one (0.094042ms)
✔ sizes are drawn from the declared scale (0.068667ms)
✔ every feature has evidence matching its completion status (5.067875ms)
✔ the two confirmed language holes agree with roadmap status (0.092708ms)
✔ the validator rejects a dependency cycle (0.110833ms)
✔ the validator rejects a dangling dependency (0.037708ms)
✔ the validator rejects an unknown epic (0.0375ms)
✔ the validator rejects a slice that is not closed (0.070584ms)
✔ the validator distinguishes a forced order from an opinion (0.063ms)
✔ the evidence check fails when a feature has actually been built (0.074458ms)
✔ FR-2.2: a body is synthesized from a contract alone and formally proved (18.864166ms)
✔ Risk R4: an unsatisfiable contract stalls and escalates to a human (8.9285ms)
✔ Risk R4: the iteration budget is a hard ceiling (2.186041ms)
✔ feedback from each stage is structured, not prose (1.024416ms)
✔ the search prefers a provable body over a merely-passing one (4.213042ms)
✔ an unprovable body is still shipped when nothing better exists (0.786917ms)
✔ a capability-using body still has to pass the capability checker (0.71975ms)
✔ FR-2.2: a body that breaks its contract is purged, not patched (3.001833ms)
✔ a purge records why the implementation was removed (2.388542ms)
✔ counterexamples accumulate across attempts (5.562208ms)
✔ binary DAG preserves grouped child identity, aliases, canonical scalar types and AE1 compatibility (12.153458ms)
✔ truncated, corrupted, trailing and noncanonical binary frames reject without any context mutation (5.219167ms)
✔ model framing rejects stale hashes, extra data, invalid versions and malformed AST scalar inputs (1.21025ms)
✔ AE2 escapes dictionary delimiters and controls without reinterpreting AE1 data (1.403041ms)
✔ AE3 preserves the exact full V7 corpus and every AST kind in both opcode profiles (1213.915583ms)
✔ reserved atoms, Unicode, leading-zero opaque IDs and AE1/AE2 archives retain identity (11.35ms)
✔ edits preserve grouped links, paired labels, optional slots and the immutable base (198.080584ms)
✔ truncation, stale bases, redundant edits, false roots and hostile field counts fail without changing state (15.952125ms)
✔ large edit sets fall back to a complete message without dropping changes (192.640084ms)
✔ snapshot input rejects getters, proxies, dropped fields and oversized inputs before using them (0.542334ms)
✔ AE5 exact-base warm references reconstruct every paid cold declaration (200.355917ms)
✔ AE5 refuses changed, stale, wrong-index, noncanonical and oversized references (51.089416ms)
✔ a fresh receiver process reconstructs the referenced declaration from the paid cold wire (166.538833ms)
✔ AE6 cold-bound references restore exact declaration and module roots without aliases (268.245208ms)
✔ AE6 root-bound literal edits preserve contracts and execute both failed and repaired outputs (114.567ms)
✔ AE6 rejects stale, noncanonical, wrong-root, out-of-scope and malformed wires (42.417625ms)
✔ AE6 edit is independently decoded in a fresh process from only the paid cold wire (211.865917ms)
✔ every node kind survives an Agent-IR round trip (45.309042ms)
✔ the worked example round-trips exactly (1.167333ms)
✔ a session dictionary is shared and warm messages remain smaller than the cold module (97.059792ms)
✔ FR-1.2: actual tokenizer accounting reproduces the ledger reference without asserting a false target (7.344083ms)
✔ a malformed stream is rejected rather than silently truncated (0.437584ms)
✔ BLAKE3 matches official unkeyed vectors (1.655708ms)
✔ BLAKE3 matches official keyed vectors (0.2635ms)
✔ BLAKE3 matches official derive_key vectors (0.084ms)
✔ keyed and derive_key are domain-separated from plain hashing (0.108709ms)
✔ extended output (XOF) is a prefix-consistent stream (0.075583ms)
✔ incremental updates equal one-shot hashing across chunk boundaries (2.562875ms)
✔ rejects keys that are not 32 bytes (0.205125ms)
✔ every admitted artifact and shared child resolves to all signed causal links after reopen and GC (860.002916ms)
✔ signed audit lineage refuses a missing physical spec, intent or artifact lease before collection (1749.182375ms)
✔ malformed lineage authority cannot authorize through string substring membership (507.5295ms)
✔ forged signatures, missing intent ancestry and mismatched evidence cannot authorize artifacts (554.968125ms)
✔ spec revisions invalidate every derived artifact, shared node and ancestor without a clear-flag bypass (827.139125ms)
✔ explicit signed reconciliation preserves historical causes while requiring new specification-bound evidence (770.8695ms)
✔ transitive specification parents propagate invalidation through derived clauses (641.814084ms)
✔ fences reject pruning, removed contracts and vacuous proofs from strengthened preconditions (1105.126291ms)
✔ strict promotion adapter requires full parent lineage and an explicit fresh precommit checkpoint (1098.93775ms)
✔ authority revocation during asynchronous preparation is rechecked before commit (752.313917ms)
✔ specification compare-and-swap rejects stale edits and missing initialized metadata fails closed (435.963291ms)
✔ actual SIGKILL before-state-publish preserves a complete old or new specification epoch (793.522917ms)
✔ actual SIGKILL after-state-publish preserves a complete old or new specification epoch (762.92325ms)
✔ a recomputed journal checksum cannot swap signed evidence or hide shared child lineage (1006.918917ms)
✔ an actual concurrent spec editor waits for the strict promotion admission lock (877.042125ms)
✔ external dependency AST content is persisted, pinned and linked to its signed artifact (763.078083ms)
✔ strict adapters are branded and renewed artifact authorization does not erase historical causes (728.384709ms)
✔ typed task state survives restart, preserves AST identity and separates claims from verified evidence (282.790042ms)
✔ ACL, compare-and-swap and retention deny unauthorized or stale changes (422.8775ms)
✔ expiry, subject binding and invalidated lineage fail closed (176.496666ms)
✔ asynchronous policy callbacks cannot become accidental authority (228.122ms)
✔ real signed artifact lineage binds a child-node board and later marks its evidence stale (696.222792ms)
✔ durable AST retains v1 addresses, grouped children, immutable values and dedup across reopen (323.14825ms)
✔ durable path copying preserves sibling hashes and fork writes no AST objects (303.929625ms)
✔ GC preserves committed history, explicit leases and both pending promotion roots (643.0375ms)
✔ promotion commit publishes target and releases pin atomically with generation CAS (407.693709ms)
✔ archives deterministically round-trip bigints and migration preserves old hashes (448.158208ms)
✔ archive hash, duplicate keys, unsupported versions and missing children reject without publication (223.244084ms)
✔ corruption is detected on cached reads/reopen, and live corruption prevents GC deletion (276.207584ms)
✔ persisted resource profile prevents reopen limit changes and rejects excess roots (159.495917ms)
✔ separate processes serialize root CAS; exactly one stale expected update succeeds (409.036958ms)
✔ concurrent process writers and GC retain every published lease and committed root (2175.1775ms)
✔ actual SIGKILL at before-object-publish recovers lock and exposes either complete lease or no lease (308.811916ms)
✔ actual SIGKILL at after-object-publish recovers lock and exposes either complete lease or no lease (342.015958ms)
✔ actual SIGKILL at before-root-publish recovers lock and exposes either complete lease or no lease (362.001625ms)
✔ actual SIGKILL at after-root-publish recovers lock and exposes either complete lease or no lease (389.932208ms)
✔ actual SIGKILL before-gc-delete resumes sweep without losing protected roots (389.920417ms)
✔ actual SIGKILL after-gc-delete resumes sweep without losing protected roots (372.033291ms)
✔ checksummed malicious archives reject incomplete, forged, duplicate and unreachable graphs (188.932291ms)
✔ untrusted input accessors, cycles and node capacity overflow reject before object publication (81.294625ms)
✔ missing root metadata fails closed on reopen instead of resetting GC protection (120.301958ms)
✔ actual SIGKILL commit before-root-publish retains complete old or new root state (363.119708ms)
✔ actual SIGKILL commit after-root-publish retains complete old or new root state (311.912791ms)
✔ actual SIGKILL promotion before-root-publish retains complete old or new root state (375.070375ms)
✔ actual SIGKILL promotion after-root-publish retains complete old or new root state (400.00475ms)
✔ retired lease and finalized promotion IDs cannot suffer delayed-release ABA after reopen (467.126583ms)
✔ actual initialization SIGKILL before-init-marker resumes only the empty genesis transaction (276.13325ms)
✔ actual initialization SIGKILL after-init-marker resumes only the empty genesis transaction (256.724667ms)
✔ actual initialization SIGKILL after-profile-publish resumes only the empty genesis transaction (263.738041ms)
✔ actual initialization SIGKILL before-root-publish resumes only the empty genesis transaction (257.565959ms)
✔ actual initialization SIGKILL after-root-publish resumes only the empty genesis transaction (243.685709ms)
✔ actual initialization SIGKILL after-init-seal resumes only the empty genesis transaction (255.684833ms)
✔ actual initialization SIGKILL before-init-clear resumes only the empty genesis transaction (256.854166ms)
✔ actual initialization SIGKILL after-init-clear resumes only the empty genesis transaction (244.105417ms)
✔ initialized stores refuse metadata deletion even with an empty object table (239.911875ms)
✔ initialization marker/profile corruption and object publication cannot be mistaken for empty genesis recovery (543.712542ms)
✔ replayed initialization marker cannot reset established state or recreate deleted roots (245.098958ms)
✔ existing initialized v1 metadata adopts a completion receipt without changing objects or roots (165.522208ms)
✔ corrupt completion receipt cannot be silently replaced by legacy adoption (86.309458ms)
✔ interrupted initialization refuses checksummed nonempty root metadata instead of resetting it (172.270791ms)
✔ read-only archive validation shares complete import checks without changing objects, roots or leases (200.837125ms)
✔ Tree-CRDT fractional allocator matches D04 exact rational model and distinguishes concurrent interval edits (11.292666ms)
✔ Tree-CRDT fraction bounds reject noncanonical input and exhaustion before publishing (0.32425ms)
✔ F1/F2: durable lineage queries export a verifiable signed audit (19.051167ms)
✔ F4: property-checked fence evidence requires a durable human approval (23.568083ms)
✔ F5: structural keys are indexed incrementally and survive reopening (24.880541ms)
✔ independent edits on disjoint statements merge cleanly (2.815667ms)
✔ insertions from both agents both survive (0.976583ms)
✔ identical edits by two agents converge instead of conflicting (0.46425ms)
✔ genuinely divergent edits to one expression are reported as a node conflict (0.350875ms)
✔ an untouched subtree of any size costs one pointer comparison (14.869042ms)
✔ a reformat-only change is invisible to the merge (0.305625ms)
✔ A1: graph objects survive process-local store instances (24.088083ms)
✔ A2: named roots resolve immutable commit history (25.7645ms)
✔ A3: provenance records, bindings, and invalidation flags are durable (16.298ms)
✔ A4: symbol names and allocator progress survive reopening (20.462209ms)
✔ A5/A6: GC keeps named history and fsck validates the repository (30.233208ms)
✔ A7: a packfile recreates objects, commits, and named roots (50.3035ms)
✔ A8: named-root updates use compare-and-swap semantics (26.457959ms)
✔ B6: exact-address imports resolve explicit symbols across modules (76.507125ms)
✔ nested exact-address imports link inside their owning module and execute without hoisting state (3.153416ms)
✔ unused declarative registration retires with independent dispatch proof, unchanged AST and retained source bytes (3464.0835ms)
✔ exported, protected and signed-fenced adapter consumers cannot be retired (3206.8105ms)
✔ active tasks, replay and unstable replication keep every referenced adapter; audit retains history without activating dead code (5019.602791ms)
✔ one retained executable reference combines its module and exact dependency declarations (2752.719833ms)
✔ retained executable dependencies without a module or with conflicting definitions fail closed (1974.504125ms)
✔ retained module with a missing dependency callee refuses retirement (981.025042ms)
✔ new retention before publication and unsigned candidate policy refuse advancement (2227.132625ms)
✔ retention publication fence serializes a task pin from another process (1163.818833ms)
✔ altered mapping, incomplete certificate and rehashed dishonest liveness fail independent validation (1811.975958ms)
✔ unresolved/dynamic retained execution and eager lifecycle registration fail closed (1168.263834ms)
✔ consumer validates with proof search physically replaced by a throwing stub (1906.006167ms)
✔ signed registry corruption and established state deletion cannot reset retired mappings (2109.329333ms)
✔ V2 sink retirement proves exact unused registration and rule removal without live mutation (1291.009166ms)
✔ exported, protected, fenced and retained sink consumers cannot retire (6158.381792ms)
✔ V2 sink retirement includes retained dependency capabilities and still removes unrelated sinks (2949.725084ms)
✔ V2 sink retirement rejects a retained dependency without its module (1071.73975ms)
✔ changed retention and dishonest liveness or table/rule edits fail independent verification (1341.503125ms)
✔ committed retirement proof remains auditable after later task pins but cannot be reused for a new commit (1244.040791ms)
✔ changed source/candidate roots, epochs and portable proof fail closed (1318.775375ms)
✔ independent verifier checks a portable proof when proof production is unavailable (1249.237417ms)
✔ descriptor binds only rewritten candidate Call objects and derives exact ordered event script (7.959875ms)
✔ candidate builder removes only the checked wrapper and preserves other direct calls (3.5555ms)
✔ checker refuses tampered script, site, root and forged digest even when resealed (8.333791ms)
✔ candidate Call object aliasing cannot turn an unrelated target call into a virtual site (1.347875ms)
✔ changed candidate, nonempty contracts and nonforwarding wrapper fail closed (2.051791ms)
✔ dynamic calls, annotation calls and absent rewritten sites are unsupported (1.151417ms)
✔ V2 one-wrapper proposal promotes signed V3 exact dependencies and retains predecessor (4069.326708ms)
✔ V2 refuses altered descriptor, substituted plans, stale lineage and retention (4173.209792ms)
✔ V2 committed decision recovers only with its exact persisted proposal (3689.121958ms)
✔ V2 ignores a caller-owned store pointer swapped after construction (4026.157583ms)
✔ V2 keeps its original export fence when caller-owned policy arrays change (1279.504ms)
✔ V2 recovery refuses a finalized retry after another writer moved the local head (3989.49175ms)
✔ V2 local pure execution requires the signed serving manifest and matching head (4335.367ms)
✔ V2 retention fence rejects a ledger for another store or policy (1162.724375ms)
✔ semantic GC proposes real dead declaration removal and pure wrapper collapse with portable equivalence and unchanged exports/effects/contracts (1545.575791ms)
✔ semantic GC requires signed exact lineage and governor promotion; rollback is a newly authorized reverse operation (5326.485667ms)
✔ semantic GC retains audit/replay/active-task/unstable-replication roots while sweeping actual unprotected garbage (2424.888042ms)
✔ semantic GC refuses relabeled unsafe rewrites and incomplete portable certificates (1641.62125ms)
✔ semantic GC retains signed formal fence symbols/nonempty contracts and accepts only valid fence schemas (1548.553667ms)
✔ semantic GC derives portable Boolean equivalence instead of relying only on integer test examples (1402.745416ms)
✔ semantic GC refuses unsupported nonlinear equivalence without changing the production head (1135.26625ms)
✔ semantic GC revocation during prepared promotion aborts the staged target; no commit is guessed (2200.572125ms)
✔ semantic GC activation recovery follows the committed governor decision and remains idempotent (2231.250917ms)
✔ semantic GC explicit background scheduling emits a durable candidate and stops without production publication (1447.102417ms)
✔ branch profile prunes symbolic/literal unreachable arms, preserves selected scopes/effects and removes newly unreachable declarations from the candidate (2543.759ms)
✔ legacy forwarder profile keeps branch syntax and cannot reopen a new branch-profile journal (1629.188417ms)
✔ legacy forwarder and flattened-branch proposals remain readable but cannot start new promotions (3814.407917ms)
✔ historical branch flattening changes a finite-step sink outcome and is barred from new promotion (2520.507833ms)
✔ fuel-preserving branch profile removes cold If calls but keeps exact reference-runtime effects and quota faults (3241.190083ms)
✔ fuel-preserving Cond profile removes the cold effect expression without moving its guard or chosen arm (2336.059ms)
✔ branch profile handles Cond expressions and definitely initialized local bindings without flattening blocks (1495.995917ms)
✔ branch pruning does not erase a condition call or its effects even when the callee always returns true (1599.584041ms)
✔ branch pruning does not treat an entry precondition or an earlier assigned value as a permanent branch fact (1341.175666ms)
✔ dead-branch cleanup and inverse rollback require fresh signed F08 authority and retain condition certificates through GC (8690.196917ms)
✔ branch proofs preserve contract and loop annotation identities while pruning a stable condition inside a loop (1754.469667ms)
✔ portable branch proof does not claim a partial division condition is universally total from an entry precondition (1312.537917ms)
✔ branch admission rejects missing/swapped certificates, invalid source sites, wrong-arm code and relabeled condition claims (2488.858542ms)
✔ branch analysis does not assume a local declared in only one syntactic arm is definitely bound (1320.607833ms)
✔ persisted branch witnesses are checked with the portable proof producer replaced by a throwing stub (2174.211166ms)
✔ scalar shim profile retires a non-forwarding arithmetic adapter with a portable total-equivalence certificate (1494.39775ms)
✔ scalar shim comparison handles Boolean conditional adapters that the uniform-branch profile cannot simplify (1137.505709ms)
✔ scalar shim redirection evaluates every original argument once and in order even when parameters are reused or unused (1394.12525ms)
✔ scalar shim retirement is opt-in; the branch-only profile retains non-forwarding adapters (950.061458ms)
✔ legacy scalar shim proof remains readable but a new quota-changing promotion is refused before preparation (1686.379542ms)
✔ scalar shim comparison refuses unequal, nonempty-frame and call-bearing implementations (4789.308583ms)
✔ V2 call-bearing scalar shim proves a closed helper expansion before redirecting live callers (2053.545208ms)
✔ V2 call-bearing shim keeps a helper with runtime contract checks or partial arithmetic (2453.363ms)
✔ V2 call-bearing shim refuses to erase an evaluated partial helper argument (1291.549542ms)
✔ scalar shim retirement preserves exports, explicit protection and signed fences even for equivalent bodies (3678.731792ms)
✔ transparent forwarding and general scalar shim proofs compose without target cycles (1818.965167ms)
✔ scalar shim admission rejects missing proofs, changed declaration identity and alternate result code (1659.078916ms)
✔ scalar shim certificates remain independently checkable with proof search disabled (1537.70875ms)
✔ indexed creation computes newly exposed nodes before generation publication and preserves exact AST hashes (394.914334ms)
✔ typed filters enforce declared purity, return type, capability, parent/child and nominal type dependency constraints (330.554584ms)
✔ context/spec/model changes cannot reuse stale vectors; explicit backfill switches complete snapshots (374.5885ms)
✔ failed inference retains old complete generation; finite canonical float32 encoding rejects malformed provider/wire values (465.277542ms)
✔ actual inference/update process SIGKILL at after-embeddings exposes old or complete new index generation (623.016417ms)
✔ actual inference/update process SIGKILL at before-generation-commit exposes old or complete new index generation (565.968417ms)
✔ actual inference/update process SIGKILL at after-generation-commit exposes old or complete new index generation (630.024208ms)
✔ self-consistent sidecar forgery cannot substitute stale structural/input metadata on reopen (286.350917ms)
✔ concurrent backfills serialize publication and reject a stale writer before its inference can overwrite the winner (307.327125ms)
✔ vector capture rejects accessor/proxy/sparse arrays without publishing and safely normalizes finite subnormals and maxima (426.164333ms)
✔ expectedInput binds the current indexed source, input digest and exact vector bytes (273.072208ms)
✔ actual initialization SIGKILL at after-init-marker resumes only the prepared empty index (274.906791ms)
✔ actual initialization SIGKILL at after-init-profile resumes only the prepared empty index (295.092792ms)
✔ actual initialization SIGKILL at before-init-head resumes only the prepared empty index (300.933417ms)
✔ actual initialization SIGKILL at rename-before-head resumes only the prepared empty index (309.120542ms)
✔ actual initialization SIGKILL at after-init-head resumes only the prepared empty index (331.473125ms)
✔ actual initialization SIGKILL at after-init-seal resumes only the prepared empty index (303.62275ms)
✔ actual initialization SIGKILL at before-init-clear resumes only the prepared empty index (300.632625ms)
✔ actual initialization SIGKILL at after-init-clear resumes only the prepared empty index (310.503791ms)
✔ completion receipt refuses established-head deletion and replayed initialization markers; legacy adoption never rewrites a head (341.786541ms)
✔ canonical encoding is order-independent and unambiguous (0.763166ms)
✔ hashing is deterministic and content-derived (2.714834ms)
✔ grouped child hashing keeps ambiguous shapes distinct (0.383791ms)
✔ FR-1.1: renaming a symbol invalidates no expression hash (1.369375ms)
✔ alpha-equivalent code shares a structural key but not an address (1.341375ms)
✔ structural sharing deduplicates repeated subtrees (0.986667ms)
✔ FR-1.1: mutation is a hash-tree update touching only the spine (7.771834ms)
✔ hydrate is the exact inverse of intern (0.39125ms)
✔ record literal field order does not affect identity (0.206625ms)
✔ unknown refs fail loudly rather than returning undefined (0.229ms)
✔ unstable replication pins source and inbound AST roots across a killed ingest, collection and process reopen (1790.525875ms)
✔ unstable replication refuses a missing authority, missing record, retired physical lease and mismatched identity (1760.9045ms)
✔ checkpoint transition pins next-epoch base before publication and retains old epoch roots after unanimous ACK (3382.099166ms)
✔ Tree-CRDT refuses an imported content frame before it can become durable when its AST is absent (855.368958ms)
✔ Tree-CRDT reopens a historically published frame lacking a lease by rebuilding current epoch roots before GC (870.066958ms)
✔ Tree-CRDT reopen fails closed on a durable frame whose required AST content is missing (891.722625ms)
✔ Tree-CRDT SIGKILL after inbound frame publication leaves its AST pinned for direct GC and reopened materialization (1158.729625ms)
✔ Tree-CRDT materializes actual CAS roots; shared content has independent occurrences and concurrent edits converge (4719.104ms)
✔ Tree-CRDT suppresses concurrent cycles deterministically and trash deletion remains restorable until certified collection (2335.13125ms)
✔ Tree-CRDT unanimous signed checkpoint reindexes and collects live tombstones without obsolete edit resurrection (3710.829542ms)
✔ Tree-CRDT invalid grouped roles, duplicate scalar children and invalid literal types stay candidates (1261.073875ms)
✔ checkpoint ACK validates full audit closure, canonical cut, exact projection, floor, roster and signatures before writing authority (1777.842292ms)
✔ actual SIGKILL at after-fence preserves durable fencing or certified epoch; same certificate retry is idempotent (1937.846208ms)
✔ actual SIGKILL at checkpoint-prepared preserves durable fencing or certified epoch; same certificate retry is idempotent (2200.494542ms)
✔ actual SIGKILL at checkpoint-committed preserves durable fencing or certified epoch; same certificate retry is idempotent (2182.4705ms)
✔ actual SIGKILL at checkpoint-collected preserves durable fencing or certified epoch; same certificate retry is idempotent (2244.4795ms)
✔ late equivocation and predecessors recompute the candidate deterministically after duplicate and reversed delivery (1695.109292ms)
✔ grouped While children remain distinct and converged semantic failures do not publish a production root (4384.162833ms)
✔ repeated certified epochs preserve live identity and clocks while stale archived restores cannot resurrect collected occurrences (4693.882625ms)
✔ missing causal predecessors prevent checkpoint certification and durable fence receipts resist metadata rollback (1085.832125ms)
✔ known post-fence signed extras prevent fresh certification while historical certified cuts remain arrival independent (1789.929792ms)
✔ honest partitioned inserts beyond the occurrence bound converge deterministically and leave deletion/checkpoint repair available (4017.851667ms)
✔ V3 Wasm descriptor binds bytes, fixed read-only semantics and finite resource limits (2.415834ms)
✔ V3 approved Wasm bytes run through a branded isolated adapter and actual durable broker (233.215917ms)
✔ approved exact adapter bytes mint one immutable code-provenance identity (82.190333ms)
✔ changed or malformed source fails before execution; descriptor mismatch cannot mint provenance (1.089792ms)
✔ caller mutation during asynchronous module import cannot relabel admitted source bytes (0.740375ms)
✔ V2 signs an import-free profile and admits local exports with import text in comments and strings (2.3065ms)
✔ dependency syntax is refused before either the adapter or imported module can run (3.230417ms)
✔ old V1 identity keeps import-capable behavior only through the explicit legacy admission profile (1.161125ms)
✔ unsupported adapter module syntax fails before top-level execution (0.3765ms)
✔ real witnessed sink settles one fixed charge, signed fence refund, and unknown reservation (5222.099291ms)
✔ one signed commit and one signed fence settle fixed charge and terminal refund (22.969875ms)
✔ policy digest is stable on reopen and changes with charge, trust roots and full request inventory (6.111875ms)
✔ outer settlement binds exact request, result, charge, owner and inner receipt (11.668416ms)
✔ witness outage and rollback never authorize charge or refund (5.022875ms)
✔ helper requires the branded witness and exact independently pinned identity (1.488083ms)
✔ direct-ledger alias cannot settle a different signed grant or reservation under the same five-field binding (8.814166ms)
✔ operator budget authority pins a real bridge and exact full requests before host config (138.2975ms)
✔ budgeted grant reference v3 binds host, target, reservation and signed policy without host config (0.891583ms)
✔ V2 sink table and signed V7 policy bind the same complete branded live map (9.694625ms)
✔ V2 sink table refuses forged, unmatched and re-signed registration identities (3.613583ms)
✔ empty V2 table admits only an exact-root module without any Invoke (3.107458ms)
✔ V5 policy binds an idempotent external write to signed deployment, sink and witness context (12.993541ms)
✔ V5 rejects variable targets, changed semantics, malformed context and unsorted rules (6.162542ms)
✔ V5 verification rejects stale or foreign manifests, signer, epoch and signature domains (5.26725ms)
✔ V6 signed dynamic segment selects exactly one tagged argument and preserves fixed rules (13.102625ms)
✔ V6 rejects missing, non-string, unsafe and malformed tagged path arguments (6.242541ms)
✔ V6 policy validates sorted bounded rules, write semantics and independent sink context (6.037708ms)
✔ V6 signatures and manifest binding cannot be substituted by V5 or another signer (4.844917ms)
✔ V7 signs the table digest and preserves V6 dynamic sink rule semantics (12.308542ms)
✔ V7 rejects stale table, AST, epoch, signer and V6 domain substitution (7.471042ms)
✔ V7 empty rules require a checked exact-root module with no Invoke anywhere (14.909459ms)
✔ V7 keeps V6 rule bounds and rejects malformed table identities (3.854125ms)
✔ signed resource policy binds extraction to exact manifest, repository, epoch, and Ed25519 signer (11.810458ms)
✔ v2 signed resource policy binds loader-admitted code bytes and refuses descriptor-only copies (6.59425ms)
✔ v3 policy signs import-free adapter artifact identity with independent signature domain (7.86ms)
✔ durable revocation and policy epochs prevent old grants regaining authority after restore/restart (218.79975ms)
✔ scope revocation covers descendants and preserves siblings (67.156041ms)
✔ missing or corrupted established epoch state fails closed; interrupted empty initialization recovers (129.527209ms)
✔ v4 isolated SMT path returns exact easy proofs and independently checked counterexamples (139.171167ms)
✔ short v4 deadline kills a child before it can return an unchecked answer (30.481166ms)
✔ an actual hard unsatisfiable query is cancelled without fabricating a proof (131.918459ms)
✔ bounded input validation rejects cycles, accessors, bad scalars and oversized literals before spawning (0.44425ms)
✔ opt-in v4 function verification uses the process cutoff and refuses a wider budget (69.897875ms)
✔ bounded import-free i32 guest executes through an EffectAdapter with exact source identity (153.039584ms)
✔ imports, unbounded/oversized memory and wrong function signature fail at admission (294.730166ms)
✔ memory.grow respects the declared maximum and malicious infinite loop is killed (723.392834ms)
✔ worker rejects forged or tampered IPC identity before running guest code (289.587875ms)
✔ durable broker records child crash as indeterminate, then reconciles pure computation and allows new effect ID (398.58925ms)
✔ Wasm preflight rejects invalid i32 before dispatch while valid requests still execute (297.021916ms)
✔ authorization denies before pure preflight; adapters without preflight keep their existing dispatch behavior (129.660625ms)
✔ B1: Result constructors and exhaustive matching execute in both runtimes (2.972208ms)
✔ B2: immutable sequences support index, length, map, and fold (3.642458ms)
✔ B3: closures capture lexical values and carry an explicit capability type (0.9535ms)
✔ B4: generic functions infer and consistently substitute type variables (0.994084ms)
✔ B5: string operations are Unicode-aware and available in both runtimes (1.473083ms)
✔ B7: fixed-width integers enforce wrap, saturate, and trap policies (0.888875ms)
✔ E1/E3: spawned tasks await deterministically and atomic faults roll back writes (0.789959ms)
✔ legacy sealed tokens reject malformed shape, wrong scope and exact expiry (0.788833ms)
✔ legacy opaque scope attenuation cannot mint a different audience or outlive parent (0.290708ms)
✔ invalid trusted clocks fail closed before token issue or verification (0.093ms)
✔ portable kernel derives complete integer and propositional counterexample coverage (10.047ms)
✔ portable kernel splits conditional arithmetic and uses exact large signed integers (1.916083ms)
✔ portable kernel rejects altered subjects, missing cases, trust fields and false multipliers (1.346208ms)
✔ portable kernel keeps unsupported theories and resource exhaustion unproved (1.429542ms)
✔ portable raw formula boundary rejects changing goals and malformed nodes without invoking getters or traps (0.247625ms)
✔ portable certificates agree with concrete integer/Boolean evaluation on a varied formula corpus (21.3095ms)
✔ portable formula consumer runs in an isolated process with no producer or solver files (78.149542ms)
✔ independent derivation binds full AST/spec/manifest and produces deterministic checked increment obligations (8.424291ms)
✔ false postconditions remain false under concrete counterexamples and cannot receive certificates (1.265416ms)
✔ both if branches and missing-return paths are represented (2.861417ms)
✔ short-circuit evaluation guards call preconditions on only the evaluated path (3.424458ms)
✔ modular calls bind old input separately from mutable callee post-state parameters (4.980083ms)
✔ loop induction derives initialization, preservation, ranking and postcondition proofs without unrolling (6.156ms)
✔ loop havoc prevents proving exit values from stale pre-loop mutable bindings (1.803834ms)
✔ external declarations are hashed and complete transitive local/external closure is mandatory (2.9615ms)
✔ property clauses, recursion, missing ranking and unsupported heap/fixed-width types stay unproved (2.83275ms)
✔ lexical locals do not escape their block and malformed scalar bindings cannot hide behind certificates (0.501875ms)
✔ resource limits tighten only and independent source has no verifier/solver/evidence dependency (0.507958ms)
✔ an assertion is a required proof obligation before its condition may be assumed (1.194209ms)
✔ input accessors, path explosion and aggregate formula budgets reject deterministically (1.354208ms)
✔ certified arithmetic, branching, scoped mutation and loop programs agree with actual reference execution (23.843834ms)
✔ unreachable statements still require lexical binding, scalar sorts and valid assignment targets (3.780667ms)
✔ malformed declaration arrays and unknown AST fields cannot receive portable certificates (0.767875ms)
✔ dead nonlinear arithmetic remains unsupported while constant-factor arithmetic is certified (1.574625ms)
✔ portable bundle round-trips and admits a closed compiled artifact with entry checks retained (30.272584ms)
✔ portable bundle refuses stale execution dimensions, incomplete coverage and exchanged formula proofs (15.516125ms)
✔ portable proof consumer resolves actual dependency bodies and compilation rejects external replacement hooks (9.176333ms)
✔ portable certificates cannot be relabeled for a semantically false edited AST (11.047709ms)
✔ independent AST certificate consumption works with original solver, verifier and producer absent (97.474667ms)
✔ C5: proofs are reused by exact declaration address across processes (10.593791ms)
✔ C6: incremental verification rechecks changed functions and transitive callers only (3.126416ms)
✔ portable certificate proves bounded alias success and exact distinct-reference classification (104.985208ms)
✔ proof cannot authorize a changed selected declaration or a false alias contract (74.356625ms)
✔ proof excludes arbitrary signed i64 and nonterminating or faulting syntax (53.562834ms)
✔ portable range goals refuse a source edit that can overflow signed i64 (56.9335ms)
✔ distinct postcondition admits right = old left + 1 and aborts on right = old left + 100 (1112.21475ms)
✔ actual broker dispatch reserves before sink, charges once, and returns only unused handles across restart (640.046708ms)
✔ declared exhaustion outcome selects a host fallback and never dispatches a second sink operation (546.853291ms)
✔ transactional revocation abort writes terminal evidence before refunding the inflight reservation (509.748875ms)
✔ nontransactional predispatch refusal refunds only after durable broker noncommit (505.1715ms)
✔ missing sink and missing terminal broker decision leave nontransactional funds inflight (316.319208ms)
✔ process death at each terminal refund handoff recovers the exact broker noncommit (2821.975125ms)
✔ sink-committed uncertainty reconciles the same effect without a second dispatch or charge (688.1005ms)
✔ actual replay/shadow/speculative brokers do not call budget hooks, and direct isolated hooks refuse (727.894625ms)
✔ changed request/result and forged bridge journal are refused without billing another effect (593.164875ms)
✔ noncanonical base64 spelling of a valid journal signature is rejected (168.268667ms)
✔ actual SIGKILL at bridge/ledger handoff boundaries preserves reservations and terminal charges (5021.09525ms)
✔ external budget heads restore old local copies and reject same-revision edits (4492.3815ms)
✔ budget witness outage refuses read, reserve and fresh reopen (2683.580667ms)
✔ SIGKILL after ledger or bridge witness CAS restores a reservation before retry (6336.094583ms)
✔ SIGKILL after witnessed charge intent or ledger charge never bills twice (6833.978792ms)
✔ signed linear split, transfer and merge preserve all four resource units and invalidate copied inputs (347.7255ms)
✔ reserved/start/consume charges each dimension exactly and returns only unused balance (412.976291ms)
✔ inflight refund requires independently stored terminal noncommit evidence; unknown and timeout claims stay encumbered (307.832125ms)
✔ unused reservation refunds without dispatch; overcharges and forged settlements cannot free funds (295.223916ms)
✔ exhaustion is durable and retry-bound, without consuming or inventing units (297.038667ms)
✔ amount, owner, signature, epoch, cross-ledger and split-conservation violations fail before debit (210.926875ms)
✔ current authority and settlement evidence are rechecked immediately before publication and on retries (297.381ms)
✔ committed charge persists across actual Aether heap rewind and fresh ledger instances (212.730417ms)
✔ actual process deaths at each initialization publication recover without minting another genesis (750.939708ms)
✔ actual SIGKILL at every mutation publication boundary recovers old-or-new state and exact retry (1708.376291ms)
✔ sink-committed charge survives a death before receipt acknowledgment; retry never bills twice or refunds (780.101792ms)
✔ four real processes contending with copied handles cannot double-spend any resource (387.728084ms)
✔ four processes retry one exact intent, while disjoint split reservations remain independently usable (676.216958ms)
✔ signed journal tampering, established deletion and copied authority directories fail closed (159.422667ms)
✔ settlement evidence is checked again after journal preparation; disappearance cannot refund or charge (254.514833ms)
✔ dispatch-start versus unused-reservation cancellation has only one linear winner across processes (453.5885ms)
✔ large exact values and structured effect identities avoid rounding and delimiter collisions (225.721291ms)
✔ F3: the operator console persists revocation state and its audit trail (11.674667ms)
✔ v2 grants bind audience, resource, lifetime and policy before dispatch (2.510166ms)
✔ attenuation requires a declared call edge, narrower scope and no longer lifetime (1.389791ms)
✔ forged, revoked, narrowed-scope revoked and stale-policy grants fail before a sink action (0.503459ms)
✔ malformed grants and invalid issuance inputs fail closed (0.263958ms)
✔ propositional reasoning (1.200583ms)
✔ linear arithmetic: valid implications are proved (0.949875ms)
✔ linear arithmetic: invalid implications yield a runnable counterexample (0.218208ms)
✔ integer tightening beats rational reasoning (0.142542ms)
✔ unsatisfiable conjunctions are detected (0.323833ms)
✔ satisfiable systems return a validated model (0.121292ms)
✔ the PRD transfer contract is discharged (0.228209ms)
✔ nonlinear terms are abstracted congruently and stay sound (0.2315ms)
✔ ite is encoded exactly, not abstracted (0.291125ms)
✔ the solver honours its time budget (250.590375ms)
✔ SMT-LIB output is a runnable script (0.264542ms)
✔ C1: external SMT fallback is capability-bounded and only trusts proofs (0.583583ms)
✔ C4: uninterpreted applications obey congruence (0.202709ms)
✔ FR-2.1: a business rule parses into mathematical relations (3.647833ms)
✔ FR-2.1: one rule propagates to every layer it names (0.986667ms)
✔ FR-2.1: compiled clauses are verifiable contracts, not documentation (3.662209ms)
✔ FR-1.3: changing a rule invalidates every subtree derived from it (3.717958ms)
✔ an architectural guard from a spec blocks unexplained deletion (1.027833ms)
✔ comments are ignored without shifting clause positions (0.327417ms)
✔ a comment marker inside a string literal is not treated as a comment (0.184583ms)
✔ malformed specifications are rejected with a line number (0.284084ms)
✔ clock identity binds the operator authority and domain, and cannot be forged structurally (1.729083ms)
✔ grant interval and signed broker deadline use the independent ms clock at exact boundaries (0.307625ms)
✔ each check reads one synchronous independent time and revision sample (0.372417ms)
✔ unavailable, asynchronous and invalid clock sources fail closed (0.679666ms)
✔ time and revision rollback fail closed without accepting the bad sample (0.132083ms)
✔ an already provisioned anchor retains its operator callbacks (0.109291ms)
✔ the worked example type-checks clean (3.564625ms)
✔ FR-2.3: an ungranted capability is a compile error, not a runtime check (0.483833ms)
✔ FR-2.3: authority cannot be escalated across a call (0.344208ms)
✔ FR-2.3: a pure function may not hold capabilities at all (0.23ms)
✔ a sandboxed envelope grants nothing but pure computation (0.069584ms)
✔ nominal money types do not silently mix with bare integers (0.274125ms)
✔ scaling a dimensioned value by a scalar is allowed; squaring it is not (0.237625ms)
✔ old() and result are rejected outside an ensures clause (0.208333ms)
✔ unknown fields and missing returns are caught with a usable path (0.518125ms)
✔ C8: owned parameters enforce separation at call sites (0.225625ms)
✔ FR-2.2: the PRD transfer contract is discharged formally (6.803459ms)
✔ a broken implementation is refuted with a runnable counterexample (1.919ms)
✔ frame conditions catch writes the contract did not declare (1.173791ms)
✔ an un-ruled-out aliasing assumption is reported, not hidden (1.150417ms)
✔ loop invariants and a variant are verified without unrolling (3.810708ms)
✔ a loop with a non-decreasing variant is refuted (0.363416ms)
✔ tiered rigor: property clauses never reach the solver (2.530208ms)
✔ NFR 6.2: verification stays inside its per-function budget (3.919291ms)
✔ a callee contract is used modularly at the call site (1.050875ms)
✔ every obligation carries a runnable SMT-LIB script (1.08325ms)
✔ C2: finite sequence length and constant select reduce exactly (0.307958ms)
✔ C3: bounded quantifiers expand into finite proof obligations (12.611917ms)
✔ C9: a monotone loop gets an inferred variant and an opaque loop is delegated (0.689667ms)
✔ active task pins module and dependency before the first frame and survives collection before any checkpoint (1968.998334ms)
✔ active task rejects missing marker and cannot recreate it from existing pins (841.612417ms)
✔ active task rejects missing retention record, lease, and altered marker before continuing (1930.067083ms)
✔ active task refuses a forged authority and program digest before publishing a frame (339.22775ms)
✔ one execution identity cannot silently switch its manifest after an active pin (623.171958ms)
✔ actual process death after start and before first checkpoint keeps active roots recoverable (2167.44525ms)
✔ direct checkpoint pins exact module and external dependency before head publication and survives draft release, collection, and reopen (1500.078542ms)
✔ direct checkpoint rejects missing marker, replay records, graph leases, and collector profile on load and reopen (5320.143584ms)
✔ direct checkpoint rejects altered marker and cannot attach retention to a legacy journal (1441.255167ms)
✔ direct replay authority rejects a forged program digest before journal publication (387.73875ms)
✔ direct checkpoint before-head-publish fault leaves valid prior or next head with all replay pins (2010.649583ms)
✔ direct checkpoint after-head-publish fault leaves valid prior or next head with all replay pins (1987.963333ms)
✔ actual process death before-head-publish keeps direct checkpoint replay roots (2239.499458ms)
✔ actual process death after-head-publish keeps direct checkpoint replay roots (2341.333792ms)
✔ R2: the two runtimes agree on every generated case (465.554209ms)
✔ R2: a proved clause is elided; an unproved one is kept (13.224583ms)
✔ R2: eliding a proved clause cannot change an observable outcome (1112.136167ms)
✔ R2: a precondition is elided only when every call site proved it (11.650042ms)
✔ R2: security is not telemetry — capabilities survive stripping (4.487459ms)
✔ R2: an ungranted capability fails to compile, not at runtime (0.41075ms)
✔ R2: the stripped artifact is materially faster than the journaling one (37.2795ms)
✔ R2: loop invariants and variants carry no runtime cost (8.444459ms)
✔ R2: the compilation report says exactly what is unchecked and why (7.921083ms)
✔ R2: with no verification result, nothing is elided (1.172875ms)
✔ R2: a contract that does fail still faults in production (7.74275ms)
✔ G4: production telemetry sampling is opt-in and rate bounded (1.099541ms)
✔ F04 integration: both runtimes route effects through durable receipts and idempotent retry (160.465541ms)
✔ F04 integration: replay produces identical transfer state without executing the sink (68.745541ms)
✔ F04 integration: unknown commit remains structured through development, production and host dispatch (208.924792ms)
✔ F04 integration: code identity and isolated fork authority are enforced before dispatch (14.23625ms)
✔ authorized broker recovery rejects altered host arguments before querying sink status (133.217584ms)
✔ independent scalar Tier 2 proof binds the exact executed declaration and runtime profile (133.272083ms)
✔ conservative proof rejects edited body, missing coverage and changed full context (13.136417ms)
✔ Tier 1 faults restore shared aliases and allocator before real Tier 2 execution (278.769375ms)
✔ Tier 1 success bypasses Tier 2; both-tier faults commit only deterministic safe abort (423.532584ms)
✔ missing fallback grants and current revocation never regain authority or publish speculative state (639.1655ms)
✔ argument and exact retry identity validation precede fallback execution (330.973ms)
✔ durable asynchronous repair outbox survives failed delivery and deduplicates by stable event ID (536.114583ms)
✔ real process death before publication restores safe state; committed result is not replayed (1809.1ms)
✔ signature/contract mismatch, effects/tasks and altered durable state fail closed (103.089333ms)
✔ noncanonical spelling of a valid fallback journal signature is refused (70.895458ms)
✔ entry/loop guard exhaustion takes the permitted fallback after restoring writes (253.950792ms)
✔ SIGKILL after repair delivery before acknowledgment redelivers the same durable event ID (553.003ms)
✔ all declared real-runtime schedules, materialized resources, network faults and out-of-order events survive (174.174583ms)
✔ lost updates fail actual interleavings; shrinking preserves all operations and exact durable replay (238.699209ms)
✔ zero-exclusion admission refuses missing coverage even when all calls succeed (174.62ms)
✔ complete enumeration cannot be silently capped or actor steps excluded on replay (21.2865ms)
✔ seeded failures shrink integer inputs toward a reproducing minimal boundary (99.272583ms)
✔ precondition filtering is explicit failed coverage, never success (175.311958ms)
✔ serialized success bits and mutated reports cannot issue campaign admission (196.723416ms)
✔ persisted counterexample tampering fails and caller manifest changes do not alter admitted profile (267.84975ms)
✔ live/opaque effects fail explicitly instead of inheriting implicit successful Unit dispatch (174.767917ms)
✔ real SIGKILL around immutable report publication leaves complete artifacts and permits safe replay (613.36425ms)
✔ undelivered frames, instruction exhaustion and ambiguous actor identities cannot be hidden (241.888416ms)
✔ signed exact effectful candidate executes every case with durable broker evidence and local admission (218.797333ms)
✔ a second signed module root is admitted without a fixture-specific execution path (210.10025ms)
✔ changed candidate, campaign, signed response, policy, or signer fails before dispatch (17.982958ms)
✔ unknown post-dispatch outcome and precondition filtering cannot be admitted (443.495458ms)
✔ local admission rereads durable sink evidence instead of trusting the report object (234.027625ms)
✔ effectful counterexamples replay after reopening and durable reports are admission inputs (552.008292ms)
✔ a preread effect execution cannot be counted as a fresh campaign run (111.688292ms)
✔ FR-3.2: the worked example passes its micro-world suite (60.738041ms)
✔ NFR 6.1: a local module harness completes within 250ms (48.023709ms)
✔ FR-3.2: a broken implementation is rejected, not merely reported (65.605041ms)
✔ counterexamples are shrunk to something an agent can read (31.420875ms)
✔ the frame property catches a clobbered neighbouring field (38.293083ms)
✔ an unbounded loop is caught as a liveness hazard (116.101167ms)
✔ FR-3.2: the aliased case is actually generated (0.933583ms)
✔ an effect outage must surface cleanly, not as a broken postcondition (1.592625ms)
✔ a lost-update race is reported as an advisory, not a rejection (4.2005ms)
✔ NFR 6.2: a reported counterexample replays exactly from its seed (13.991583ms)
✔ generation is boundary-biased and yield is reported honestly (4.08525ms)
✔ shrinking moves strictly towards simpler values (0.10375ms)
✔ E2: systematic schedule exploration enumerates the lost-update interleaving (0.295625ms)
✔ actual fallback AST lowers to native bodies and matches state, aliases and tiers (10368.168291ms)
✔ native snapshot bridge rejects stale refs and malformed direct frames (836.842667ms)
✔ checked record proof changes exact native artifact identity and preserves snapshot outcomes (4120.949167ms)
✔ native lowering refuses stale manifests, unadmitted edits and unsupported effects (62.821042ms)
✔ native packed candidate becomes one authorized, replayable correction event (150.204709ms)
✔ stale, altered, unauthorised and identity-changing candidates leave runtime state untouched (200.186125ms)
✔ v2 UTF-8 dictionary round-trips distinct bytes, duplicate values, aliases, and canonical v1 shape (5.225167ms)
✔ string mutation compacts dictionary and rejects oversize or malformed Unicode without changing state (2.411792ms)
✔ dictionary and per-field UTF-8 limits reject excess without partial output (346.908209ms)
✔ v2 rejects wrong offsets, malformed UTF-8, invalid codes, bounds, duplicate dictionary entries, and altered digests (1.956709ms)
✔ seeded 256-row string differential and layout migration preserve logical values (3375.722292ms)
✔ real resumable v2 checkpoint restores strings and aliases; rehashed dictionary tamper fails trusted logical digest (34.136583ms)
✔ bit-packed records round-trip exact values, self-cycles, and two aliases to one target (3.898042ms)
✔ bounds, offset, identity, epoch, padding, kind, and image corruption fail closed (3.826ms)
✔ constant bounded field uses zero payload bits and refuses any other value (0.328334ms)
✔ bounded arithmetic obeys trap, wrap and saturate without partial mutation (1.008875ms)
✔ new layout migration preserves logical rows; narrow migration rejects out-of-bounds values (1.825291ms)
✔ deterministic 256-row differential preserves random aliases and mutations (37.929417ms)
✔ real resumable runtime checkpoint packs, unpacks, restores, and retains aliases after correction (48.542917ms)
✔ live rewind across committed effects consumes stable broker receipts and never redispatches the sink (364.457834ms)
✔ replay and shadow checkpoints restore the recorded effect prefix without any live adapter invocation (491.13575ms)
✔ actual process death before-effect resumes nested frames/tasks without duplicate effects (540.418791ms)
✔ actual process death after-effect resumes nested frames/tasks without duplicate effects (552.276ms)
✔ actual process death after-sink-before-receipt resumes nested frames/tasks without duplicate effects (617.085875ms)
✔ actual process death before-event-publish leaves a complete prior or next durable checkpoint (624.933917ms)
✔ actual process death after-event-publish leaves a complete prior or next durable checkpoint (628.161083ms)
✔ actual process death before-checkpoint-publish leaves a complete prior or next durable checkpoint (633.555667ms)
✔ actual process death after-checkpoint-publish leaves a complete prior or next durable checkpoint (632.259917ms)
✔ actual process death before-head-publish leaves a complete prior or next durable checkpoint (652.240166ms)
✔ actual process death after-head-publish leaves a complete prior or next durable checkpoint (656.332458ms)
✔ precommit exception after sink success rolls back machine state and safely retries the durable receipt (229.800417ms)
✔ multiple record allocations keep replay identity after reconciled effects and across live/replay modes (386.549375ms)
✔ resume rechecks trusted host authority and rejects a forged machine effect prefix before moving broker cursor (241.871167ms)
✔ malformed string and duplicate-array capability providers cannot authorize checkpoint execution (5.82275ms)
✔ byte quota refusal after a committed effect preserves a reloadable checkpoint and its reusable receipt (249.054791ms)
✔ fresh isolated runtimes restore buffered intent outcomes and rewind their active buffers without dispatch (88.032833ms)
✔ grant and broker callbacks cannot revoke the host envelope and still reach a live sink (89.169375ms)
✔ non-Unit effect values cannot violate the language Invoke return contract (76.404792ms)
✔ production resumable factory persists active frames and resumes through public checkpoint API (282.071584ms)
✔ nonempty nested frames and a pending task resume from real durable checkpoints with identical state/events (303.05475ms)
✔ rewind restores active frames and registers and deterministically reexecutes the same continuation (136.180834ms)
✔ fresh process opens a mid-call checkpoint with pending task and completes the actual continuation (343.050875ms)
✔ closure captures retain capture-time scopes and shared sequence/result identity through resume (45.677833ms)
✔ record aliases/cycles and native inspection survive rewind and restore (8.566417ms)
✔ post-rewind externally held future references cannot alias divergent new allocations (2.664833ms)
✔ checkpoint validation rejects stale code/schema, corrupt frame PCs and altered inverse events (12.637375ms)
✔ durable checkpoint heads use generation CAS and verify separately persisted event bytes (162.305917ms)
✔ failed host allocations/corrections and precommit exceptions leave no unjournaled state (60.769625ms)
✔ asynchronous correction policy cannot authorize local or heap mutations (10.055834ms)
✔ retained rewind appends checked inverse history and cannot masquerade as version 1 (84.115167ms)
✔ fresh-process replay preserves allocation identity while divergence rejects a held future handle (233.684709ms)
✔ sequence callbacks, Result matching, fixed arithmetic, strings and quantifiers survive intermediate checkpoints (1429.031208ms)
✔ Atomic preserves successful return and restores heap on faults while keeping snapshots valid (59.887291ms)
✔ cumulative checkpoint byte refusal preserves the last complete rewindable safe point (20.657916ms)
✔ typed entry/allocation boundaries and serialized generic bindings reject incompatible values (9.872375ms)
✔ step quota options and every reconstructed inverse state are validated before restore (19.277917ms)
✔ nullable generic and checkpoint fields accept only null or their declared value schema (13.965125ms)
✔ normal return commits atomic heap updates in both runtimes while faults restore them (3.833209ms)
✔ the worked example executes and satisfies its contract (0.805709ms)
✔ a violated precondition is a structured fault, not an exception to parse (0.374917ms)
✔ the aliasing case the verifier assumed away is reachable here (0.238208ms)
✔ FR-3.1: execution rewinds to an exact prior state (0.504917ms)
✔ FR-3.1: stepping back N steps lands between two writes (4.850041ms)
✔ NFR 6.1: a checkpoint rollback completes well inside 15ms (4.321583ms)
✔ FR-3.1: micro-forks explore candidate repairs independently (1.176208ms)
✔ agents read structured state, never a byte stream (0.529667ms)
✔ a capability the function does not hold is denied at runtime too (0.185834ms)
✔ §5: an operator can revoke a capability without redeploying (0.413167ms)
✔ runtime arithmetic agrees with the verifier on truncating division (0.115209ms)
✔ division by zero and the step budget are faults, not hangs (0.429666ms)
✔ a postcondition failure names the clause that broke (0.201542ms)
✔ compiled virtual forwarding retains wrapper and target guard denial timing before effects (30.243333ms)
✔ existing direct target calls do not acquire a virtual wrapper guard (18.177667ms)
✔ compiled consumer rejects a tampered descriptor and a changed candidate (2.302959ms)
✔ virtual target must be compiled locally, even when a remote call handler exists (2.446583ms)
✔ virtual forwarding cannot reuse v4 vetted admission for the candidate alone (0.781834ms)
✔ virtual forwarding cannot bind an effect router to the candidate root alone (0.736875ms)
✔ compiled virtual calls retain the checked candidate after caller mutation (3.015583ms)
✔ checked opt-in compiles exactly the source bytecode with archived wrapper frames (21.723208ms)
✔ tight bytecode quotas, effect instruction timing, direct calls and frames match source (4659.542167ms)
✔ checkpoint after entering the archived wrapper restores and resumes identically (173.8225ms)
✔ fresh process restores the archived wrapper frame and reaches the same result (313.116333ms)
✔ direct replay retention keeps a virtual wrapper and target available after collection (6824.642708ms)
✔ unadmitted effect broker and ProcessHost routes reject the profile before side effects (1.787208ms)
✔ descriptor, archived declaration and manifest identity mismatches fail before execution (13.124584ms)
✔ checked virtual forwarding preserves exact finite-fuel faults, frames, callbacks and effects (310.999459ms)
✔ virtual forwarding is bound to the exact candidate and leaves original direct calls alone (3.752167ms)
✔ loaded virtual forwarding retains checked AST bytes after caller mutation (2.255ms)
✔ a target fault retains the archived wrapper frame and fault bindings (52.705625ms)
✔ virtual forwarding refuses an effect router until its manifest binds the sidecar (0.878209ms)
✔ strict topology direct pure setter denies every malformed, excess and narrowed grant without heap publication (108.581584ms)
✔ strict real worker pure setter denies the same grant matrix before recording or publishing state (947.621458ms)
✔ D1: the topology host executes functions through their planned unit (8.026458ms)
✔ D2/D3: wire calls require sealed authority and expose partition semantics (5.049166ms)
✔ v2 topology dispatch binds grants to target function, generation and current epoch (7.271334ms)
✔ strict topology dispatch rechecks a grant after the initial boundary check (3.321875ms)
✔ pure state-changing strict topology entry requires a current audience-bound invocation grant (0.941583ms)
✔ strict topology effect callbacks recheck revocation before each sink (2.184208ms)
✔ strict topology closure entry rechecks authority after revocation (2.274666ms)
✔ strict topology router boundary rechecks revocation before the next live adapter (1.973625ms)
✔ durable grant revocation survives restart at a real topology dispatch boundary (124.6025ms)
✔ D4/D5: a quiescent function moves live and host traffic becomes slicer telemetry (6.202334ms)
✔ J4: cross-unit calls execute through isolated per-unit runtimes (0.591958ms)
✔ Mach-O load-path resolution rejects missing and ambiguous native dependencies (3.31825ms)
✔ worker manifest pins transitive non-system libraries and macOS cache identity (17385.772416ms)
✔ V4-F01/G1: ledger state, aliases and future calls survive movement and source removal (13.051875ms)
✔ V4-F01/G2: cross-unit nested calls observe the authoritative heap instead of stale duplicates (6.8055ms)
✔ V4-F01/G2: runtime-created records across units use globally coordinated local addresses (1.44675ms)
✔ V4-F01/G2: snapshots preserve cyclic record references and isolate nested containers (3.66725ms)
✔ V4-F01/G3: invalid snapshots fail atomically before replacing the current heap (1.512833ms)
✔ V4-F01/G3: no-op, stale generation, invalid target and prepare failures retain usable state (6.362458ms)
✔ V4-F01/G3: a live effect cannot move an active state domain (2.807708ms)
✔ V4-F01/G3: migration retains edge, isolation, memory and single-writer restrictions (16.576875ms)
✔ V4-F01/G2: map and fold callbacks remain callable after their unit changes (2.091834ms)
✔ V4-F01/G2/G3: cross-unit opaque continuations see current state and block unsafe migration (1.248417ms)
✔ V4-F01/G2: host movement retains nested cyclic and aliased state used by other functions (3.154875ms)
✔ F07 state transfer treats JavaScript prototype names as ordinary record fields (1.289084ms)
✔ native runner validates a complete Tier 2 frame against independent exact-source execution (994.268834ms)
✔ native runner requires exact Tier 3 rollback and rejects changed artifact and proof identities (991.168416ms)
✔ native runner refuses symlinked and mismatched artifact bytes before launch (681.826875ms)
✔ V2 runner executes a private copy of digest-pinned bytes and binds an unforgeable native run (447.982709ms)
✔ opt-in config/15 releases active pins from the host witness and reopens with replay intact (7254.161167ms)
✔ reopen reconciles a committed host decision interrupted before active pin release (6116.645833ms)
✔ witness outage, rollback, forged terminal receipt and altered marker block released-host reopen (20993.54525ms)
﹣ child crash driver (0.144875ms) # SKIP
✔ real controller death on both sides of active release reopens from the witnessed decision (14109.445625ms)
✔ V10 Deployment postcommit recovery across real controller SIGKILL (12276.04725ms)
ℹ {"crashSignal":"SIGKILL","controllerPid":55165,"servicePids":[55031,55029,55030],"workerPids":[55073],"sinkRevision":"1","effectRevisionBefore":"4","effectRevisionAfter":"5"}
✔ V10 Deployment pre-sink recovery across real controller SIGKILL (7166.758625ms)
ℹ {"crashSignal":"SIGKILL","controllerPid":59904,"servicePids":[59799,59797,59798],"workerPids":[59842],"sinkRevision":"0","effectRevisionBefore":"0","effectRevisionAfter":"0"}
✔ V10 Deployment signed-fence recovery across real controller SIGKILL (14619.515916ms)
ℹ {"crashSignal":"SIGKILL","controllerPid":60152,"servicePids":[59984,59982,59983],"workerPids":[60026],"sinkRevision":"1","effectRevisionBefore":"4","effectRevisionAfter":"5"}
✔ V11 Deployment v11-resource-postcommit recovery across real controller SIGKILL (14117.377625ms)
ℹ {"crashSignal":"SIGKILL","controllerPid":60922,"servicePids":[60356,60354,60355],"workerPids":[60705],"sinkRevision":"1","effectRevisionBefore":"4","effectRevisionAfter":"5"}
✔ V11 Deployment v11-revoked-postcommit recovery across real controller SIGKILL (10118.779834ms)
ℹ {"crashSignal":"SIGKILL","controllerPid":61279,"servicePids":[61157,61155,61156],"workerPids":[61199],"sinkRevision":"1","effectRevisionBefore":"4","effectRevisionAfter":"5"}
✔ V11 Deployment v11-resource-pre-sink recovery across real controller SIGKILL (7585.152833ms)
ℹ {"crashSignal":"SIGKILL","controllerPid":61499,"servicePids":[61400,61398,61399],"workerPids":[61443],"sinkRevision":"0","effectRevisionBefore":"0","effectRevisionAfter":"0"}
✔ V11 Deployment v11-resource-signed-fence recovery across real controller SIGKILL (15668.761ms)
ℹ {"crashSignal":"SIGKILL","controllerPid":66200,"servicePids":[61957,61836,61905],"workerPids":[63110],"sinkRevision":"1","effectRevisionBefore":"4","effectRevisionAfter":"5"}
✔ V11 Deployment v11-target-revoked-fence recovery across real controller SIGKILL (15019.09075ms)
ℹ {"crashSignal":"SIGKILL","controllerPid":66680,"servicePids":[66438,66435,66436],"workerPids":[66554],"sinkRevision":"1","effectRevisionBefore":"4","effectRevisionAfter":"5"}
✔ V10 and V11 ProcessHost/Deployment pin sink outcomes and target grants across promotion and restart (115844.384375ms)
✔ V12 direct ProcessHost charges one witnessed signed sink commit across retry and reopen (44853.580334ms)
✔ F07 transport: real child processes support nested cross-calls, effects and coherent heap return (346.348416ms)
✔ F07 transport: contracts remain enforced and indeterminate effects preserve recovery IDs (164.587667ms)
✔ F07 transport: C1 references reject opaque, foreign and stale state before import (169.979666ms)
✔ F07 transport: HMAC binds roles, sequences, roots and epochs with bounded framing (2.65275ms)
✔ F07 transport: authenticated-worker tampering and oversized incoming frames terminate without orphans (323.893042ms)
✔ F07 transport: timeout interrupts an actual synchronous worker and EOF rejects pending work (374.013375ms)
✔ F07 transport: killing the actual parent cannot orphan a worker executing an infinite loop (361.242375ms)
✔ V2 releases active-task records after a committed checkpoint while replay remains pinned (6238.505792ms)
✔ forged receipt, stale proof and witness outage or rollback refuse release (18424.850458ms)
✔ an active checkpoint has no release proof and keeps both pin kinds (1494.456292ms)
✔ a durable release record survives a crash before physical lease retirement (5310.774584ms)
✔ another process racing a new active pin is serialized or fails closed (5591.447333ms)
✔ live ProcessDeployment refuses Artifact/3 before worker or effect dispatch (568.545583ms)
✔ legacy ProcessDeployment factory cannot inject Artifact/4 host admission (84.788208ms)
✔ legacy ProcessDeployment refuses a virtual-forward target under Artifact/1 (519.682334ms)
✔ strict process deployment carries scoped grants through the production host and sink (2172.905625ms)
✔ process deployment factory serves a signed effect resource policy bound to the admitted artifact (1135.588917ms)
✔ fresh production deployment serves exact loader-admitted adapter bytes under signed v2 policy (7510.426833ms)
✔ default effectful deployment pins independent signer across real sink, candidate and restart (10118.13275ms)
✔ explicit anchored-v4 compatibility reopens old adapter-policy bytes without silent upgrade (5089.529417ms)
✔ anchored promotion binds signer identity and refuses key substitution before activation (18929.192583ms)
✔ F08 process deployment: rejected composition, approved migration/body change and rollback preserve real ledger state (4696.7925ms)
✔ F08 process deployment: forged/stale approvals and changed schemas preserve serving state (1235.9165ms)
✔ F08 process deployment: preparation freezes source calls and postcommit activation failure blocks old-root serving until recovery (1555.690625ms)
✔ F08 process deployment: in-flight source writes drain before preparation and invalidate stale snapshot approval (1245.271917ms)
✔ F08 process deployment: actual coordinator death before/after commit reloads artifacts and follows only durable decision (17494.308875ms)
✔ F08 process deployment: receipt loss after inner durable commit recovers original invocation without another append (3025.509791ms)
✔ F08 process deployment: outer intent without inner execution needs authorized abort, while committed receipt survives observer failure (2012.102792ms)
✔ F08 review: invalid typed allocations and calls are rejected before outer intents and do not wedge the deployment (1985.653292ms)
✔ F08 review: cached receipts and fresh intents recheck revocation after the awaited source snapshot (776.620917ms)
✔ F08 review: recovery freezes strategy and rechecks permission after awaits and before receipt publication (929.543875ms)
✔ asynchronous deployment recovery policy is denied before host recovery or receipt publication (653.955542ms)
✔ F08 review: repeated manifest activation rejects historical ABA handles without changing workers or serving generation (3015.290667ms)
✔ deployment cached receipts retain historical capability authority when a later declaration weakens (1141.6915ms)
✔ deployment legacy profile adoption is explicit and preserves durable receipts (1319.46ms)
✔ fresh production deployment requires an independent signer anchor and preserves explicit legacy histories (558.543417ms)
✔ fresh signed deployment refuses unsigned effect services before durable genesis (84.549875ms)
✔ v2 capability history needs explicit legacy adoption and retains settled calls (1170.853792ms)
✔ signed sink commit keeps proved Tier 2 idle across host and fallback reopen (21441.383083ms)
✔ separate controllers recover exact Tier 1 replay after SIGKILL between signed sink commit and fallback publication (17171.079458ms)
✔ signed noncommit fence permits independently proved pure Tier 2 after reconciliation (23081.432166ms)
✔ witness outage around Tier 1 dispatch cannot authorize pure Tier 2 (15125.165041ms)
✔ effectful Tier 1 falls through to independently proved pure Tier 2 after durable noncommit (780.763667ms)
✔ possible Tier 1 external commit blocks the proved conservative tier and preserves its sink count (475.192584ms)
✔ authority loss after host completion suppresses the supervisor receipt at both tiers (946.921208ms)
✔ a cached static abort refuses a later completed host operation under its Tier 2 identity (477.01125ms)
✔ root revocation after Tier 2 host success cannot turn that success into a terminal abort (458.444334ms)
✔ a proved Tier 2 cannot regain revoked invocation authority and an edited certificate is refused (454.26875ms)
✔ proved Tier 2 resumes after actual coordinator SIGKILL at the Tier 1 repair boundary (923.372167ms)
✔ V2 reconciles an already committed Tier 1 effect after SIGKILL and never repeats the sink (1108.20675ms)
✔ V2 starts proved Tier 2 only after the trusted adapter reports definitive noncommit (1260.799958ms)
✔ V2 keeps an unknown post-sink crash blocked and never repeats its external call (948.6355ms)
✔ pre-effect Tier 1 fault uses real ProcessHost Tier 2 and one durable sink call (1065.898959ms)
✔ committed Tier 1 effect followed by fault blocks fallback and never duplicates sink (793.962292ms)
✔ both tiers fault before effects and yield deterministic Tier 3 abort (624.71525ms)
✔ a host write at the terminal decision boundary prevents a false safe-state abort (527.180083ms)
✔ host expected heap CAS refuses a stale fallback base (350.822125ms)
✔ a real interleaved host writer prevents Tier 2 from starting from a changed heap (444.189833ms)
✔ repair outbox redelivers stable ID after failed async delivery and detects tamper (767.80475ms)
✔ exact signature and contract mismatch is rejected before journal creation (479.971375ms)
✔ SIGKILL after Tier 1 repair intent resumes Tier 2 with stable IDs (1041.199416ms)
✔ SIGKILL after external commit blocks Tier 2 until exact host replay resolves Tier 1 (1113.733208ms)
✔ SIGKILL after host call intent is recovered only with durable noncommit evidence (1125.399708ms)
✔ SIGKILL at effect request can abort only after the durable pre-dispatch state is inspected (1123.533625ms)
✔ SIGKILL inside the sink leaves dispatch indeterminate and never starts Tier 2 (835.454167ms)
✔ fresh Tier 2 grants are required after Tier 1 fails (410.3645ms)
✔ missing Tier 1 grant is rejected before an operation ID is claimed (592.395917ms)
✔ strict ProcessHost grants bind real worker calls to audience, generation and durable revocation (1423.955667ms)
✔ strict ProcessHost rechecks a grant after effect intent and before the external sink (611.102083ms)
✔ strict pure worker call cannot publish state after invocation grant revocation at final commit (663.069ms)
✔ strict ProcessHost rejects pre-migration grants after a durable ownership generation change (724.456ms)
✔ trusted effect resource policy denies a valid grant for the wrong ledger target (723.771666ms)
✔ signed resource policy binds a real process effect to its manifest and current grant epoch (729.979166ms)
✔ signed process policy refuses a changed adapter before dispatch (557.744875ms)
✔ v2 process policy requires the exact loader-admitted adapter bytes before a real sink (755.752083ms)
✔ anchored ProcessHost pins signer key in durable configuration across reopen (845.032917ms)
✔ anchored V3 ProcessHost binds import-free adapter, signer key, epoch and host-config/3 before effects (917.213875ms)
✔ anchored V3 ProcessHost refuses a policy epoch change at effect intent without publishing heap or sink (593.978667ms)
✔ strict scoped grants remain bound through an actual cross-process nested call (657.17325ms)
✔ legacy and strict process profiles reject live closure transfer before external effects (597.271125ms)
✔ F07 coordinator: actual ledger workers preserve state, exact receipts, allocator and migration epochs (1445.796709ms)
✔ F07 coordinator: nested A→B→A passes current heap at every call/effect and preserves aliases (878.416917ms)
✔ F07 coordinator: migration failures obey the durable commit decision and retain both snapshots (1830.511666ms)
✔ F07 coordinator: uncertain calls block migration and only privileged no-effect abort can clear them (1192.8075ms)
✔ F07 coordinator: actual parent death at every migration boundary preserves the decision on same-ID retry (7477.462042ms)
✔ F07 coordinator: actual parent death after sink commit requires real receipt reconciliation and isolated replay (4375.279334ms)
✔ F07 coordinator: concurrent host instances serialize a shared canonical heap (1124.364375ms)
✔ F07 coordinator: seeded cyclic/shared logical references survive a real-worker migration from generation zero (1505.856292ms)
✔ F07 coordinator: effect dispatch rechecks invocation expiry and journal corruption cannot invent outcomes (524.446583ms)
✔ F07 coordinator: two actual parent processes retry one operation without a duplicate sink commit (1898.707125ms)
✔ F07 coordinator: an actual worker timeout remains indeterminate until privileged safe abort (1273.028375ms)
✔ F07 coordinator: mutable caller objects cannot change queued intent or authorized recovery strategy (1343.220292ms)
✔ F07 coordinator: caller operation IDs cannot collide with another call boundary path (792.769208ms)
✔ F07 coordinator: revoked recovery authorization cannot publish a safe abort or replay result (1204.292542ms)
✔ asynchronous recovery policy cannot publish an abort or replay (433.109459ms)
✔ F07 coordinator: current state is bound to retained transition receipts, including against old snapshot substitution (480.74025ms)
✔ F07 coordinator: real workers enforce declared argument/result types and sound scalar generics (440.185875ms)
✔ witnessed native fallback publishes the proved alias result and survives reopen (4377.993584ms)
✔ distinct-reference native Tier 3 abort preserves the exact host source state (3410.452542ms)
✔ native grants fail before intent and revocation at publication retains recoverable source (5595.526375ms)
✔ substituted executable leaves a witnessed native intent unresolved until exact bytes return (3455.63275ms)
✔ controller close at native intent, launch or publication cannot commit a result (11944.049458ms)
✔ witnessed v5 reopen rejects malformed empty checkpoint extension fields (4780.659166ms)
✔ native publication waits for the host witness and recovers after service restart (4787.678166ms)
✔ fresh controller recovers a witnessed native intent after SIGKILL before publication (5929.726ms)
✔ fresh controller reads the one committed native decision after postcommit SIGKILL (5273.514875ms)
✔ exact native fallback consumes real ProcessHost state and matches durable tier decisions (2445.0545ms)
✔ actual native packed candidate is one durable ProcessHost control across retry, reopen and publication (14993.165958ms)
✔ packed control survives real controller SIGKILL before and after durable decision (24960.942416ms)
✔ checkpoint lease preserves nonempty frames/tasks and publishes state to actual production workers (10956.074125ms)
✔ stale production generations reject while explicit fresh epoch mapping preserves the same allocation (10556.107833ms)
✔ checkpoint publication requires current grants, exact origin and engine-produced progression (1055.455708ms)
✔ leased effects use the durable private C1 view, reconcile unknown outcomes and publish exactly once (13854.588833ms)
✔ checkpoint policy requires literal true and publication rechecks policy after preparation (9616.284833ms)
✔ typed local and heap controls survive restart, retain audit, and resume without rebuilding workers (16264.948333ms)
✔ correction policies reject Promise grants and revocation at the durable publication boundary (1097.141542ms)
✔ durable rewind debt replays committed effects without redispatch and blocks divergent corrections (43216.857ms)
✔ fresh controllers recover SIGKILL at checkpoint, effect receipt and publication boundaries (141001.216417ms)
✔ host-bound semantic retention pins exact task/replay roots before checkpoint publication and survives direct collection and reopen (9064.043917ms)
✔ host-bound retention rejects removed marker, missing AST root and wrong authority on reopen (4921.307625ms)
✔ retention loss at the host publication phase blocks the durable heap decision (6219.608917ms)
✔ controller death before pin and after checkpoint decision preserves the correct AST/lease ordering (13714.993625ms)
✔ V12 witnessed sink retirement survives controller SIGKILL before durable promotion commit (33849.794916ms)
ℹ {"boundary":"before","controllerCrash":"SIGKILL","services":[41938,41936,46840],"candidateWorkerPids":[43616,46342],"deploymentWitnessRevision":"6","sinkRevision":"1"}
✔ V12 witnessed sink retirement survives controller SIGKILL after durable promotion commit (52676.068084ms)
ℹ {"boundary":"after","controllerCrash":"SIGKILL","services":[47189,47187,48283],"candidateWorkerPids":[47891,47998],"deploymentWitnessRevision":"8","sinkRevision":"2"}
✔ V12 semantic deployment artifact and effect plan preserve exact V1/V2 domains (1657.758334ms)
✔ V12 witnessed deployment retires one dead signed sink, preserves live dispatch and old receipt (27039.284875ms)
✔ V12 commit fence rejects a new active-task pin after candidate preparation (6772.778333ms)
✔ V12 rejects semantic checkpoint custody smuggled through a reloadable factory (1621.814959ms)
✔ typed process boundary enforces primitive values, exact arity and return type (4.193167ms)
✔ typed process boundary checks all IntN ranges and nominal representations without coercion (3.199125ms)
✔ typed process records validate required fields and preserve bounded cyclic/extra data (0.763584ms)
✔ typed allocation rejects missing/extra fields, inherited keys and wrong field values (0.4485ms)
✔ scalar and sequence type variables infer consistently and constrain returned values (1.826666ms)
✔ Result active variants and nested generic fields preserve independent bindings (0.975583ms)
✔ Owned requires separation of reachable graphs, including hidden aliases and sequences (1.3195ms)
✔ unsupported opaque values and excessive type nesting fail explicitly (0.499375ms)
✔ Artifact/4 signed target binds independently rebuilt V2 bundle and exact virtual proof (9841.829167ms)
✔ Artifact/4 rejects omitted input, changed tool, native library, Node and bundle identity (13461.304417ms)
✔ Artifact/4 remeasures actual current input and build-recipe bytes on decode (10814.742708ms)
✔ Artifact/4 rejects swapped descriptor, evidence and forged direct ancestry (29000.457917ms)
✔ Artifact/4 bounded launch check starts only its measured worker bundle (12372.4315ms)
✔ Artifact/4 init/3 executes the signed pure candidate and restores its real-worker snapshot (14724.089125ms)
✔ Artifact/4 pure worker cannot gain callbacks through later caller option mutation (11338.766791ms)
✔ Artifact/4 init/3 refuses tampered proof, authority, and packaged bytes before execution (13901.769667ms)
✔ Artifact/4 packaged child independently rejects altered init/3 proof (8281.071042ms)
✔ Artifact/4 ProcessHost config/16 dispatches and reopens exact durable pure state (19605.202458ms)
✔ Artifact/4 ProcessHost reconciles a real controller SIGKILL before commit (23803.093916ms)
✔ Artifact/4 ProcessHost config/17 witnesses pure calls and recovers controller crashes (64904.828375ms)
✔ Artifact/4 ProcessHost refuses effect services and stale signed lineage before call intent (16039.594167ms)
✔ pure Artifact/4 governor contract binds source snapshot, plan, witnesses and exact evidence (21188.915042ms)
✔ pure Artifact/4 governor deployment promotes a real host and pins same-ID replay (59704.294458ms)
✔ pure Artifact/4 deployment refuses superseded source spec before any call intent (16784.245833ms)
✔ pure Artifact/4 deployment reconciles real controller SIGKILL at prepared (40619.259583ms)
✔ pure Artifact/4 deployment reconciles real controller SIGKILL at before-activation (57227.896667ms)
✔ Artifact/3 init/2 executes source and candidate in separate real workers (1895.461167ms)
✔ Artifact/3 pure worker cannot gain callbacks through later caller option mutation (1231.013792ms)
✔ Artifact/3 launches the rebuilt closed worker bundle with its measured input set (4021.539458ms)
✔ Artifact/3 virtual worker preserves source production guard denial order (2346.652375ms)
✔ Artifact/3 worker denies altered roots, descriptor and executable bytes before dispatch (1284.053291ms)
✔ Artifact/3 worker refuses trust accessors and proxies before reading them (826.2185ms)
✔ Artifact/3 init/2 independently rejects tampered child payload before a worker call (1386.184084ms)
✔ Artifact/3 reloads exact source, candidate, wrapper, V3 evidence and measured bytes (834.882375ms)
✔ Artifact/3 rejects altered source, candidate, descriptor, wrapper, profile and executable bytes (832.501ms)
✔ Artifact/3 rejects unrelated signed lineage and forged admission authority (1660.332791ms)
✔ Artifact/3 rejects effectful subjects, malformed IR and legacy version substitution (1597.445792ms)
✔ versioned pure virtual witness repairs a mirror after CAS/crash and refuses rollback (21.095167ms)
✔ pure virtual /3 witness pins source plan and operator authority across revisions (8.494083ms)
✔ pure virtual /2 journal refuses duplicate and forged same-ID receipts (9.372042ms)
✔ independent V7 clock refuses frozen-factory grant expiry and signed deadline before guest dispatch (3170.237791ms)
✔ V9 independent witness preserves a committed guest effect across controller SIGKILL and fresh reconciliation (8902.927417ms)
ℹ {"crashSignal":"SIGKILL","phases":[{"controllerPid":11119,"phase":"call-intent","operationId":"crash-v9","generation":"1"},{"controllerPid":11119,"phase":"effect-requested","operationId":"crash-v9","generation":"1"},{"controllerPid":11119,"phase":"effect-recorded","operationId":"crash-v9","generation":"1"}],"guestDispatches":[{"controllerPid":11119,"mode":"crash","requestDigest":"aether.effect/1:b3:f607b081432e54e2508f7cded372c502eaed074d9e2c0886c78a8072f3554798"}],"brokerWitnessRevision":"5","brokerWitnessJournal":"{\"clockDomain\":\"controller-crash-clock/1\",\"format\":\"aether.effect-journal/2\",\"records\":[{\"adapterId\":\"controller-crash/1\",\"adapterSemanticsDigest\":\"aether.effect-adapter/1:b3:ecbef9efb2de242f6855b3c767a921eb65f17cb8ceb3931cb881741b5bfacec4\",\"dispatchStarted\":true,\"format\":\"aether.effect-event/1\",\"observedAt\":\"100\",\"outcome\":{\"receiptDigest\":\"aether.effect-receipt/1:b3:de0956941e28d854832ace81c72b142ecf1d089d9155dcba1681b7a5970e562d\",\"state\":\"committed\",\"value\":{\"tag\":\"int\",\"value\":\"8\"}},\"prepared\":null,\"recordedAt\":\"100\",\"request\":{\"branchId\":null,\"budgetReservationId\":null,\"capabilityGrantRef\":\"aether.process-effect-grant-ref/1:b3:878b7f0ca280da99b5950d80188cafb5cebbf84650b01a02240b3a8b806389ba\",\"deadline\":\"1000\",\"effectId\":\"operation-0\",\"executionId\":\"aether.process-boundary/1:b3:35a9ce8ef913169fa8c2605b41d91153c36346ef994ee481454d92b1aa4c0f36\",\"executionManifest\":\"aether.execution/1:b3:6846de7d7a27376a02f29c4dfde9594e9bc137184aaba3d239d6b98590dbb095\",\"format\":\"aether.effect/1\",\"payload\":{\"items\":[{\"tag\":\"string\",\"value\":\"cap:test:controller_crash\"},{\"tag\":\"int\",\"value\":\"7\"}],\"tag\":\"sequence\"},\"payloadDigest\":\"aether.effect-payload/1:b3:ad62bf3a65955ddc0155ab37acec9a8cef1e011eedfaa43e69841f1350102b4e\",\"policyEpoch\":\"0\"},\"requestDigest\":\"aether.effect/1:b3:f607b081432e54e2508f7cded372c502eaed074d9e2c0886c78a8072f3554798\",\"sequence\":\"0\",\"state\":\"committed\",\"transitions\":[{\"dispatchStarted\":false,\"state\":\"requested\",\"time\":\"100\"},{\"dispatchStarted\":false,\"state\":\"reserved\",\"time\":\"100\"},{\"dispatchStarted\":false,\"state\":\"prepared\",\"time\":\"100\"},{\"dispatchStarted\":true,\"state\":\"prepared\",\"time\":\"100\"},{\"dispatchStarted\":true,\"state\":\"committed\",\"time\":\"100\"}]}],\"revision\":\"5\",\"witnessDigest\":\"aether.effect-journal-witness/2:b3:7ebb08c3407623f23704041f52d21d80b6c10727694a237cc8b7806cb8d1e811\"}","recovered":{"execution":{"ok":true,"steps":0,"value":{"tag":"int","value":"7"}},"generation":"1","operationId":"crash-v9","state":"completed","unit":"worker"}}
✔ opt-in v6 deployment persists an anchored Wasm-only policy through actual process calls and reopen (4227.414666ms)
✔ anchored V4 ProcessHost runs exact isolated Wasm through a real worker and durable broker (4439.483166ms)
✔ V9 host and deployment use peer-checked external witness across service SIGKILL without redispatch (17009.294667ms)
✔ V9 protects complete host and broker history across real Wasm calls, promotion and reopen (4842.111542ms)
✔ V8 pins operator witness through real Wasm host, deployment, promotion and reopen (2800.251666ms)
✔ worker bundle is rebuilt from a closed input graph and refuses stale or tampered bytes (16046.353042ms)
✔ worker graph rejects missing and tree-shaken dynamic imports before measurement (4.419291ms)
✔ actual bundled worker launches and returns an authenticated pre-init refusal (6136.622166ms)
✔ Artifact/4 launch custody executes measured pipe JS across a real pathname swap (105.948625ms)
✔ Artifact/4 launch custody rejects bytes changed before acquisition (0.635083ms)
✔ strict deployment requires signed genesis, exact evidence and causal parent linkage for real ledger promotion/rollback (5159.49775ms)
✔ strict serving invalidates on transitive specification revision and signed repair can replace the quiescent stale source (3532.688959ms)
✔ strict precommit checkpoint catches author revocation during prepare and aborts isolated candidate workers (2676.402ms)
✔ strict actual-process crash recovery follows commit even if specification invalidation blocks serving (10325.852833ms)
✔ strict live invalidation blocks the next effect and privileged historical recovery creates no live append (1759.514334ms)
✔ strict readiness preserves malformed authority errors instead of presenting ordinary invalidation (1404.647375ms)
✔ surfaces are found with the path needed to rewrite them (6.156958ms)
✔ a domain enumerates exactly what the author allowed (2.36425ms)
✔ FR-4.2: tuning descends a measured objective it cannot see into (2.675833ms)
✔ the evaluation budget is a hard ceiling, because measurements cost traffic (1.758083ms)
✔ a gradient is recorded for range surfaces and not invented for choices (1.837375ms)
✔ FR-4.2: applying a tuning rewrites parameters and nothing else (4.953625ms)
✔ a tuned module still verifies and still passes its micro-worlds (78.054917ms)
✔ an objective with no better configuration converges without changing anything (1.654834ms)
✔ the tuner optimizes each surface for the objective it declares (2.128792ms)
✔ the call graph is read from the code, not from configuration (2.413625ms)
✔ FR-4.1: heavy interconnect is recombined into one in-process domain (0.715042ms)
✔ the same graph compiles to different shapes with different prices (0.471959ms)
✔ capabilities decide placement, without an annotation saying so (0.275583ms)
✔ a footprint limit blocks a merge the traffic would otherwise justify (0.3265ms)
✔ an isolated capability is never co-located (0.224334ms)
✔ transport glue is derived, and forwards the capability envelope (0.33775ms)
✔ a plan renders to something a human can review (0.254458ms)
✔ E4: concurrency findings become single-writer placement constraints (0.256959ms)
✔ G3: the production tokenizer uses real cl100k BPE tables (108.304292ms)
✔ v4 plan exactly covers the preserved functional requirements and source digest (11.511291ms)
✔ v4 document version and generated tracker cannot drift (3.576084ms)
✔ v4 first slice is ordered and closes its dependencies; waves respect every edge (0.511542ms)
✔ v4 validator rejects cycles, dangling edges, unknown coverage and duplicate identities (1.876583ms)
✔ v4 validator rejects lost delivery ownership, missing release closure and unexplained blockers (1.25725ms)
✔ v4 completion requires exact-version evidence for every gate and all dependencies (2.660292ms)
✔ v4 ordering fails loudly if it cannot make progress (0.258375ms)
ℹ tests 1201
ℹ suites 0
ℹ pass 1199
ℹ fail 0
ℹ cancelled 0
ℹ skipped 2
ℹ todo 0
ℹ duration_ms 2177336.412459
