
> @ghostlygawd/aether@0.1.0 pretest
> npm run build


> @ghostlygawd/aether@0.1.0 build
> tsc -p tsconfig.json && node scripts/copy-native-fallback-driver.mjs


> @ghostlygawd/aether@0.1.0 test
> node --test --test-concurrency=1 --experimental-strip-types "test/**/*.test.ts"

✔ G1: agent protocol frames survive arbitrary stream chunking (14.5925ms)
✔ G2: durable leases exclude competing agents and expire (27.566083ms)
✔ J3: abandoned filesystem locks are recovered after the stale threshold (1.067083ms)
✔ independent benchmark reader recounts complete messages, target rows and current source bytes (581.226542ms)
✔ verifier refuses altered verdicts, thresholds, raw messages, source list and noncanonical JSON (2016.826292ms)
✔ source commit substitution cannot pass exact-source verification (432.359375ms)
✔ changed hardware diagnostics cannot pass exact-source verification (459.859667ms)
✔ V4-F02: corpus aggregation divides summed actual counts, not averaged ratios (0.692417ms)
✔ V4-F02: real-tokenizer corpus includes cold dictionaries and complete warm message framing (107.079542ms)
✔ V4-F02: full-session arithmetic includes failed attempts, repairs, responses and dictionary deltas (19.413875ms)
✔ V4-F02: enforcement rejects misses, unmeasured, inconclusive, deleted, duplicated and fabricated pass rows (0.314625ms)
✔ V4-F02: measurement CLI succeeds while enforcement fails and emits reproducible bound evidence (849.9975ms)
✔ V3 retains an exact signed receipt and rechecks it on cached dispatch, inspect, reconcile, and replay (169.622ms)
✔ V3 crash after sink success is indeterminate until receipt-backed read-only reconciliation (129.501ms)
✔ V3 will not certify a forged sink commit or reuse an unsigned structural adapter (103.84975ms)
✔ legacy brokers refuse an attested sink adapter before any durable intent or sink call (3.220917ms)
✔ V3 verifies a signed durable noncommit fence before terminal abort (156.100708ms)
✔ V3 rejects forged witnessed cached records, missing signed proof, V1 witness, and downgrade (155.075709ms)
✔ trusted wrapper accepts exact signed commit, pins copied identity, and exposes a detached proof (7.382ms)
✔ forged, mismatched, stale, and contradictory signed responses never yield a committed value (10.328375ms)
✔ reconciliation reports noncommit only from a signed terminal fence; uncertainty stays unknown (2.836875ms)
✔ broker keeps transport failure indeterminate and releases it only after signed fence (122.370791ms)
✔ V4 broker withholds a valid sink signature until the independent sink head retains it (153.375ms)
✔ signed sink receipt reconciles a real postcommit controller SIGKILL without another external decision (2742.018583ms)
✔ V4 broker requires independent sink head across real postcommit controller SIGKILL and replay (4942.207125ms)
✔ operator process commits exactly once and retains identical signed receipt after SIGKILL/restart (644.693792ms)
✔ near-limit accepted payload retains a recoverable signed response after restart (408.181792ms)
✔ status makes a durable signed noncommit fence that permanently refuses execute (382.102875ms)
✔ lost wire response remains a committed decision; wrong auth and forged stored receipt fail closed (333.865667ms)
✔ CLI refuses a group-readable signing key before opening the sink (87.438959ms)
✔ separate sink witness restores deleted/older local state and fails closed on outage or equivocation (2703.222792ms)
✔ V5 predispatch denial holds funds until an exact signed witnessed noncommit fence (1084.992125ms)
✔ V5 recovers a reserve that reached the bridge before broker publication (815.272541ms)
✔ V5 keeps funds encumbered when the bridge loses its reserve receipt (802.672125ms)
✔ V5 router pins operator bridge, grant and full recorded reservation identity (776.495ms)
✔ signed V7 router checks its private complete adapter map before any live dispatch (301.85475ms)
✔ V5 witness outage leaves an authorized reservation encumbered (574.542542ms)
✔ V5 predispatch status can only charge an exact signed witnessed commit once (1033.156166ms)
✔ V5 rejects forged budget hooks and exact bridge substitution (1114.272ms)
✔ V5 cached commits fail closed on local or witness rollback of bridge and ledger (3493.911292ms)
✔ deployment witness pins operator and namespace with exact durable CAS bytes (3.05375ms)
✔ deployment witness rejects stale writers, rollback and same-revision equivocation (0.632667ms)
✔ deployment witness rejects incomplete, wrong-revision, wrong-identity and noncanonical journals before CAS (3.318333ms)
✔ deployment witness rejects false CAS acknowledgments and can recover a lost response (1.276ms)
✔ deployment witness rejects malformed source heads (0.402ms)
✔ deployment witness admits exact /10 sink identity and retains canonical CAS bytes (1.135625ms)
✔ deployment witness V12 pins signed sink table fields and immutable export authority (2.9175ms)
✔ deployment witness rejects malformed /10 sink fields and profile before CAS (0.638541ms)
✔ deployment witness forbids sink identity drift and /9↔/10 switch before CAS (2.178791ms)
✔ deployment witness admits exact /11 resource-scoped sink journal and durable CAS bytes (0.514625ms)
✔ deployment witness rejects malformed /11 sink fields, namespace, and profile before CAS (0.526708ms)
✔ deployment witness prevents /11 sink identity changes and cross-version adoption before CAS (2.663125ms)
✔ namespaced V2 identities bind deployment and operation, while V1 bytes remain stable (2.507084ms)
✔ V2 catalog rejects V1, wrong deployment, operation, authority, repository, and clock (0.669083ms)
✔ V2 catalog pins the selected object for its lifetime (0.144792ms)
✔ V1 and V2 require a retained head after a falsely successful CAS response (0.178834ms)
✔ broker accepts V2 and rejects a head aliased across deployment namespaces (10.024792ms)
✔ V2 witnessed broker refuses recomputed local terminal receipts and restores deleted/older files (176.005291ms)
✔ uncertain witness response after pre-sink marker never dispatches and reopens from witnessed state (91.961833ms)
✔ same-anchor witness rollback and local V1 adoption fail closed (78.119ms)
✔ isolated replay prefix rewind/resume checks complete ordered request/outcome bindings without callbacks (124.492ms)
✔ isolated buffer restoration is atomic, preserves historical identities and never grants live authority (3.153916ms)
✔ F04/G2 request IDs and durable receipts survive reopening; identical retries never reexecute (96.585375ms)
✔ cached committed receipts never call current cleanup policy or release a budget (94.014208ms)
✔ F04/G2 changed payload, manifest, policy, grant, deadline and reservation cannot reuse a live effect ID (289.749375ms)
✔ F04/G1 replay consumes exact ordered outcomes, with no live adapter or current-policy callbacks (175.379166ms)
✔ F04/G1 shadow and speculative writes buffer branch intents without production adapters or grants (4.379292ms)
✔ F04 isolated branch intents require explicit selected-branch admission before live dispatch (114.9585ms)
✔ F04 denial, stale revocation, deadline and cancellation occur before the irreversible sink (203.081417ms)
✔ F04 final authorization checks catch revocation during durable dispatch preparation (78.016209ms)
✔ F04 cancellation after the sink acts preserves its committed charge and receipt (78.123875ms)
✔ F04 budget exhaustion selects refusal; retries and speculative forks cannot repeat charges (146.44125ms)
✔ F04/G3 receipt-store failure after sink success returns indeterminate and reconciles without redispatch (153.144375ms)
✔ F04/G3 actual process death after durable sink commit retains an uncertain dispatch until reconciliation (264.793042ms)
✔ F04/G3 unknown non-idempotent effects are never blindly retried or reported as aborted (134.863583ms)
✔ F04 live lock owner cannot be taken over; malformed requests and corrupt receipts fail before dispatch (127.458ms)
✔ F04 transactional prepare commits once, and abandoned preparations recover without a sink commit (196.672584ms)
✔ F04 separate recovery authority reconciles a committed charge after original grant revocation (154.971208ms)
✔ F04 concurrent processes share a durable reservation hook without overspending its final unit (203.030708ms)
✔ F04 corrupt dispatch markers, illegal histories and recovery identities cannot cause false abort/refund (162.6505ms)
✔ F04 process crashes at every ticket publication/release boundary recover without incomplete lock owners (638.644792ms)
✔ F04 recovery process crashes cannot orphan a recovery mutex or release a later writer ticket (465.016459ms)
✔ F04 retained ticket quotas and legacy lock layouts fail explicitly instead of recycling identities (54.655417ms)
✔ F04 concurrent broker processes serialize one shared journal without overlapping sink entry (545.572083ms)
✔ v2 evidence policy binds hard SMT profile to exact manifest and reverified peer evidence (140.931875ms)
✔ F06 compiler admission consumes branded evidence and preserves every external precondition (15.613625ms)
✔ F06 compiler admission retains property-classified postconditions (4.990291ms)
✔ F06: actual local solver evidence is bound, immutable and distinguishable from peer claims (7.135083ms)
✔ F06/G1: every execution-subject field invalidates old evidence (9.208125ms)
✔ F06/G1: actual transitive external dependency content is resolved and pinned (2.412875ms)
✔ F06/G2: malformed, truncated, duplicate, hidden-assumption and forged evidence fails closed (11.591708ms)
✔ F06/G2: unchecked caller preconditions and absent frame contracts do not mint evidence (3.654583ms)
✔ F06/G3: property classification remains delegated and never becomes formal proof (3.883958ms)
✔ F06: modeled ledger record transitions and formal loops are accepted with property clauses retained (19.101917ms)
✔ F06: actual verifier alias assumptions remain explicit and cannot authorize evidence (1.98475ms)
✔ F06: type and capability validation precede proof admission (0.6485ms)
✔ F06/G2: actual exhausted solver budgets and truncated branch exploration cannot mint evidence (48.207916ms)
✔ F06: concrete nested-alias verifier gap is rejected before a false proof can authorize elision (1.0865ms)
✔ v5 host witness retains native fallback binding, before snapshot, state and terminal result across service restart (2265.3255ms)
✔ host witness pins operator, repository and stable host identity, with exact CAS bytes (1.820834ms)
✔ host witness rejects stale writers, rollback and same-revision equivocation (0.374833ms)
✔ host witness refuses malformed, noncanonical and oversized heads before advancing (1.01675ms)
✔ host witness refuses false CAS acknowledgments and can reread after a lost response (0.623583ms)
✔ host witness rejects malformed source objects and accepts prior canonical host formats (0.234ms)
✔ host catalog pins an operator namespace and one witness object per stable host (0.287291ms)
✔ F03/G1 v1 AST and commit addresses remain unchanged across metadata observation and reopen (28.973375ms)
✔ F03/G2 execution manifest binds every execution context component and sorts complete dependency closure (2.867542ms)
✔ F03/G2 metadata is content-bound independently and domains cannot be relabeled (0.222791ms)
✔ F03/G3 tagged wire values preserve bigint, Unicode and reference identity without numeric coercion (0.505042ms)
✔ F03/G3 malformed values, duplicate map keys and unsupported versions are rejected (1.28975ms)
✔ F03/G3 schema resource limits reject byte, decompressed, depth, count and integer excess (0.357709ms)
✔ F03/G3 state envelopes preserve cycles and shared IDs and reject malformed object tables (1.933584ms)
✔ canonical identity rejects proxy-backed mutable data without executing traps (0.107375ms)
✔ F07 async journal ownership survives awaits and does not block response delivery (87.069083ms)
✔ F08 core: exact governor-approved subject commits and filesystem activation is idempotent (180.855709ms)
✔ production commit fence holds the final decision before activation and can recover a postcommit interruption (366.546625ms)
✔ production commit fence refuses omitted, late, repeated and stale-authority decisions (357.79025ms)
✔ F08 core: individually valid literal edits fail when their composed root violates a+b >= 18 (66.959334ms)
✔ F08 core: forged signatures, changed effect/migration context and stale policy/expiration cannot authorize (399.911584ms)
✔ F08 core: failed prepare, cross-subject handles and policy changes during prepare preserve old state (268.301375ms)
✔ F08 core: activation failure after commit blocks serving and recovers the committed new target (146.966584ms)
✔ F08 core: two coordinator instances racing the same parent commit at most one candidate (130.67025ms)
✔ F08 core: malformed approvals are rejected before mutation and corrupt readiness/history fails closed (99.004ms)
✔ F08 core: real process death at each durable phase recovers before/after the commit boundary (1300.796875ms)
✔ admission profiles: strict lineage is the default and baseline is explicit and durable (161.05425ms)
✔ admission profiles: explicit legacy adoption validates and preserves exact signed history (140.320084ms)
✔ admission profiles: malformed legacy identity or approval refuses migration without rewriting bytes (136.531667ms)
✔ independent signatures form an exact-root, heterogeneous commit certificate (11.796083ms)
✔ forgery, wrong signer, phase, root, policy and epoch cannot authorize promotion (10.915ms)
✔ enrollment refuses one-family dominance, duplicate keys and too few validators (1.109292ms)
✔ one equivocating validator cannot reach two conflicting three-of-four certificates from disjoint honest votes (5.674375ms)
✔ three durable honest phases decide one ordered branch and new-view selects its highest prepare QC (5100.932875ms)
✔ a signed block cannot skip the exact candidate manifest of its parent (242.221042ms)
✔ restart and a second controller cannot double-vote or skip a locking phase (1822.360833ms)
✔ withheld votes stop decisions; increasing local timeouts rotate leader without releasing locks (2500.140375ms)
✔ a delayed validator requires checked ancestry and later decides the missing committed prefix in order (4135.333583ms)
✔ authenticated new-view reports reject stale context, wrong QC phase and equivocation (2954.020708ms)
✔ two real controllers racing one validator identity durably publish only one competing vote (825.044ms)
✔ bounded state refuses exhaustion and rechecks historical phase logic even with a recomputed checksum (720.517041ms)
✔ a locked validator rejects a conflicting stale justification even if the leader signs it (1779.768917ms)
✔ literal application validity and malformed clock or journal state fail before voting (574.998834ms)
✔ real controller death before/after vote persistence cannot acknowledge an equivocation on restart (1709.446542ms)
✔ unaudited research checker independently verifies all 40 Rust-generated group and authenticated share transcripts (1222.86725ms)
✔ group-signature-only and claimed family labels cannot replace enrolled participation attestations (36.273208ms)
✔ exact proposal, epoch, policy, phase, view, parent, expiry and enrollment bindings cannot be replayed (4.056208ms)
✔ authenticated cancelling false shares reject even when their sum and OpenSSL group signature remain valid (24.222041ms)
✔ duplicate, stale, malformed scalar and non-prime-subgroup public contributions are rejected (101.1335ms)
✔ enrollment cannot substitute mixed verifying shares or one-family/one-role membership (12.902833ms)
✔ research replay ledger rejects duplicates atomically and cannot imply durable replay protection (120.496208ms)
﹣ pinned FROST 3.0.0 independently cross-checks valid, cancelling, changed and malformed public shares (0.046542ms) # SKIP
✔ durable vote admission survives restart and never counts one signer twice (190.204208ms)
✔ equivocation is retained and quarantines the signer slot without hiding an honest quorum (288.544875ms)
✔ foreign or corrupted votes fail closed and missing established state cannot reset history (152.097708ms)
✔ an interrupted empty journal initialization resumes only behind its marker (96.495959ms)
✔ V4-F05: signed durable ingestion is idempotent, keeps occurrence identity distinct, and restores sequence after restart (461.9825ms)
✔ V4-F05: missing causal predecessors remain pending and become ready after dependency delivery (369.826375ms)
✔ V4-F05: validly signed operation-ID equivocation and descendants are quarantined in every arrival order (593.926459ms)
✔ V4-F05: signatures, hashes, versions, epochs, schema/resource limits and invalid clocks cannot admit operations (348.761958ms)
✔ V4-F05: concurrent processes sharing an author journal publish distinct complete sequence records (247.021833ms)
✔ V4-F05: process exit after durable author publication never reuses an operation ID (171.359416ms)
✔ V4-F05: ingestion failures distinguish unpublished bytes from durable commit recovered after process exit (243.219625ms)
✔ V4-F05: deterministic harness exercises reorder, duplicate, drop, partition, missing-peer requests and restart (380.050125ms)
✔ V4-F05: concurrent count/byte admission and author-ingest races cannot overfill a journal (1189.512791ms)
✔ V4-F05: exact duplicate delivery needs no extra ticket after admission quota exhaustion (188.944291ms)
✔ T1-06 author identity builder fails before sequence publication and preserves its checkpoint clock floor on restart (320.014167ms)
✔ T1-06 author identity builders in concurrent processes receive distinct durable operation IDs (265.90725ms)
✔ signed sink commit binds exact request, payload, approved adapter and committed value (3.915583ms)
✔ signed terminal fence has no committed value or commit ID (1.175417ms)
✔ forgery, signed-field alteration, wrong key and signer mismatch are refused (2.688708ms)
✔ valid signature cannot be replayed into a different operation, repository, deployment, policy or value (2.699791ms)
✔ even a valid sink signature must agree with independently supplied request and grant context (2.04275ms)
✔ malformed, oversized, accessor and noncanonical receipt or anchor objects fail closed (1.053792ms)
✔ sink witness binds operator, exact anchor and adapter; advances one signed decision per revision (10.201375ms)
✔ sink witness rejects stale writers, rollback and same-revision equivocation (3.267625ms)
✔ sink witness adopts an existing matching head but rejects a changed anchor or adapter at startup (1.728ms)
✔ sink witness refuses changed identity, wrong revision/count, invalid rows and noncanonical bytes before CAS (5.42625ms)
✔ sink witness rejects repeated effect, decision and commit identities (3.153292ms)
✔ sink witness rejects false CAS success and missing post-CAS retention (1.904791ms)
✔ independent clock is rechecked after a factory authorization callback and before the sink (129.01125ms)
✔ V5 parses visible Atomic bodies and rejects altered rollback scaffolding; V4 stays closed (106.525458ms)
✔ development reference establishes return/rollback/effect and settled-task allocation semantics (1.863125ms)
✔ actual typescript Atomic matches reference rollback and nonlocal return semantics (375.284709ms)
✔ actual python Atomic matches reference rollback and nonlocal return semantics (61.300542ms)
✔ actual rust Atomic matches reference rollback and nonlocal return semantics (1534.707125ms)
✔ actual typescript Atomic restores state and native step counter after authority and budget faults (117.287791ms)
✔ actual python Atomic restores state and native step counter after authority and budget faults (55.808542ms)
✔ actual rust Atomic restores state and native step counter after authority and budget faults (756.380417ms)
✔ V12 parses visible blockless bindings to the exact root and guards slot scaffolding (99.292208ms)
✔ each blockless If, While and Atomic shape independently selects V12 (16.32825ms)
✔ V12 reference run covers selected branches, skipped bindings, loop rebinding, Atomic, assignment and shadow fallback (1.043375ms)
✔ V12 explicitly rejects invalid blockless binding types (0.464125ms)
✔ V12 profile propagates through an exact-address import closure (24.634208ms)
✔ V12 actual typescript execution matches reference binding outcomes (393.603167ms)
✔ V12 actual python execution matches reference binding outcomes (52.434375ms)
✔ V12 actual rust execution matches reference binding outcomes (3708.939125ms)
✔ composite profiles preserve exact AST identities and parse visible collection/field edits (132.939709ms)
✔ actual typescript composite execution preserves aliasing, old records, lazy Result branches, callbacks and write order (96.727875ms)
✔ actual python composite execution preserves aliasing, old records, lazy Result branches, callbacks and write order (69.854458ms)
✔ actual rust composite execution preserves aliasing, old records, lazy Result branches, callbacks and write order (3718.322875ms)
✔ continuation source keeps bodies visible and validates capture scaffolding (119.353917ms)
✔ actual typescript closures/tasks preserve captures, identity and effect authority (94.916167ms)
✔ actual python closures/tasks preserve captures, identity and effect authority (62.733959ms)
✔ actual rust closures/tasks preserve captures, identity and effect authority (1043.763542ms)
✔ actual typescript completed tasks retain results under revocation without redispatch (112.02ms)
✔ actual python completed tasks retain results under revocation without redispatch (56.821292ms)
✔ actual rust completed tasks retain results under revocation without redispatch (769.936083ms)
✔ unsupported contract contexts fail explicitly and blockless bindings select V12 (57.336042ms)
✔ V11 parses visible pure contract calls and preserves exact AST identities (51.006875ms)
✔ V11 rejects undeclared purity, unsynthesized and indirect paths through contract callees (8.107083ms)
✔ V11 resolves a pure contract callee through an exact-address dependency (28.149417ms)
✔ V11 actual typescript contract calls enforce pre and postconditions after mutation (378.621542ms)
✔ V11 actual python contract calls enforce pre and postconditions after mutation (48.791417ms)
✔ V11 actual rust contract calls enforce pre and postconditions after mutation (3422.054459ms)
✔ V9 round-trips null bodies exactly and rejects changed executable scaffolding (27.771791ms)
✔ V9 propagates unsynthesized dependency identity through exact-address imports (24.963083ms)
✔ V9 actual typescript declaration traps while synthesized code executes (373.632458ms)
✔ V9 actual python declaration traps while synthesized code executes (50.594583ms)
✔ V9 actual rust declaration traps while synthesized code executes (3738.630958ms)
✔ scalar native profiles round-trip all emitted control flow and parse actual visible edits (116.74925ms)
✔ unsupported projected AST and host syntax reject rather than use placeholders or hidden IR (26.287542ms)
✔ actual typescript execution preserves booleans, arbitrary integers, negative division, overflow, contracts and effects (82.060417ms)
✔ actual python execution preserves booleans, arbitrary integers, negative division, overflow, contracts and effects (57.245875ms)
✔ actual rust execution preserves booleans, arbitrary integers, negative division, overflow, contracts and effects (670.379125ms)
✔ declared scalar kinds retain type declarations, surfaces, branch shape and contract metadata (24.098916ms)
✔ generic captured closures and tasks round trip and execute in typescript (94.805666ms)
✔ generic captured closures and tasks round trip and execute in python (53.919792ms)
✔ generic captured closures and tasks round trip and execute in rust (960.719666ms)
✔ generic/nested AST identities and visible type witnesses round trip; unsupported open contexts reject (316.356083ms)
✔ reference interpreter establishes nested generic container and capability results (2.56175ms)
✔ actual typescript generic/nested source edits preserve containers and reject false witnesses before effects (449.865166ms)
✔ actual python generic/nested source edits preserve containers and reject false witnesses before effects (119.652959ms)
✔ actual rust generic/nested source edits preserve containers and reject false witnesses before effects (843.213292ms)
✔ every declared AST kind has a representative exact-root TS/Python/Rust round trip (457.66275ms)
✔ new Cond/ForAll/Surface/Un/Yield fixture matches the reference runtime (0.674583ms)
✔ free type variables without a binding are explicitly rejected in all targets (1.505792ms)
✔ actual typescript completes five missing AST kinds (326.063833ms)
✔ actual python completes five missing AST kinds (33.900958ms)
✔ actual rust completes five missing AST kinds (3099.637916ms)
✔ actual typescript standard ledger preserves aliases, transfer/settle contracts and grants (106.601042ms)
✔ actual python standard ledger preserves aliases, transfer/settle contracts and grants (56.411416ms)
✔ actual rust standard ledger preserves aliases, transfer/settle contracts and grants (3872.979458ms)
✔ H1/H2: Rust and Python projections expose the same semantic functions (2.722875ms)
✔ H4: structural diff projection renders only changed graph paths (3.881917ms)
✔ H3: projection language server applies a text edit through a branch CAS (724.861917ms)
✔ J5: every AST kind has explicit projection support metadata (3.559875ms)
✔ J6: standard LSP frames decode incrementally and syntax errors become diagnostics (747.624ms)
✔ V8 nested imports retain exact module/address identity and reject altered or missing dependencies (73.952084ms)
✔ V8 closes a transitive nested import inside an addressed dependency (1346.011584ms)
✔ actual typescript nested exact-address import executes the same result (418.135333ms)
✔ actual python nested exact-address import executes the same result (47.130416ms)
✔ actual rust nested exact-address import executes the same result (718.142917ms)
✔ edited nested TypeScript dependency rebinds its address and runs the changed program (113.883375ms)
✔ V10 keeps quantifier and Result binders local inside old snapshots (43.462792ms)
✔ V10 actual typescript old-binder execution sees pre-state (393.703209ms)
✔ V10 actual python old-binder execution sees pre-state (41.9275ms)
✔ V10 actual rust old-binder execution sees pre-state (3799.910416ms)
✔ Risk R3: parse(project(x)) is the identical node, not merely an equivalent one (10.02175ms)
✔ the round trip is idempotent under repetition (1.709333ms)
✔ a human edit to the projection lands as a node mutation (7.469959ms)
✔ randomly generated expressions survive the round trip (4.521875ms)
✔ precedence is preserved without over-parenthesising (0.161125ms)
✔ an unsynthesized contract projects and parses as a body-less declaration (0.227333ms)
✔ out-of-scope identifiers are rejected rather than silently bound (0.216166ms)
✔ result and old are only special inside an ensures clause (0.056208ms)
✔ capabilities and provenance survive the projection (0.299875ms)
✔ the auditor view adds causal lineage without changing the code (3.29825ms)
✔ pinned Unicode17 tables cover every scalar mapping of the actual TypeScript reference (257.064083ms)
✔ V6 exact import closure round trips; missing, altered and unselected dependencies reject (374.233958ms)
✔ actual typescript linked imports and Unicode operations match TypeScript reference (577.199917ms)
✔ actual python linked imports and Unicode operations match TypeScript reference (702.589833ms)
✔ actual rust linked imports and Unicode operations match TypeScript reference (1610.450542ms)
✔ fresh guest qualification uses maximum of all preregistered guests and excludes controller RSS from guest scope (1.004875ms)
✔ fresh guest qualification rejects first-guest omission, repeats, malformed timing, invalid responses and incomplete cleanup (0.293708ms)
✔ fresh guest profile keeps approved numeric bounds and prohibits guest warmups/reuse (0.113792ms)
✔ initialized hypervisor campaign requires a destroyed empty VM/vCPU context and zero executed guest warmups (0.5505ms)
✔ V4-R02 native lowering explicitly rejects unbounded arithmetic, contracts and effects (2.361667ms)
✔ V4-R02 compiled native arithmetic agrees with TypeScript reference on signed limits, overflow and negative division (483.13175ms)
✔ R03: independent exact-arithmetic checker accepts an extracted nontrivial certificate (1.6305ms)
✔ R03: false, stale, malformed and oversized certificates fail without a solver (1.306208ms)
✔ R03: integer-bound transformation and large exact values do not use floating point (0.323458ms)
✔ R01 finite OpSet schedules, merge algebra and quorum/equivocation campaign (218.066833ms)
✔ R01 cycles are suppressed, concurrent moves keep one occurrence, and content sharing does not alias occurrences (0.156125ms)
✔ R01 trash deletion, concurrent replacement and restoration have explicit deterministic precedence (0.10175ms)
✔ R01 exact fractional positions preserve order under concurrent allocation, moves and Lamport ties (3.297208ms)
✔ R01 fractional keys reject noncanonical and oversized values before projection mutation (7.3475ms)
✔ R01 same-ID equivocation is retained and quarantines dependents independently of first arrival (0.318083ms)
✔ R01 HotStuff requires all three certified phases; commits prevent conflicting higher-view prepare quorum (0.198833ms)
✔ R01 partitions stop quorum progress and view recovery extends highest certified branch (0.207917ms)
✔ R01 quorum intersection covers n=4 and n=7; duplicate/stale/family-monoculture votes fail (0.472ms)
✔ R01 membership activation binds both committees to one terminal checkpoint and rejects stale epochs (0.278875ms)
✔ T1-04 actual-model evidence independently recomputes exact scores, labeled recall, timing summaries and retained artifacts (134.07125ms)
✔ I1: a mutating callee cannot make an impossible assertion prove vacuously (3.401042ms)
✔ I2: production elision rejects stale and assumption-dependent reports (6.419166ms)
✔ I3: truncated path exploration cannot report a proof (0.565541ms)
✔ I4: frame violations reject verification and architectural proofs (2.675458ms)
✔ I5: return expressions must match the declared return type (0.656791ms)
✔ I6: production compilation rejects unregistered capabilities (0.299417ms)
✔ I7: a fence only accepts a proof bound to the replacement node (0.909667ms)
✔ I8: every published tier subpath resolves after the package build (53.7315ms)
✔ I9: the containers target places every unit in a container (0.570625ms)
✔ the graph is structurally sound (0.709166ms)
✔ the dependency graph is acyclic (0.065833ms)
✔ feature ids are unique and well formed (0.167916ms)
✔ the document and the graph list the same features, in the same order (1.562709ms)
✔ every epic is represented and every feature belongs to one (0.109833ms)
✔ the generated section of the document is current (0.890208ms)
✔ the recommended first slice is closed under dependencies (0.096833ms)
✔ the first slice is actually startable, in order (0.06725ms)
✔ the critical path is a real path, and opinions are labelled as such (0.216458ms)
✔ C5 is off the critical path, as claimed (0.133417ms)
✔ wave numbers respect every dependency (0.098042ms)
✔ nothing is stranded: every feature is reachable from a startable one (0.100542ms)
✔ sizes are drawn from the declared scale (0.079166ms)
✔ every feature has evidence matching its completion status (2.724083ms)
✔ the two confirmed language holes agree with roadmap status (0.070666ms)
✔ the validator rejects a dependency cycle (0.080375ms)
✔ the validator rejects a dangling dependency (0.03325ms)
✔ the validator rejects an unknown epic (0.034542ms)
✔ the validator rejects a slice that is not closed (0.072417ms)
✔ the validator distinguishes a forced order from an opinion (0.054584ms)
✔ the evidence check fails when a feature has actually been built (0.073416ms)
✔ FR-2.2: a body is synthesized from a contract alone and formally proved (17.902792ms)
✔ Risk R4: an unsatisfiable contract stalls and escalates to a human (8.416917ms)
✔ Risk R4: the iteration budget is a hard ceiling (1.905125ms)
✔ feedback from each stage is structured, not prose (0.958292ms)
✔ the search prefers a provable body over a merely-passing one (5.545209ms)
✔ an unprovable body is still shipped when nothing better exists (0.755417ms)
✔ a capability-using body still has to pass the capability checker (0.709291ms)
✔ FR-2.2: a body that breaks its contract is purged, not patched (2.679833ms)
✔ a purge records why the implementation was removed (2.249625ms)
✔ counterexamples accumulate across attempts (4.501625ms)
✔ binary DAG preserves grouped child identity, aliases, canonical scalar types and AE1 compatibility (11.582334ms)
✔ truncated, corrupted, trailing and noncanonical binary frames reject without any context mutation (4.360958ms)
✔ model framing rejects stale hashes, extra data, invalid versions and malformed AST scalar inputs (1.057833ms)
✔ AE2 escapes dictionary delimiters and controls without reinterpreting AE1 data (1.325208ms)
✔ AE3 preserves the exact full V7 corpus and every AST kind in both opcode profiles (1168.04225ms)
✔ reserved atoms, Unicode, leading-zero opaque IDs and AE1/AE2 archives retain identity (11.149584ms)
✔ edits preserve grouped links, paired labels, optional slots and the immutable base (187.580292ms)
✔ truncation, stale bases, redundant edits, false roots and hostile field counts fail without changing state (14.810167ms)
✔ large edit sets fall back to a complete message without dropping changes (184.621292ms)
✔ snapshot input rejects getters, proxies, dropped fields and oversized inputs before using them (0.569167ms)
✔ AE5 exact-base warm references reconstruct every paid cold declaration (188.041917ms)
✔ AE5 refuses changed, stale, wrong-index, noncanonical and oversized references (47.22925ms)
✔ a fresh receiver process reconstructs the referenced declaration from the paid cold wire (160.0185ms)
✔ every node kind survives an Agent-IR round trip (43.126375ms)
✔ the worked example round-trips exactly (1.111167ms)
✔ a session dictionary is shared and warm messages remain smaller than the cold module (87.707084ms)
✔ FR-1.2: actual tokenizer accounting reproduces the ledger reference without asserting a false target (7.220458ms)
✔ a malformed stream is rejected rather than silently truncated (0.383458ms)
✔ BLAKE3 matches official unkeyed vectors (1.52525ms)
✔ BLAKE3 matches official keyed vectors (0.242334ms)
✔ BLAKE3 matches official derive_key vectors (0.077041ms)
✔ keyed and derive_key are domain-separated from plain hashing (0.093292ms)
✔ extended output (XOF) is a prefix-consistent stream (0.065291ms)
✔ incremental updates equal one-shot hashing across chunk boundaries (2.456625ms)
✔ rejects keys that are not 32 bytes (0.157667ms)
✔ every admitted artifact and shared child resolves to all signed causal links after reopen and GC (1038.903709ms)
✔ malformed lineage authority cannot authorize through string substring membership (584.908875ms)
✔ forged signatures, missing intent ancestry and mismatched evidence cannot authorize artifacts (616.14675ms)
✔ spec revisions invalidate every derived artifact, shared node and ancestor without a clear-flag bypass (953.430959ms)
✔ explicit signed reconciliation preserves historical causes while requiring new specification-bound evidence (895.811875ms)
✔ transitive specification parents propagate invalidation through derived clauses (543.834625ms)
✔ fences reject pruning, removed contracts and vacuous proofs from strengthened preconditions (1057.452083ms)
✔ strict promotion adapter requires full parent lineage and an explicit fresh precommit checkpoint (1303.572833ms)
✔ authority revocation during asynchronous preparation is rechecked before commit (918.036833ms)
✔ specification compare-and-swap rejects stale edits and missing initialized metadata fails closed (495.950333ms)
✔ actual SIGKILL before-state-publish preserves a complete old or new specification epoch (848.058041ms)
✔ actual SIGKILL after-state-publish preserves a complete old or new specification epoch (848.188375ms)
✔ a recomputed journal checksum cannot swap signed evidence or hide shared child lineage (1254.440917ms)
✔ an actual concurrent spec editor waits for the strict promotion admission lock (1183.159542ms)
✔ external dependency AST content is persisted, pinned and linked to its signed artifact (891.262792ms)
✔ strict adapters are branded and renewed artifact authorization does not erase historical causes (884.487542ms)
✔ typed task state survives restart, preserves AST identity and separates claims from verified evidence (308.258417ms)
✔ ACL, compare-and-swap and retention deny unauthorized or stale changes (511.617417ms)
✔ expiry, subject binding and invalidated lineage fail closed (208.966083ms)
✔ asynchronous policy callbacks cannot become accidental authority (256.392542ms)
✔ real signed artifact lineage binds a child-node board and later marks its evidence stale (753.221667ms)
✔ durable AST retains v1 addresses, grouped children, immutable values and dedup across reopen (338.025625ms)
✔ durable path copying preserves sibling hashes and fork writes no AST objects (341.921333ms)
✔ GC preserves committed history, explicit leases and both pending promotion roots (773.194792ms)
✔ promotion commit publishes target and releases pin atomically with generation CAS (477.231667ms)
✔ archives deterministically round-trip bigints and migration preserves old hashes (526.04825ms)
✔ archive hash, duplicate keys, unsupported versions and missing children reject without publication (250.296667ms)
✔ corruption is detected on cached reads/reopen, and live corruption prevents GC deletion (312.29375ms)
✔ persisted resource profile prevents reopen limit changes and rejects excess roots (166.664ms)
✔ separate processes serialize root CAS; exactly one stale expected update succeeds (435.593458ms)
✔ concurrent process writers and GC retain every published lease and committed root (2185.850625ms)
✔ actual SIGKILL at before-object-publish recovers lock and exposes either complete lease or no lease (311.146542ms)
✔ actual SIGKILL at after-object-publish recovers lock and exposes either complete lease or no lease (320.735ms)
✔ actual SIGKILL at before-root-publish recovers lock and exposes either complete lease or no lease (323.971042ms)
✔ actual SIGKILL at after-root-publish recovers lock and exposes either complete lease or no lease (363.016458ms)
✔ actual SIGKILL before-gc-delete resumes sweep without losing protected roots (424.504583ms)
✔ actual SIGKILL after-gc-delete resumes sweep without losing protected roots (382.316667ms)
✔ checksummed malicious archives reject incomplete, forged, duplicate and unreachable graphs (202.708209ms)
✔ untrusted input accessors, cycles and node capacity overflow reject before object publication (84.713375ms)
✔ missing root metadata fails closed on reopen instead of resetting GC protection (126.447583ms)
✔ actual SIGKILL commit before-root-publish retains complete old or new root state (380.60225ms)
✔ actual SIGKILL commit after-root-publish retains complete old or new root state (334.2255ms)
✔ actual SIGKILL promotion before-root-publish retains complete old or new root state (391.121958ms)
✔ actual SIGKILL promotion after-root-publish retains complete old or new root state (417.078542ms)
✔ retired lease and finalized promotion IDs cannot suffer delayed-release ABA after reopen (521.107917ms)
✔ actual initialization SIGKILL before-init-marker resumes only the empty genesis transaction (267.622875ms)
✔ actual initialization SIGKILL after-init-marker resumes only the empty genesis transaction (229.59575ms)
✔ actual initialization SIGKILL after-profile-publish resumes only the empty genesis transaction (246.828666ms)
✔ actual initialization SIGKILL before-root-publish resumes only the empty genesis transaction (251.13ms)
✔ actual initialization SIGKILL after-root-publish resumes only the empty genesis transaction (241.243ms)
✔ actual initialization SIGKILL after-init-seal resumes only the empty genesis transaction (251.037709ms)
✔ actual initialization SIGKILL before-init-clear resumes only the empty genesis transaction (256.214917ms)
✔ actual initialization SIGKILL after-init-clear resumes only the empty genesis transaction (277.342375ms)
✔ initialized stores refuse metadata deletion even with an empty object table (273.340708ms)
✔ initialization marker/profile corruption and object publication cannot be mistaken for empty genesis recovery (565.57025ms)
✔ replayed initialization marker cannot reset established state or recreate deleted roots (243.31475ms)
✔ existing initialized v1 metadata adopts a completion receipt without changing objects or roots (160.755792ms)
✔ corrupt completion receipt cannot be silently replaced by legacy adoption (89.041084ms)
✔ interrupted initialization refuses checksummed nonempty root metadata instead of resetting it (184.394292ms)
✔ read-only archive validation shares complete import checks without changing objects, roots or leases (193.535708ms)
✔ Tree-CRDT fractional allocator matches D04 exact rational model and distinguishes concurrent interval edits (11.527833ms)
✔ Tree-CRDT fraction bounds reject noncanonical input and exhaustion before publishing (0.319417ms)
✔ F1/F2: durable lineage queries export a verifiable signed audit (18.056958ms)
✔ F4: property-checked fence evidence requires a durable human approval (20.923375ms)
✔ F5: structural keys are indexed incrementally and survive reopening (26.670542ms)
✔ independent edits on disjoint statements merge cleanly (2.839583ms)
✔ insertions from both agents both survive (0.872083ms)
✔ identical edits by two agents converge instead of conflicting (0.493917ms)
✔ genuinely divergent edits to one expression are reported as a node conflict (0.336667ms)
✔ an untouched subtree of any size costs one pointer comparison (14.580167ms)
✔ a reformat-only change is invisible to the merge (0.304209ms)
✔ A1: graph objects survive process-local store instances (24.655625ms)
✔ A2: named roots resolve immutable commit history (25.00075ms)
✔ A3: provenance records, bindings, and invalidation flags are durable (16.501959ms)
✔ A4: symbol names and allocator progress survive reopening (19.359667ms)
✔ A5/A6: GC keeps named history and fsck validates the repository (29.302958ms)
✔ A7: a packfile recreates objects, commits, and named roots (47.021166ms)
✔ A8: named-root updates use compare-and-swap semantics (29.678292ms)
✔ B6: exact-address imports resolve explicit symbols across modules (80.068042ms)
✔ nested exact-address imports link inside their owning module and execute without hoisting state (4.71325ms)
✔ unused declarative registration retires with independent dispatch proof, unchanged AST and retained source bytes (3575.025959ms)
✔ exported, protected and signed-fenced adapter consumers cannot be retired (2528.410083ms)
✔ active tasks, replay and unstable replication keep every referenced adapter; audit retains history without activating dead code (4517.130292ms)
✔ new retention before publication and unsigned candidate policy refuse advancement (2470.818459ms)
✔ retention publication fence serializes a task pin from another process (1314.655667ms)
✔ altered mapping, incomplete certificate and rehashed dishonest liveness fail independent validation (1934.848042ms)
✔ unresolved/dynamic retained execution and eager lifecycle registration fail closed (1409.051666ms)
✔ consumer validates with proof search physically replaced by a throwing stub (2151.182083ms)
✔ signed registry corruption and established state deletion cannot reset retired mappings (2427.805084ms)
✔ V2 sink retirement proves exact unused registration and rule removal without live mutation (1490.397375ms)
✔ exported, protected, fenced and retained sink consumers cannot retire (7211.151333ms)
✔ changed retention and dishonest liveness or table/rule edits fail independent verification (1489.30025ms)
✔ committed retirement proof remains auditable after later task pins but cannot be reused for a new commit (1365.810625ms)
✔ changed source/candidate roots, epochs and portable proof fail closed (1455.819042ms)
✔ independent verifier checks a portable proof when proof production is unavailable (1425.389917ms)
✔ descriptor binds only rewritten candidate Call objects and derives exact ordered event script (7.978417ms)
✔ checker refuses tampered script, site, root and forged digest even when resealed (8.532375ms)
✔ candidate Call object aliasing cannot turn an unrelated target call into a virtual site (1.218417ms)
✔ changed candidate, nonempty contracts and nonforwarding wrapper fail closed (1.870333ms)
✔ dynamic calls, annotation calls and absent rewritten sites are unsupported (1.169375ms)
✔ semantic GC proposes real dead declaration removal and pure wrapper collapse with portable equivalence and unchanged exports/effects/contracts (1880.663958ms)
✔ semantic GC requires signed exact lineage and governor promotion; rollback is a newly authorized reverse operation (5759.366167ms)
✔ semantic GC retains audit/replay/active-task/unstable-replication roots while sweeping actual unprotected garbage (2513.509333ms)
✔ semantic GC refuses relabeled unsafe rewrites and incomplete portable certificates (1919.839875ms)
✔ semantic GC retains signed formal fence symbols/nonempty contracts and accepts only valid fence schemas (1909.85ms)
✔ semantic GC derives portable Boolean equivalence instead of relying only on integer test examples (1653.864416ms)
✔ semantic GC refuses unsupported nonlinear equivalence without changing the production head (1316.427541ms)
✔ semantic GC revocation during prepared promotion aborts the staged target; no commit is guessed (2675.075834ms)
✔ semantic GC activation recovery follows the committed governor decision and remains idempotent (2618.070667ms)
✔ semantic GC explicit background scheduling emits a durable candidate and stops without production publication (1687.073333ms)
✔ branch profile prunes symbolic/literal unreachable arms, preserves selected scopes/effects and removes newly unreachable declarations from the candidate (2600.740458ms)
✔ legacy forwarder profile keeps branch syntax and cannot reopen a new branch-profile journal (1363.920541ms)
✔ legacy forwarder and flattened-branch proposals remain readable but cannot start new promotions (3175.795625ms)
✔ historical branch flattening changes a finite-step sink outcome and is barred from new promotion (2913.582166ms)
✔ fuel-preserving branch profile removes cold If calls but keeps exact reference-runtime effects and quota faults (3657.21975ms)
✔ fuel-preserving Cond profile removes the cold effect expression without moving its guard or chosen arm (2795.65ms)
✔ branch profile handles Cond expressions and definitely initialized local bindings without flattening blocks (1697.420291ms)
✔ branch pruning does not erase a condition call or its effects even when the callee always returns true (1616.05475ms)
✔ branch pruning does not treat an entry precondition or an earlier assigned value as a permanent branch fact (1585.200125ms)
✔ dead-branch cleanup and inverse rollback require fresh signed F08 authority and retain condition certificates through GC (9057.008042ms)
✔ branch proofs preserve contract and loop annotation identities while pruning a stable condition inside a loop (1700.638875ms)
✔ portable branch proof does not claim a partial division condition is universally total from an entry precondition (1426.23ms)
✔ branch admission rejects missing/swapped certificates, invalid source sites, wrong-arm code and relabeled condition claims (2974.228167ms)
✔ branch analysis does not assume a local declared in only one syntactic arm is definitely bound (1519.455417ms)
✔ persisted branch witnesses are checked with the portable proof producer replaced by a throwing stub (2560.974958ms)
✔ scalar shim profile retires a non-forwarding arithmetic adapter with a portable total-equivalence certificate (2038.411959ms)
✔ scalar shim comparison handles Boolean conditional adapters that the uniform-branch profile cannot simplify (1615.417458ms)
✔ scalar shim redirection evaluates every original argument once and in order even when parameters are reused or unused (1993.016625ms)
✔ scalar shim retirement is opt-in; the branch-only profile retains non-forwarding adapters (1376.839416ms)
✔ legacy scalar shim proof remains readable but a new quota-changing promotion is refused before preparation (2445.960833ms)
✔ scalar shim comparison refuses unequal, nonempty-frame and call-bearing implementations (5587.069833ms)
✔ V2 call-bearing scalar shim proves a closed helper expansion before redirecting live callers (2493.764458ms)
✔ V2 call-bearing shim keeps a helper with runtime contract checks or partial arithmetic (2983.34ms)
✔ V2 call-bearing shim refuses to erase an evaluated partial helper argument (1081.706042ms)
✔ scalar shim retirement preserves exports, explicit protection and signed fences even for equivalent bodies (2985.225292ms)
✔ transparent forwarding and general scalar shim proofs compose without target cycles (1461.686458ms)
✔ scalar shim admission rejects missing proofs, changed declaration identity and alternate result code (1374.19675ms)
✔ scalar shim certificates remain independently checkable with proof search disabled (1743.013541ms)
✔ indexed creation computes newly exposed nodes before generation publication and preserves exact AST hashes (403.831125ms)
✔ typed filters enforce declared purity, return type, capability, parent/child and nominal type dependency constraints (404.122084ms)
✔ context/spec/model changes cannot reuse stale vectors; explicit backfill switches complete snapshots (409.607875ms)
✔ failed inference retains old complete generation; finite canonical float32 encoding rejects malformed provider/wire values (534.978833ms)
✔ actual inference/update process SIGKILL at after-embeddings exposes old or complete new index generation (648.641958ms)
✔ actual inference/update process SIGKILL at before-generation-commit exposes old or complete new index generation (622.752667ms)
✔ actual inference/update process SIGKILL at after-generation-commit exposes old or complete new index generation (654.050417ms)
✔ self-consistent sidecar forgery cannot substitute stale structural/input metadata on reopen (317.80125ms)
✔ concurrent backfills serialize publication and reject a stale writer before its inference can overwrite the winner (399.957375ms)
✔ vector capture rejects accessor/proxy/sparse arrays without publishing and safely normalizes finite subnormals and maxima (582.337667ms)
✔ expectedInput binds the current indexed source, input digest and exact vector bytes (392.473833ms)
✔ actual initialization SIGKILL at after-init-marker resumes only the prepared empty index (315.860875ms)
✔ actual initialization SIGKILL at after-init-profile resumes only the prepared empty index (299.827875ms)
✔ actual initialization SIGKILL at before-init-head resumes only the prepared empty index (300.206417ms)
✔ actual initialization SIGKILL at rename-before-head resumes only the prepared empty index (298.662833ms)
✔ actual initialization SIGKILL at after-init-head resumes only the prepared empty index (308.02825ms)
✔ actual initialization SIGKILL at after-init-seal resumes only the prepared empty index (315.405458ms)
✔ actual initialization SIGKILL at before-init-clear resumes only the prepared empty index (305.773541ms)
✔ actual initialization SIGKILL at after-init-clear resumes only the prepared empty index (305.404ms)
✔ completion receipt refuses established-head deletion and replayed initialization markers; legacy adoption never rewrites a head (402.161375ms)
✔ canonical encoding is order-independent and unambiguous (0.539666ms)
✔ hashing is deterministic and content-derived (2.413667ms)
✔ grouped child hashing keeps ambiguous shapes distinct (0.405584ms)
✔ FR-1.1: renaming a symbol invalidates no expression hash (1.379209ms)
✔ alpha-equivalent code shares a structural key but not an address (1.223709ms)
✔ structural sharing deduplicates repeated subtrees (0.859209ms)
✔ FR-1.1: mutation is a hash-tree update touching only the spine (6.920458ms)
✔ hydrate is the exact inverse of intern (0.316709ms)
✔ record literal field order does not affect identity (0.180375ms)
✔ unknown refs fail loudly rather than returning undefined (0.214708ms)
✔ Tree-CRDT refuses an imported content frame before it can become durable when its AST is absent (936.830417ms)
✔ Tree-CRDT reopens a historically published frame lacking a lease by rebuilding current epoch roots before GC (963.722125ms)
✔ Tree-CRDT reopen fails closed on a durable frame whose required AST content is missing (993.829875ms)
✔ Tree-CRDT SIGKILL after inbound frame publication leaves its AST pinned for direct GC and reopened materialization (1161.725916ms)
✔ Tree-CRDT materializes actual CAS roots; shared content has independent occurrences and concurrent edits converge (5110.954875ms)
✔ Tree-CRDT suppresses concurrent cycles deterministically and trash deletion remains restorable until certified collection (2816.339ms)
✔ Tree-CRDT unanimous signed checkpoint reindexes and collects live tombstones without obsolete edit resurrection (3625.589875ms)
✔ Tree-CRDT invalid grouped roles, duplicate scalar children and invalid literal types stay candidates (1480.344583ms)
✔ checkpoint ACK validates full audit closure, canonical cut, exact projection, floor, roster and signatures before writing authority (2100.111916ms)
✔ actual SIGKILL at after-fence preserves durable fencing or certified epoch; same certificate retry is idempotent (2569.490167ms)
✔ actual SIGKILL at checkpoint-prepared preserves durable fencing or certified epoch; same certificate retry is idempotent (3151.888917ms)
✔ actual SIGKILL at checkpoint-committed preserves durable fencing or certified epoch; same certificate retry is idempotent (2651.088125ms)
✔ actual SIGKILL at checkpoint-collected preserves durable fencing or certified epoch; same certificate retry is idempotent (3172.23425ms)
✔ late equivocation and predecessors recompute the candidate deterministically after duplicate and reversed delivery (2119.642792ms)
✔ grouped While children remain distinct and converged semantic failures do not publish a production root (5221.951084ms)
✔ repeated certified epochs preserve live identity and clocks while stale archived restores cannot resurrect collected occurrences (5114.514708ms)
✔ missing causal predecessors prevent checkpoint certification and durable fence receipts resist metadata rollback (906.620041ms)
✔ known post-fence signed extras prevent fresh certification while historical certified cuts remain arrival independent (1390.56125ms)
✔ honest partitioned inserts beyond the occurrence bound converge deterministically and leave deletion/checkpoint repair available (3102.787834ms)
✔ V3 Wasm descriptor binds bytes, fixed read-only semantics and finite resource limits (2.4385ms)
✔ V3 approved Wasm bytes run through a branded isolated adapter and actual durable broker (215.632875ms)
✔ approved exact adapter bytes mint one immutable code-provenance identity (78.839666ms)
✔ changed or malformed source fails before execution; descriptor mismatch cannot mint provenance (0.826709ms)
✔ caller mutation during asynchronous module import cannot relabel admitted source bytes (0.605458ms)
✔ V2 signs an import-free profile and admits local exports with import text in comments and strings (1.795583ms)
✔ dependency syntax is refused before either the adapter or imported module can run (3.038875ms)
✔ old V1 identity keeps import-capable behavior only through the explicit legacy admission profile (1.011ms)
✔ unsupported adapter module syntax fails before top-level execution (0.300083ms)
✔ real witnessed sink settles one fixed charge, signed fence refund, and unknown reservation (5092.357375ms)
✔ one signed commit and one signed fence settle fixed charge and terminal refund (22.615458ms)
✔ policy digest is stable on reopen and changes with charge, trust roots and full request inventory (5.227708ms)
✔ outer settlement binds exact request, result, charge, owner and inner receipt (11.221917ms)
✔ witness outage and rollback never authorize charge or refund (4.7295ms)
✔ helper requires the branded witness and exact independently pinned identity (1.390125ms)
✔ direct-ledger alias cannot settle a different signed grant or reservation under the same five-field binding (8.752791ms)
✔ operator budget authority pins a real bridge and exact full requests before host config (142.860833ms)
✔ budgeted grant reference v3 binds host, target, reservation and signed policy without host config (0.906792ms)
✔ V2 sink table and signed V7 policy bind the same complete branded live map (10.492625ms)
✔ V2 sink table refuses forged, unmatched and re-signed registration identities (3.8485ms)
✔ empty V2 table admits only an exact-root module without any Invoke (3.407959ms)
✔ V5 policy binds an idempotent external write to signed deployment, sink and witness context (14.163ms)
✔ V5 rejects variable targets, changed semantics, malformed context and unsorted rules (6.488333ms)
✔ V5 verification rejects stale or foreign manifests, signer, epoch and signature domains (5.430375ms)
✔ V6 signed dynamic segment selects exactly one tagged argument and preserves fixed rules (13.683959ms)
✔ V6 rejects missing, non-string, unsafe and malformed tagged path arguments (5.650042ms)
✔ V6 policy validates sorted bounded rules, write semantics and independent sink context (5.5815ms)
✔ V6 signatures and manifest binding cannot be substituted by V5 or another signer (4.69ms)
✔ V7 signs the table digest and preserves V6 dynamic sink rule semantics (12.184333ms)
✔ V7 rejects stale table, AST, epoch, signer and V6 domain substitution (7.404292ms)
✔ V7 empty rules require a checked exact-root module with no Invoke anywhere (15.024292ms)
✔ V7 keeps V6 rule bounds and rejects malformed table identities (3.5945ms)
✔ signed resource policy binds extraction to exact manifest, repository, epoch, and Ed25519 signer (12.011416ms)
✔ v2 signed resource policy binds loader-admitted code bytes and refuses descriptor-only copies (6.261166ms)
✔ v3 policy signs import-free adapter artifact identity with independent signature domain (7.482125ms)
✔ durable revocation and policy epochs prevent old grants regaining authority after restore/restart (213.4985ms)
✔ scope revocation covers descendants and preserves siblings (82.149584ms)
✔ missing or corrupted established epoch state fails closed; interrupted empty initialization recovers (169.075042ms)
✔ v4 isolated SMT path returns exact easy proofs and independently checked counterexamples (135.35125ms)
✔ short v4 deadline kills a child before it can return an unchecked answer (31.432ms)
✔ an actual hard unsatisfiable query is cancelled without fabricating a proof (132.492333ms)
✔ bounded input validation rejects cycles, accessors, bad scalars and oversized literals before spawning (0.408ms)
✔ opt-in v4 function verification uses the process cutoff and refuses a wider budget (74.9305ms)
✔ bounded import-free i32 guest executes through an EffectAdapter with exact source identity (146.237375ms)
✔ imports, unbounded/oversized memory and wrong function signature fail at admission (288.603375ms)
✔ memory.grow respects the declared maximum and malicious infinite loop is killed (720.899167ms)
✔ worker rejects forged or tampered IPC identity before running guest code (290.999792ms)
✔ durable broker records child crash as indeterminate, then reconciles pure computation and allows new effect ID (374.945667ms)
✔ Wasm preflight rejects invalid i32 before dispatch while valid requests still execute (307.498792ms)
✔ authorization denies before pure preflight; adapters without preflight keep their existing dispatch behavior (131.273292ms)
✔ B1: Result constructors and exhaustive matching execute in both runtimes (3.068875ms)
✔ B2: immutable sequences support index, length, map, and fold (3.454791ms)
✔ B3: closures capture lexical values and carry an explicit capability type (0.815125ms)
✔ B4: generic functions infer and consistently substitute type variables (1.288584ms)
✔ B5: string operations are Unicode-aware and available in both runtimes (0.623167ms)
✔ B7: fixed-width integers enforce wrap, saturate, and trap policies (0.723208ms)
✔ E1/E3: spawned tasks await deterministically and atomic faults roll back writes (0.735584ms)
✔ legacy sealed tokens reject malformed shape, wrong scope and exact expiry (0.900459ms)
✔ legacy opaque scope attenuation cannot mint a different audience or outlive parent (0.307833ms)
✔ invalid trusted clocks fail closed before token issue or verification (0.199083ms)
✔ portable kernel derives complete integer and propositional counterexample coverage (10.410625ms)
✔ portable kernel splits conditional arithmetic and uses exact large signed integers (2.117333ms)
✔ portable kernel rejects altered subjects, missing cases, trust fields and false multipliers (1.370625ms)
✔ portable kernel keeps unsupported theories and resource exhaustion unproved (1.576708ms)
✔ portable raw formula boundary rejects changing goals and malformed nodes without invoking getters or traps (0.270791ms)
✔ portable certificates agree with concrete integer/Boolean evaluation on a varied formula corpus (21.461833ms)
✔ portable formula consumer runs in an isolated process with no producer or solver files (73.503667ms)
✔ independent derivation binds full AST/spec/manifest and produces deterministic checked increment obligations (8.320333ms)
✔ false postconditions remain false under concrete counterexamples and cannot receive certificates (1.363333ms)
✔ both if branches and missing-return paths are represented (3.048041ms)
✔ short-circuit evaluation guards call preconditions on only the evaluated path (3.828541ms)
✔ modular calls bind old input separately from mutable callee post-state parameters (5.087125ms)
✔ loop induction derives initialization, preservation, ranking and postcondition proofs without unrolling (6.153084ms)
✔ loop havoc prevents proving exit values from stale pre-loop mutable bindings (1.696167ms)
✔ external declarations are hashed and complete transitive local/external closure is mandatory (3.413333ms)
✔ property clauses, recursion, missing ranking and unsupported heap/fixed-width types stay unproved (2.97725ms)
✔ lexical locals do not escape their block and malformed scalar bindings cannot hide behind certificates (0.487041ms)
✔ resource limits tighten only and independent source has no verifier/solver/evidence dependency (0.511959ms)
✔ an assertion is a required proof obligation before its condition may be assumed (0.903958ms)
✔ input accessors, path explosion and aggregate formula budgets reject deterministically (1.274833ms)
✔ certified arithmetic, branching, scoped mutation and loop programs agree with actual reference execution (29.006875ms)
✔ unreachable statements still require lexical binding, scalar sorts and valid assignment targets (3.745542ms)
✔ malformed declaration arrays and unknown AST fields cannot receive portable certificates (0.888ms)
✔ dead nonlinear arithmetic remains unsupported while constant-factor arithmetic is certified (1.597458ms)
✔ portable bundle round-trips and admits a closed compiled artifact with entry checks retained (18.712959ms)
✔ portable bundle refuses stale execution dimensions, incomplete coverage and exchanged formula proofs (13.619ms)
✔ portable proof consumer resolves actual dependency bodies and compilation rejects external replacement hooks (10.801ms)
✔ portable certificates cannot be relabeled for a semantically false edited AST (10.479125ms)
✔ independent AST certificate consumption works with original solver, verifier and producer absent (93.549042ms)
✔ C5: proofs are reused by exact declaration address across processes (11.369042ms)
✔ C6: incremental verification rechecks changed functions and transitive callers only (3.06375ms)
✔ portable certificate proves bounded alias success and exact distinct-reference classification (113.607208ms)
✔ proof cannot authorize a changed selected declaration or a false alias contract (75.744958ms)
✔ proof excludes arbitrary signed i64 and nonterminating or faulting syntax (52.911792ms)
✔ portable range goals refuse a source edit that can overflow signed i64 (55.879584ms)
✔ distinct postcondition admits right = old left + 1 and aborts on right = old left + 100 (1178.350583ms)
✔ actual broker dispatch reserves before sink, charges once, and returns only unused handles across restart (731.593208ms)
✔ declared exhaustion outcome selects a host fallback and never dispatches a second sink operation (636.477166ms)
✔ transactional revocation abort writes terminal evidence before refunding the inflight reservation (589.074125ms)
✔ nontransactional predispatch refusal refunds only after durable broker noncommit (586.164916ms)
✔ missing sink and missing terminal broker decision leave nontransactional funds inflight (347.517ms)
✔ process death at each terminal refund handoff recovers the exact broker noncommit (3186.986208ms)
✔ sink-committed uncertainty reconciles the same effect without a second dispatch or charge (784.983041ms)
✔ actual replay/shadow/speculative brokers do not call budget hooks, and direct isolated hooks refuse (861.845708ms)
✔ changed request/result and forged bridge journal are refused without billing another effect (679.001292ms)
✔ noncanonical base64 spelling of a valid journal signature is rejected (181.799417ms)
✔ actual SIGKILL at bridge/ledger handoff boundaries preserves reservations and terminal charges (5283.80125ms)
✔ external budget heads restore old local copies and reject same-revision edits (4405.579ms)
✔ budget witness outage refuses read, reserve and fresh reopen (2638.757917ms)
✔ SIGKILL after ledger or bridge witness CAS restores a reservation before retry (6719.500708ms)
✔ SIGKILL after witnessed charge intent or ledger charge never bills twice (7008.128208ms)
✔ signed linear split, transfer and merge preserve all four resource units and invalidate copied inputs (350.158167ms)
✔ reserved/start/consume charges each dimension exactly and returns only unused balance (507.577542ms)
✔ inflight refund requires independently stored terminal noncommit evidence; unknown and timeout claims stay encumbered (400.89275ms)
✔ unused reservation refunds without dispatch; overcharges and forged settlements cannot free funds (378.013333ms)
✔ exhaustion is durable and retry-bound, without consuming or inventing units (355.469292ms)
✔ amount, owner, signature, epoch, cross-ledger and split-conservation violations fail before debit (252.983375ms)
✔ current authority and settlement evidence are rechecked immediately before publication and on retries (344.1605ms)
✔ committed charge persists across actual Aether heap rewind and fresh ledger instances (271.026458ms)
✔ actual process deaths at each initialization publication recover without minting another genesis (792.0605ms)
✔ actual SIGKILL at every mutation publication boundary recovers old-or-new state and exact retry (1774.331958ms)
✔ sink-committed charge survives a death before receipt acknowledgment; retry never bills twice or refunds (849.333834ms)
✔ four real processes contending with copied handles cannot double-spend any resource (389.990667ms)
✔ four processes retry one exact intent, while disjoint split reservations remain independently usable (700.351417ms)
✔ signed journal tampering, established deletion and copied authority directories fail closed (147.426208ms)
✔ settlement evidence is checked again after journal preparation; disappearance cannot refund or charge (188.771417ms)
✔ dispatch-start versus unused-reservation cancellation has only one linear winner across processes (351.7295ms)
✔ large exact values and structured effect identities avoid rounding and delimiter collisions (213.945667ms)
✔ F3: the operator console persists revocation state and its audit trail (10.676625ms)
✔ v2 grants bind audience, resource, lifetime and policy before dispatch (2.467ms)
✔ attenuation requires a declared call edge, narrower scope and no longer lifetime (1.424417ms)
✔ forged, revoked, narrowed-scope revoked and stale-policy grants fail before a sink action (0.488708ms)
✔ malformed grants and invalid issuance inputs fail closed (0.267458ms)
✔ propositional reasoning (1.071666ms)
✔ linear arithmetic: valid implications are proved (0.911208ms)
✔ linear arithmetic: invalid implications yield a runnable counterexample (0.215375ms)
✔ integer tightening beats rational reasoning (0.136792ms)
✔ unsatisfiable conjunctions are detected (0.479958ms)
✔ satisfiable systems return a validated model (0.1995ms)
✔ the PRD transfer contract is discharged (0.236167ms)
✔ nonlinear terms are abstracted congruently and stay sound (0.253792ms)
✔ ite is encoded exactly, not abstracted (0.27025ms)
✔ the solver honours its time budget (251.149208ms)
✔ SMT-LIB output is a runnable script (0.234417ms)
✔ C1: external SMT fallback is capability-bounded and only trusts proofs (0.361666ms)
✔ C4: uninterpreted applications obey congruence (0.250333ms)
✔ FR-2.1: a business rule parses into mathematical relations (3.496083ms)
✔ FR-2.1: one rule propagates to every layer it names (1.031ms)
✔ FR-2.1: compiled clauses are verifiable contracts, not documentation (3.433042ms)
✔ FR-1.3: changing a rule invalidates every subtree derived from it (3.567458ms)
✔ an architectural guard from a spec blocks unexplained deletion (0.986792ms)
✔ comments are ignored without shifting clause positions (0.284ms)
✔ a comment marker inside a string literal is not treated as a comment (0.166042ms)
✔ malformed specifications are rejected with a line number (0.276125ms)
✔ clock identity binds the operator authority and domain, and cannot be forged structurally (1.625083ms)
✔ grant interval and signed broker deadline use the independent ms clock at exact boundaries (0.282959ms)
✔ each check reads one synchronous independent time and revision sample (0.336042ms)
✔ unavailable, asynchronous and invalid clock sources fail closed (0.650708ms)
✔ time and revision rollback fail closed without accepting the bad sample (0.123458ms)
✔ an already provisioned anchor retains its operator callbacks (0.100125ms)
✔ the worked example type-checks clean (3.612416ms)
✔ FR-2.3: an ungranted capability is a compile error, not a runtime check (0.48675ms)
✔ FR-2.3: authority cannot be escalated across a call (0.355291ms)
✔ FR-2.3: a pure function may not hold capabilities at all (0.235583ms)
✔ a sandboxed envelope grants nothing but pure computation (0.067333ms)
✔ nominal money types do not silently mix with bare integers (0.263542ms)
✔ scaling a dimensioned value by a scalar is allowed; squaring it is not (0.224375ms)
✔ old() and result are rejected outside an ensures clause (0.202459ms)
✔ unknown fields and missing returns are caught with a usable path (0.249791ms)
✔ C8: owned parameters enforce separation at call sites (0.396875ms)
✔ FR-2.2: the PRD transfer contract is discharged formally (6.46825ms)
✔ a broken implementation is refuted with a runnable counterexample (1.775042ms)
✔ frame conditions catch writes the contract did not declare (1.194458ms)
✔ an un-ruled-out aliasing assumption is reported, not hidden (1.265625ms)
✔ loop invariants and a variant are verified without unrolling (3.774708ms)
✔ a loop with a non-decreasing variant is refuted (0.438417ms)
✔ tiered rigor: property clauses never reach the solver (2.757167ms)
✔ NFR 6.2: verification stays inside its per-function budget (4.142833ms)
✔ a callee contract is used modularly at the call site (1.224ms)
✔ every obligation carries a runnable SMT-LIB script (0.987209ms)
✔ C2: finite sequence length and constant select reduce exactly (0.315083ms)
✔ C3: bounded quantifiers expand into finite proof obligations (12.496375ms)
✔ C9: a monotone loop gets an inferred variant and an opaque loop is delegated (0.551833ms)
✔ R2: the two runtimes agree on every generated case (467.776458ms)
✔ R2: a proved clause is elided; an unproved one is kept (13.813709ms)
✔ R2: eliding a proved clause cannot change an observable outcome (1149.862125ms)
✔ R2: a precondition is elided only when every call site proved it (11.330334ms)
✔ R2: security is not telemetry — capabilities survive stripping (4.22975ms)
✔ R2: an ungranted capability fails to compile, not at runtime (0.365375ms)
✔ R2: the stripped artifact is materially faster than the journaling one (38.365208ms)
✔ R2: loop invariants and variants carry no runtime cost (8.428083ms)
✔ R2: the compilation report says exactly what is unchecked and why (8.105791ms)
✔ R2: with no verification result, nothing is elided (1.489667ms)
✔ R2: a contract that does fail still faults in production (8.143708ms)
✔ G4: production telemetry sampling is opt-in and rate bounded (1.360916ms)
✔ F04 integration: both runtimes route effects through durable receipts and idempotent retry (163.212833ms)
✔ F04 integration: replay produces identical transfer state without executing the sink (60.737667ms)
✔ F04 integration: unknown commit remains structured through development, production and host dispatch (179.009833ms)
✔ F04 integration: code identity and isolated fork authority are enforced before dispatch (8.488334ms)
✔ authorized broker recovery rejects altered host arguments before querying sink status (107.773542ms)
✔ independent scalar Tier 2 proof binds the exact executed declaration and runtime profile (137.626084ms)
✔ conservative proof rejects edited body, missing coverage and changed full context (8.919625ms)
✔ Tier 1 faults restore shared aliases and allocator before real Tier 2 execution (287.550125ms)
✔ Tier 1 success bypasses Tier 2; both-tier faults commit only deterministic safe abort (352.687666ms)
✔ missing fallback grants and current revocation never regain authority or publish speculative state (489.778041ms)
✔ argument and exact retry identity validation precede fallback execution (266.538834ms)
✔ durable asynchronous repair outbox survives failed delivery and deduplicates by stable event ID (446.755583ms)
✔ real process death before publication restores safe state; committed result is not replayed (1877.609166ms)
✔ signature/contract mismatch, effects/tasks and altered durable state fail closed (106.747833ms)
✔ noncanonical spelling of a valid fallback journal signature is refused (89.687666ms)
✔ entry/loop guard exhaustion takes the permitted fallback after restoring writes (320.635167ms)
✔ SIGKILL after repair delivery before acknowledgment redelivers the same durable event ID (621.063458ms)
✔ all declared real-runtime schedules, materialized resources, network faults and out-of-order events survive (186.729958ms)
✔ lost updates fail actual interleavings; shrinking preserves all operations and exact durable replay (300.879791ms)
✔ zero-exclusion admission refuses missing coverage even when all calls succeed (211.193125ms)
✔ complete enumeration cannot be silently capped or actor steps excluded on replay (27.80425ms)
✔ seeded failures shrink integer inputs toward a reproducing minimal boundary (127.673ms)
✔ precondition filtering is explicit failed coverage, never success (233.183541ms)
✔ serialized success bits and mutated reports cannot issue campaign admission (274.297666ms)
✔ persisted counterexample tampering fails and caller manifest changes do not alter admitted profile (332.5645ms)
✔ live/opaque effects fail explicitly instead of inheriting implicit successful Unit dispatch (235.810083ms)
✔ real SIGKILL around immutable report publication leaves complete artifacts and permits safe replay (640.698917ms)
✔ undelivered frames, instruction exhaustion and ambiguous actor identities cannot be hidden (232.485666ms)
✔ FR-3.2: the worked example passes its micro-world suite (58.111042ms)
✔ NFR 6.1: a local module harness completes within 250ms (48.382125ms)
✔ FR-3.2: a broken implementation is rejected, not merely reported (65.29975ms)
✔ counterexamples are shrunk to something an agent can read (29.36975ms)
✔ the frame property catches a clobbered neighbouring field (36.545209ms)
✔ an unbounded loop is caught as a liveness hazard (114.676083ms)
✔ FR-3.2: the aliased case is actually generated (0.83375ms)
✔ an effect outage must surface cleanly, not as a broken postcondition (1.673875ms)
✔ a lost-update race is reported as an advisory, not a rejection (4.269208ms)
✔ NFR 6.2: a reported counterexample replays exactly from its seed (13.9015ms)
✔ generation is boundary-biased and yield is reported honestly (3.635459ms)
✔ shrinking moves strictly towards simpler values (0.087709ms)
✔ E2: systematic schedule exploration enumerates the lost-update interleaving (0.188584ms)
✔ actual fallback AST lowers to native bodies and matches state, aliases and tiers (13086.539625ms)
✔ native snapshot bridge rejects stale refs and malformed direct frames (907.643583ms)
✔ checked record proof changes exact native artifact identity and preserves snapshot outcomes (4276.468584ms)
✔ native lowering refuses stale manifests, unadmitted edits and unsupported effects (78.487584ms)
✔ native packed candidate becomes one authorized, replayable correction event (159.645791ms)
✔ stale, altered, unauthorised and identity-changing candidates leave runtime state untouched (198.919708ms)
✔ v2 UTF-8 dictionary round-trips distinct bytes, duplicate values, aliases, and canonical v1 shape (4.955916ms)
✔ string mutation compacts dictionary and rejects oversize or malformed Unicode without changing state (2.422625ms)
✔ dictionary and per-field UTF-8 limits reject excess without partial output (345.086542ms)
✔ v2 rejects wrong offsets, malformed UTF-8, invalid codes, bounds, duplicate dictionary entries, and altered digests (1.828ms)
✔ seeded 256-row string differential and layout migration preserve logical values (3373.586ms)
✔ real resumable v2 checkpoint restores strings and aliases; rehashed dictionary tamper fails trusted logical digest (32.601917ms)
✔ bit-packed records round-trip exact values, self-cycles, and two aliases to one target (3.885917ms)
✔ bounds, offset, identity, epoch, padding, kind, and image corruption fail closed (3.855208ms)
✔ constant bounded field uses zero payload bits and refuses any other value (0.314792ms)
✔ bounded arithmetic obeys trap, wrap and saturate without partial mutation (1.089208ms)
✔ new layout migration preserves logical rows; narrow migration rejects out-of-bounds values (1.749459ms)
✔ deterministic 256-row differential preserves random aliases and mutations (37.419417ms)
✔ real resumable runtime checkpoint packs, unpacks, restores, and retains aliases after correction (51.40475ms)
✔ live rewind across committed effects consumes stable broker receipts and never redispatches the sink (373.369666ms)
✔ replay and shadow checkpoints restore the recorded effect prefix without any live adapter invocation (485.48225ms)
✔ actual process death before-effect resumes nested frames/tasks without duplicate effects (486.070458ms)
✔ actual process death after-effect resumes nested frames/tasks without duplicate effects (522.203584ms)
✔ actual process death after-sink-before-receipt resumes nested frames/tasks without duplicate effects (596.233125ms)
✔ actual process death before-event-publish leaves a complete prior or next durable checkpoint (582.313ms)
✔ actual process death after-event-publish leaves a complete prior or next durable checkpoint (606.181083ms)
✔ actual process death before-checkpoint-publish leaves a complete prior or next durable checkpoint (592.127458ms)
✔ actual process death after-checkpoint-publish leaves a complete prior or next durable checkpoint (603.542458ms)
✔ actual process death before-head-publish leaves a complete prior or next durable checkpoint (602.335ms)
✔ actual process death after-head-publish leaves a complete prior or next durable checkpoint (601.535125ms)
✔ precommit exception after sink success rolls back machine state and safely retries the durable receipt (222.693875ms)
✔ multiple record allocations keep replay identity after reconciled effects and across live/replay modes (409.017167ms)
✔ resume rechecks trusted host authority and rejects a forged machine effect prefix before moving broker cursor (242.795792ms)
✔ malformed string and duplicate-array capability providers cannot authorize checkpoint execution (5.523541ms)
✔ byte quota refusal after a committed effect preserves a reloadable checkpoint and its reusable receipt (234.686708ms)
✔ fresh isolated runtimes restore buffered intent outcomes and rewind their active buffers without dispatch (86.033125ms)
✔ grant and broker callbacks cannot revoke the host envelope and still reach a live sink (91.619625ms)
✔ non-Unit effect values cannot violate the language Invoke return contract (73.74175ms)
✔ production resumable factory persists active frames and resumes through public checkpoint API (269.746208ms)
✔ nonempty nested frames and a pending task resume from real durable checkpoints with identical state/events (301.214458ms)
✔ rewind restores active frames and registers and deterministically reexecutes the same continuation (136.99775ms)
✔ fresh process opens a mid-call checkpoint with pending task and completes the actual continuation (312.792167ms)
✔ closure captures retain capture-time scopes and shared sequence/result identity through resume (42.834833ms)
✔ record aliases/cycles and native inspection survive rewind and restore (8.435083ms)
✔ post-rewind externally held future references cannot alias divergent new allocations (2.592916ms)
✔ checkpoint validation rejects stale code/schema, corrupt frame PCs and altered inverse events (12.4585ms)
✔ durable checkpoint heads use generation CAS and verify separately persisted event bytes (169.198167ms)
✔ failed host allocations/corrections and precommit exceptions leave no unjournaled state (59.199625ms)
✔ asynchronous correction policy cannot authorize local or heap mutations (10.045958ms)
✔ retained rewind appends checked inverse history and cannot masquerade as version 1 (82.79425ms)
✔ fresh-process replay preserves allocation identity while divergence rejects a held future handle (200.610333ms)
✔ sequence callbacks, Result matching, fixed arithmetic, strings and quantifiers survive intermediate checkpoints (1432.319875ms)
✔ Atomic preserves successful return and restores heap on faults while keeping snapshots valid (59.434708ms)
✔ cumulative checkpoint byte refusal preserves the last complete rewindable safe point (20.671417ms)
✔ typed entry/allocation boundaries and serialized generic bindings reject incompatible values (9.556667ms)
✔ step quota options and every reconstructed inverse state are validated before restore (18.283125ms)
✔ nullable generic and checkpoint fields accept only null or their declared value schema (13.949833ms)
✔ normal return commits atomic heap updates in both runtimes while faults restore them (3.72925ms)
✔ the worked example executes and satisfies its contract (0.744ms)
✔ a violated precondition is a structured fault, not an exception to parse (0.354792ms)
✔ the aliasing case the verifier assumed away is reachable here (0.216875ms)
✔ FR-3.1: execution rewinds to an exact prior state (0.216958ms)
✔ FR-3.1: stepping back N steps lands between two writes (3.873375ms)
✔ NFR 6.1: a checkpoint rollback completes well inside 15ms (3.8885ms)
✔ FR-3.1: micro-forks explore candidate repairs independently (1.192125ms)
✔ agents read structured state, never a byte stream (0.465125ms)
✔ a capability the function does not hold is denied at runtime too (0.1375ms)
✔ §5: an operator can revoke a capability without redeploying (0.294167ms)
✔ runtime arithmetic agrees with the verifier on truncating division (0.105125ms)
✔ division by zero and the step budget are faults, not hangs (0.391625ms)
✔ a postcondition failure names the clause that broke (0.144042ms)
✔ checked virtual forwarding preserves exact finite-fuel faults, frames, callbacks and effects (293.474042ms)
✔ virtual forwarding is bound to the exact candidate and leaves original direct calls alone (2.73825ms)
✔ loaded virtual forwarding retains checked AST bytes after caller mutation (2.1645ms)
✔ a target fault retains the archived wrapper frame and fault bindings (48.365541ms)
✔ strict topology direct pure setter denies every malformed, excess and narrowed grant without heap publication (109.826375ms)
✔ strict real worker pure setter denies the same grant matrix before recording or publishing state (1071.360292ms)
✔ D1: the topology host executes functions through their planned unit (7.429459ms)
✔ D2/D3: wire calls require sealed authority and expose partition semantics (4.398958ms)
✔ v2 topology dispatch binds grants to target function, generation and current epoch (6.693459ms)
✔ strict topology dispatch rechecks a grant after the initial boundary check (3.251459ms)
✔ pure state-changing strict topology entry requires a current audience-bound invocation grant (1.0075ms)
✔ strict topology effect callbacks recheck revocation before each sink (1.871375ms)
✔ strict topology closure entry rechecks authority after revocation (2.008ms)
✔ strict topology router boundary rechecks revocation before the next live adapter (1.785333ms)
✔ durable grant revocation survives restart at a real topology dispatch boundary (122.015ms)
✔ D4/D5: a quiescent function moves live and host traffic becomes slicer telemetry (5.392959ms)
✔ J4: cross-unit calls execute through isolated per-unit runtimes (0.492209ms)
✔ V4-F01/G1: ledger state, aliases and future calls survive movement and source removal (10.928334ms)
✔ V4-F01/G2: cross-unit nested calls observe the authoritative heap instead of stale duplicates (5.519917ms)
✔ V4-F01/G2: runtime-created records across units use globally coordinated local addresses (1.188583ms)
✔ V4-F01/G2: snapshots preserve cyclic record references and isolate nested containers (3.142417ms)
✔ V4-F01/G3: invalid snapshots fail atomically before replacing the current heap (2.260667ms)
✔ V4-F01/G3: no-op, stale generation, invalid target and prepare failures retain usable state (6.505208ms)
✔ V4-F01/G3: a live effect cannot move an active state domain (2.476791ms)
✔ V4-F01/G3: migration retains edge, isolation, memory and single-writer restrictions (14.752292ms)
✔ V4-F01/G2: map and fold callbacks remain callable after their unit changes (1.645542ms)
✔ V4-F01/G2/G3: cross-unit opaque continuations see current state and block unsafe migration (0.832125ms)
✔ V4-F01/G2: host movement retains nested cyclic and aliased state used by other functions (3.197375ms)
✔ F07 state transfer treats JavaScript prototype names as ordinary record fields (1.188209ms)
✔ native runner validates a complete Tier 2 frame against independent exact-source execution (1108.129833ms)
✔ native runner requires exact Tier 3 rollback and rejects changed artifact and proof identities (1280.0535ms)
✔ native runner refuses symlinked and mismatched artifact bytes before launch (813.895208ms)
✔ V2 runner executes a private copy of digest-pinned bytes and binds an unforgeable native run (499.525791ms)
✔ V10 Deployment postcommit recovery across real controller SIGKILL (11921.273833ms)
ℹ {"crashSignal":"SIGKILL","controllerPid":78321,"servicePids":[78198,78195,78197],"workerPids":[78241],"sinkRevision":"1","effectRevisionBefore":"4","effectRevisionAfter":"5"}
✔ V10 Deployment pre-sink recovery across real controller SIGKILL (6926.248458ms)
ℹ {"crashSignal":"SIGKILL","controllerPid":83100,"servicePids":[82993,82889,82951],"workerPids":[83043],"sinkRevision":"0","effectRevisionBefore":"0","effectRevisionAfter":"0"}
✔ V10 Deployment signed-fence recovery across real controller SIGKILL (12321.490041ms)
ℹ {"crashSignal":"SIGKILL","controllerPid":83327,"servicePids":[83201,83199,83200],"workerPids":[83243],"sinkRevision":"1","effectRevisionBefore":"4","effectRevisionAfter":"5"}
✔ V11 Deployment v11-resource-postcommit recovery across real controller SIGKILL (13507.129583ms)
ℹ {"crashSignal":"SIGKILL","controllerPid":83853,"servicePids":[83525,83523,83524],"workerPids":[83567],"sinkRevision":"1","effectRevisionBefore":"4","effectRevisionAfter":"5"}
✔ V11 Deployment v11-revoked-postcommit recovery across real controller SIGKILL (9557.94775ms)
ℹ {"crashSignal":"SIGKILL","controllerPid":84448,"servicePids":[84326,84324,84325],"workerPids":[84368],"sinkRevision":"1","effectRevisionBefore":"4","effectRevisionAfter":"5"}
✔ V10 and V11 ProcessHost/Deployment pin sink outcomes and target grants across promotion and restart (111844.912208ms)
✔ V12 direct ProcessHost charges one witnessed signed sink commit across retry and reopen (43817.189542ms)
✔ F07 transport: real child processes support nested cross-calls, effects and coherent heap return (305.279541ms)
✔ F07 transport: contracts remain enforced and indeterminate effects preserve recovery IDs (152.991875ms)
✔ F07 transport: C1 references reject opaque, foreign and stale state before import (160.166958ms)
✔ F07 transport: HMAC binds roles, sequences, roots and epochs with bounded framing (2.560541ms)
✔ F07 transport: authenticated-worker tampering and oversized incoming frames terminate without orphans (303.939333ms)
✔ F07 transport: timeout interrupts an actual synchronous worker and EOF rejects pending work (360.6475ms)
✔ F07 transport: killing the actual parent cannot orphan a worker executing an infinite loop (342.147041ms)
✔ strict process deployment carries scoped grants through the production host and sink (2150.506458ms)
✔ process deployment factory serves a signed effect resource policy bound to the admitted artifact (1201.206958ms)
✔ fresh production deployment serves exact loader-admitted adapter bytes under signed v2 policy (7672.807708ms)
✔ default effectful deployment pins independent signer across real sink, candidate and restart (10295.538458ms)
✔ explicit anchored-v4 compatibility reopens old adapter-policy bytes without silent upgrade (5004.217875ms)
✔ anchored promotion binds signer identity and refuses key substitution before activation (18936.517417ms)
✔ F08 process deployment: rejected composition, approved migration/body change and rollback preserve real ledger state (4528.443041ms)
✔ F08 process deployment: forged/stale approvals and changed schemas preserve serving state (1210.35675ms)
✔ F08 process deployment: preparation freezes source calls and postcommit activation failure blocks old-root serving until recovery (1408.780375ms)
✔ F08 process deployment: in-flight source writes drain before preparation and invalidate stale snapshot approval (1263.275791ms)
✔ F08 process deployment: actual coordinator death before/after commit reloads artifacts and follows only durable decision (16992.108792ms)
✔ F08 process deployment: receipt loss after inner durable commit recovers original invocation without another append (3286.572208ms)
✔ F08 process deployment: outer intent without inner execution needs authorized abort, while committed receipt survives observer failure (2471.036833ms)
✔ F08 review: invalid typed allocations and calls are rejected before outer intents and do not wedge the deployment (1977.234708ms)
✔ F08 review: cached receipts and fresh intents recheck revocation after the awaited source snapshot (770.301667ms)
✔ F08 review: recovery freezes strategy and rechecks permission after awaits and before receipt publication (847.664458ms)
✔ asynchronous deployment recovery policy is denied before host recovery or receipt publication (608.847667ms)
✔ F08 review: repeated manifest activation rejects historical ABA handles without changing workers or serving generation (2727.56ms)
✔ deployment cached receipts retain historical capability authority when a later declaration weakens (1057.2095ms)
✔ deployment legacy profile adoption is explicit and preserves durable receipts (1213.054042ms)
✔ fresh production deployment requires an independent signer anchor and preserves explicit legacy histories (480.428041ms)
✔ fresh signed deployment refuses unsigned effect services before durable genesis (79.405667ms)
✔ v2 capability history needs explicit legacy adoption and retains settled calls (1129.5075ms)
✔ signed sink commit keeps proved Tier 2 idle across host and fallback reopen (20074.603458ms)
✔ separate controllers recover exact Tier 1 replay after SIGKILL between signed sink commit and fallback publication (17792.02425ms)
✔ signed noncommit fence permits independently proved pure Tier 2 after reconciliation (24088.145042ms)
✔ witness outage around Tier 1 dispatch cannot authorize pure Tier 2 (14977.964834ms)
✔ effectful Tier 1 falls through to independently proved pure Tier 2 after durable noncommit (782.8825ms)
✔ possible Tier 1 external commit blocks the proved conservative tier and preserves its sink count (469.659ms)
✔ authority loss after host completion suppresses the supervisor receipt at both tiers (970.557375ms)
✔ a cached static abort refuses a later completed host operation under its Tier 2 identity (467.333208ms)
✔ root revocation after Tier 2 host success cannot turn that success into a terminal abort (452.957917ms)
✔ a proved Tier 2 cannot regain revoked invocation authority and an edited certificate is refused (467.304125ms)
✔ proved Tier 2 resumes after actual coordinator SIGKILL at the Tier 1 repair boundary (921.727375ms)
✔ V2 reconciles an already committed Tier 1 effect after SIGKILL and never repeats the sink (1119.504375ms)
✔ V2 starts proved Tier 2 only after the trusted adapter reports definitive noncommit (1191.597792ms)
✔ V2 keeps an unknown post-sink crash blocked and never repeats its external call (935.912792ms)
✔ pre-effect Tier 1 fault uses real ProcessHost Tier 2 and one durable sink call (1048.967291ms)
✔ committed Tier 1 effect followed by fault blocks fallback and never duplicates sink (728.130209ms)
✔ both tiers fault before effects and yield deterministic Tier 3 abort (559.752042ms)
✔ a host write at the terminal decision boundary prevents a false safe-state abort (531.568583ms)
✔ host expected heap CAS refuses a stale fallback base (320.901167ms)
✔ a real interleaved host writer prevents Tier 2 from starting from a changed heap (423.010625ms)
✔ repair outbox redelivers stable ID after failed async delivery and detects tamper (809.734625ms)
✔ exact signature and contract mismatch is rejected before journal creation (462.412625ms)
✔ SIGKILL after Tier 1 repair intent resumes Tier 2 with stable IDs (975.829167ms)
✔ SIGKILL after external commit blocks Tier 2 until exact host replay resolves Tier 1 (1025.789541ms)
✔ SIGKILL after host call intent is recovered only with durable noncommit evidence (1079.993458ms)
✔ SIGKILL at effect request can abort only after the durable pre-dispatch state is inspected (1118.807083ms)
✔ SIGKILL inside the sink leaves dispatch indeterminate and never starts Tier 2 (819.47175ms)
✔ fresh Tier 2 grants are required after Tier 1 fails (384.92975ms)
✔ missing Tier 1 grant is rejected before an operation ID is claimed (563.17525ms)
✔ strict ProcessHost grants bind real worker calls to audience, generation and durable revocation (1349.686208ms)
✔ strict ProcessHost rechecks a grant after effect intent and before the external sink (592.062042ms)
✔ strict pure worker call cannot publish state after invocation grant revocation at final commit (597.271125ms)
✔ strict ProcessHost rejects pre-migration grants after a durable ownership generation change (660.918542ms)
✔ trusted effect resource policy denies a valid grant for the wrong ledger target (710.897083ms)
✔ signed resource policy binds a real process effect to its manifest and current grant epoch (825.099166ms)
✔ signed process policy refuses a changed adapter before dispatch (607.3695ms)
✔ v2 process policy requires the exact loader-admitted adapter bytes before a real sink (765.812083ms)
✔ anchored ProcessHost pins signer key in durable configuration across reopen (815.112833ms)
✔ anchored V3 ProcessHost binds import-free adapter, signer key, epoch and host-config/3 before effects (1045.989792ms)
✔ anchored V3 ProcessHost refuses a policy epoch change at effect intent without publishing heap or sink (641.978458ms)
✔ strict scoped grants remain bound through an actual cross-process nested call (711.245375ms)
✔ legacy and strict process profiles reject live closure transfer before external effects (644.549583ms)
✔ F07 coordinator: actual ledger workers preserve state, exact receipts, allocator and migration epochs (1456.742625ms)
✔ F07 coordinator: nested A→B→A passes current heap at every call/effect and preserves aliases (922.100875ms)
✔ F07 coordinator: migration failures obey the durable commit decision and retain both snapshots (1769.253958ms)
✔ F07 coordinator: uncertain calls block migration and only privileged no-effect abort can clear them (1132.931917ms)
✔ F07 coordinator: actual parent death at every migration boundary preserves the decision on same-ID retry (7055.270583ms)
✔ F07 coordinator: actual parent death after sink commit requires real receipt reconciliation and isolated replay (4102.601833ms)
✔ F07 coordinator: concurrent host instances serialize a shared canonical heap (1058.231584ms)
✔ F07 coordinator: seeded cyclic/shared logical references survive a real-worker migration from generation zero (1498.725542ms)
✔ F07 coordinator: effect dispatch rechecks invocation expiry and journal corruption cannot invent outcomes (504.12725ms)
✔ F07 coordinator: two actual parent processes retry one operation without a duplicate sink commit (1863.720625ms)
✔ F07 coordinator: an actual worker timeout remains indeterminate until privileged safe abort (1257.531666ms)
✔ F07 coordinator: mutable caller objects cannot change queued intent or authorized recovery strategy (1272.800167ms)
✔ F07 coordinator: caller operation IDs cannot collide with another call boundary path (740.031166ms)
✔ F07 coordinator: revoked recovery authorization cannot publish a safe abort or replay result (1098.435708ms)
✔ asynchronous recovery policy cannot publish an abort or replay (445.436458ms)
✔ F07 coordinator: current state is bound to retained transition receipts, including against old snapshot substitution (464.7555ms)
✔ F07 coordinator: real workers enforce declared argument/result types and sound scalar generics (438.739167ms)
✔ witnessed native fallback publishes the proved alias result and survives reopen (4494.581917ms)
✔ distinct-reference native Tier 3 abort preserves the exact host source state (3549.892958ms)
✔ native grants fail before intent and revocation at publication retains recoverable source (5878.037083ms)
✔ substituted executable leaves a witnessed native intent unresolved until exact bytes return (3479.941833ms)
✔ controller close at native intent, launch or publication cannot commit a result (12636.800666ms)
✔ witnessed v5 reopen rejects malformed empty checkpoint extension fields (4964.274125ms)
✔ native publication waits for the host witness and recovers after service restart (4694.073458ms)
✔ fresh controller recovers a witnessed native intent after SIGKILL before publication (5613.3845ms)
✔ fresh controller reads the one committed native decision after postcommit SIGKILL (5021.27825ms)
✔ exact native fallback consumes real ProcessHost state and matches durable tier decisions (2419.017584ms)
✔ actual native packed candidate is one durable ProcessHost control across retry, reopen and publication (14741.814625ms)
✔ packed control survives real controller SIGKILL before and after durable decision (24759.826667ms)
✔ checkpoint lease preserves nonempty frames/tasks and publishes state to actual production workers (10870.722667ms)
✔ stale production generations reject while explicit fresh epoch mapping preserves the same allocation (10151.597625ms)
✔ checkpoint publication requires current grants, exact origin and engine-produced progression (1002.63375ms)
✔ leased effects use the durable private C1 view, reconcile unknown outcomes and publish exactly once (13633.028334ms)
✔ checkpoint policy requires literal true and publication rechecks policy after preparation (9203.031375ms)
✔ typed local and heap controls survive restart, retain audit, and resume without rebuilding workers (15850.639917ms)
✔ correction policies reject Promise grants and revocation at the durable publication boundary (1055.851041ms)
✔ durable rewind debt replays committed effects without redispatch and blocks divergent corrections (41671.191584ms)
✔ fresh controllers recover SIGKILL at checkpoint, effect receipt and publication boundaries (132679.169958ms)
✔ host-bound semantic retention pins exact task/replay roots before checkpoint publication and survives direct collection and reopen (8145.789792ms)
✔ host-bound retention rejects removed marker, missing AST root and wrong authority on reopen (5407.173875ms)
✔ retention loss at the host publication phase blocks the durable heap decision (5844.779792ms)
✔ controller death before pin and after checkpoint decision preserves the correct AST/lease ordering (13698.018583ms)
✔ V12 witnessed sink retirement survives controller SIGKILL before durable promotion commit (31246.094167ms)
ℹ {"boundary":"before","controllerCrash":"SIGKILL","services":[58405,58403,59365],"candidateWorkerPids":[58728,58816],"deploymentWitnessRevision":"6","sinkRevision":"1"}
✔ V12 witnessed sink retirement survives controller SIGKILL after durable promotion commit (48454.712ms)
ℹ {"boundary":"after","controllerCrash":"SIGKILL","services":[59570,59568,64751],"candidateWorkerPids":[59869,59961],"deploymentWitnessRevision":"8","sinkRevision":"2"}
✔ V12 semantic deployment artifact and effect plan preserve exact V1/V2 domains (1693.495958ms)
✔ V12 witnessed deployment retires one dead signed sink, preserves live dispatch and old receipt (25002.620417ms)
✔ V12 commit fence rejects a new active-task pin after candidate preparation (6588.925042ms)
✔ V12 rejects semantic checkpoint custody smuggled through a reloadable factory (1597.951333ms)
✔ typed process boundary enforces primitive values, exact arity and return type (4.066584ms)
✔ typed process boundary checks all IntN ranges and nominal representations without coercion (2.88525ms)
✔ typed process records validate required fields and preserve bounded cyclic/extra data (0.698917ms)
✔ typed allocation rejects missing/extra fields, inherited keys and wrong field values (0.391ms)
✔ scalar and sequence type variables infer consistently and constrain returned values (1.850334ms)
✔ Result active variants and nested generic fields preserve independent bindings (0.830209ms)
✔ Owned requires separation of reachable graphs, including hidden aliases and sequences (1.276083ms)
✔ unsupported opaque values and excessive type nesting fail explicitly (0.549083ms)
✔ independent V7 clock refuses frozen-factory grant expiry and signed deadline before guest dispatch (3127.954125ms)
✔ V9 independent witness preserves a committed guest effect across controller SIGKILL and fresh reconciliation (8702.949833ms)
ℹ {"crashSignal":"SIGKILL","phases":[{"controllerPid":70522,"phase":"call-intent","operationId":"crash-v9","generation":"1"},{"controllerPid":70522,"phase":"effect-requested","operationId":"crash-v9","generation":"1"},{"controllerPid":70522,"phase":"effect-recorded","operationId":"crash-v9","generation":"1"}],"guestDispatches":[{"controllerPid":70522,"mode":"crash","requestDigest":"aether.effect/1:b3:0877525842b3a33514beded1f3f1f8873a5fdd5d2409c4f6c778fce203ef3a6d"}],"brokerWitnessRevision":"5","brokerWitnessJournal":"{\"clockDomain\":\"controller-crash-clock/1\",\"format\":\"aether.effect-journal/2\",\"records\":[{\"adapterId\":\"controller-crash/1\",\"adapterSemanticsDigest\":\"aether.effect-adapter/1:b3:ecbef9efb2de242f6855b3c767a921eb65f17cb8ceb3931cb881741b5bfacec4\",\"dispatchStarted\":true,\"format\":\"aether.effect-event/1\",\"observedAt\":\"100\",\"outcome\":{\"receiptDigest\":\"aether.effect-receipt/1:b3:a3b4fe072b7ebc2f8d4565105de27d986f4351f0caebaddfc60ce794c3ba9250\",\"state\":\"committed\",\"value\":{\"tag\":\"int\",\"value\":\"8\"}},\"prepared\":null,\"recordedAt\":\"100\",\"request\":{\"branchId\":null,\"budgetReservationId\":null,\"capabilityGrantRef\":\"aether.process-effect-grant-ref/1:b3:8e56fdaf8d7181fe88dbacddf1cf7ae097dcf9f4d7b96e69d4e5973934939936\",\"deadline\":\"1000\",\"effectId\":\"operation-0\",\"executionId\":\"aether.process-boundary/1:b3:93f12c6b5ab38c4b564ea0d4a7fb1e78dad71f32334e351a399d8ed6529bf03f\",\"executionManifest\":\"aether.execution/1:b3:6846de7d7a27376a02f29c4dfde9594e9bc137184aaba3d239d6b98590dbb095\",\"format\":\"aether.effect/1\",\"payload\":{\"items\":[{\"tag\":\"string\",\"value\":\"cap:test:controller_crash\"},{\"tag\":\"int\",\"value\":\"7\"}],\"tag\":\"sequence\"},\"payloadDigest\":\"aether.effect-payload/1:b3:ad62bf3a65955ddc0155ab37acec9a8cef1e011eedfaa43e69841f1350102b4e\",\"policyEpoch\":\"0\"},\"requestDigest\":\"aether.effect/1:b3:0877525842b3a33514beded1f3f1f8873a5fdd5d2409c4f6c778fce203ef3a6d\",\"sequence\":\"0\",\"state\":\"committed\",\"transitions\":[{\"dispatchStarted\":false,\"state\":\"requested\",\"time\":\"100\"},{\"dispatchStarted\":false,\"state\":\"reserved\",\"time\":\"100\"},{\"dispatchStarted\":false,\"state\":\"prepared\",\"time\":\"100\"},{\"dispatchStarted\":true,\"state\":\"prepared\",\"time\":\"100\"},{\"dispatchStarted\":true,\"state\":\"committed\",\"time\":\"100\"}]}],\"revision\":\"5\",\"witnessDigest\":\"aether.effect-journal-witness/2:b3:a8042f24336ae48d816e6bb28acd69363913558cf87da07fbea64a8d2a96be1e\"}","recovered":{"execution":{"ok":true,"steps":0,"value":{"tag":"int","value":"7"}},"generation":"1","operationId":"crash-v9","state":"completed","unit":"worker"}}
✔ opt-in v6 deployment persists an anchored Wasm-only policy through actual process calls and reopen (4204.041167ms)
✔ anchored V4 ProcessHost runs exact isolated Wasm through a real worker and durable broker (4385.340208ms)
✔ V9 host and deployment use peer-checked external witness across service SIGKILL without redispatch (16705.248375ms)
✔ V9 protects complete host and broker history across real Wasm calls, promotion and reopen (4834.94425ms)
✔ V8 pins operator witness through real Wasm host, deployment, promotion and reopen (2748.710375ms)
✔ strict deployment requires signed genesis, exact evidence and causal parent linkage for real ledger promotion/rollback (5087.895166ms)
✔ strict serving invalidates on transitive specification revision and signed repair can replace the quiescent stale source (3513.724958ms)
✔ strict precommit checkpoint catches author revocation during prepare and aborts isolated candidate workers (2604.964292ms)
✔ strict actual-process crash recovery follows commit even if specification invalidation blocks serving (9836.611375ms)
✔ strict live invalidation blocks the next effect and privileged historical recovery creates no live append (1914.538458ms)
✔ strict readiness preserves malformed authority errors instead of presenting ordinary invalidation (1525.67075ms)
✔ surfaces are found with the path needed to rewrite them (5.994542ms)
✔ a domain enumerates exactly what the author allowed (2.711084ms)
✔ FR-4.2: tuning descends a measured objective it cannot see into (2.214417ms)
✔ the evaluation budget is a hard ceiling, because measurements cost traffic (1.766833ms)
✔ a gradient is recorded for range surfaces and not invented for choices (1.834416ms)
✔ FR-4.2: applying a tuning rewrites parameters and nothing else (5.011541ms)
✔ a tuned module still verifies and still passes its micro-worlds (79.833167ms)
✔ an objective with no better configuration converges without changing anything (1.867791ms)
✔ the tuner optimizes each surface for the objective it declares (1.72175ms)
✔ the call graph is read from the code, not from configuration (2.706125ms)
✔ FR-4.1: heavy interconnect is recombined into one in-process domain (0.743208ms)
✔ the same graph compiles to different shapes with different prices (0.463459ms)
✔ capabilities decide placement, without an annotation saying so (0.268917ms)
✔ a footprint limit blocks a merge the traffic would otherwise justify (0.325208ms)
✔ an isolated capability is never co-located (0.21625ms)
✔ transport glue is derived, and forwards the capability envelope (0.324833ms)
✔ a plan renders to something a human can review (0.247583ms)
✔ E4: concurrency findings become single-writer placement constraints (0.252042ms)
✔ G3: the production tokenizer uses real cl100k BPE tables (104.455708ms)
✔ v4 plan exactly covers the preserved functional requirements and source digest (10.409583ms)
✔ v4 document version and generated tracker cannot drift (3.644667ms)
✔ v4 first slice is ordered and closes its dependencies; waves respect every edge (0.409792ms)
✔ v4 validator rejects cycles, dangling edges, unknown coverage and duplicate identities (1.95625ms)
✔ v4 validator rejects lost delivery ownership, missing release closure and unexplained blockers (1.093458ms)
✔ v4 completion requires exact-version evidence for every gate and all dependencies (2.522125ms)
✔ v4 ordering fails loudly if it cannot make progress (0.45825ms)
ℹ tests 1057
ℹ suites 0
ℹ pass 1056
ℹ fail 0
ℹ cancelled 0
ℹ skipped 1
ℹ todo 0
ℹ duration_ms 1433888.159542
