
> @ghostlygawd/aether@0.1.0 pretest
> npm run build


> @ghostlygawd/aether@0.1.0 build
> tsc -p tsconfig.json && node scripts/copy-native-fallback-driver.mjs && node --experimental-strip-types scripts/process-worker-bundle.ts build

{"format":"aether.process-worker-bundle/2","bundle":{"path":"/Users/rhenmcleod/Repositories/swarm-experiment/dist/process-worker.bundle.mjs","bytes":769991,"sha256":"c16b9a6c0bd237895931ee1ecb34878b27faf17a6888e36b9f1a8ab18f7293e1"},"node":{"path":"/opt/homebrew/Cellar/node/26.7.0/bin/node","bytes":50320,"sha256":"1ef99ea25fe70c9b67e7efe768ef8ee22148d3cabc703db6131b57aeb617d040"},"nativeScope":"aether.macos-node-static-link-closure/1","nativeLibraries":25,"inputCount":70,"externalNodeImports":["node:child_process","node:crypto","node:fs","node:net","node:path","node:perf_hooks","node:util"],"toolVersion":"0.28.2"}

> @ghostlygawd/aether@0.1.0 test
> node --test --test-concurrency=1 --experimental-strip-types "test/**/*.test.ts"

✔ G1: agent protocol frames survive arbitrary stream chunking (7.091291ms)
✔ G2: durable leases exclude competing agents and expire (18.315375ms)
✔ J3: abandoned filesystem locks are recovered after the stale threshold (1.022875ms)
✔ independent benchmark reader recounts complete messages, target rows and current source bytes (1127.646333ms)
✔ verifier refuses altered verdicts, thresholds, raw messages, source list and noncanonical JSON (3573.419458ms)
✔ source commit substitution cannot pass exact-source verification (795.63225ms)
✔ changed hardware diagnostics cannot pass exact-source verification (824.722042ms)
✔ V4-F02: corpus aggregation divides summed actual counts, not averaged ratios (0.652ms)
✔ V4-F02: real-tokenizer corpus includes cold dictionaries and complete warm message framing (106.748292ms)
✔ V4-F02: full-session arithmetic includes failed attempts, repairs, responses and dictionary deltas (10.822375ms)
✔ AE6 ledger profile charges the cold base and full changed session while complete warm wires exceed 4× in both tokenizers (419.475541ms)
✔ V4-F02: enforcement rejects misses, unmeasured, inconclusive, deleted, duplicated and fabricated pass rows (0.199208ms)
✔ V4-F02: measurement CLI succeeds while enforcement fails and emits reproducible bound evidence (1285.873584ms)
✔ V3 retains an exact signed receipt and rechecks it on cached dispatch, inspect, reconcile, and replay (141.253375ms)
✔ V3 crash after sink success is indeterminate until receipt-backed read-only reconciliation (111.609458ms)
✔ V3 will not certify a forged sink commit or reuse an unsigned structural adapter (96.007416ms)
✔ legacy brokers refuse an attested sink adapter before any durable intent or sink call (1.869459ms)
✔ V3 verifies a signed durable noncommit fence before terminal abort (125.742ms)
✔ V3 rejects forged witnessed cached records, missing signed proof, V1 witness, and downgrade (120.524375ms)
✔ trusted wrapper accepts exact signed commit, pins copied identity, and exposes a detached proof (7.815083ms)
✔ forged, mismatched, stale, and contradictory signed responses never yield a committed value (9.385958ms)
✔ reconciliation reports noncommit only from a signed terminal fence; uncertainty stays unknown (2.140083ms)
✔ broker keeps transport failure indeterminate and releases it only after signed fence (115.179709ms)
✔ V4 broker withholds a valid sink signature until the independent sink head retains it (156.906208ms)
✔ signed sink receipt reconciles a real postcommit controller SIGKILL without another external decision (2758.936625ms)
✔ V4 broker requires independent sink head across real postcommit controller SIGKILL and replay (4941.5115ms)
✔ operator process commits exactly once and retains identical signed receipt after SIGKILL/restart (662.933708ms)
✔ near-limit accepted payload retains a recoverable signed response after restart (440.556083ms)
✔ status makes a durable signed noncommit fence that permanently refuses execute (410.916417ms)
✔ lost wire response remains a committed decision; wrong auth and forged stored receipt fail closed (319.069625ms)
✔ CLI refuses a group-readable signing key before opening the sink (89.877417ms)
✔ separate sink witness restores deleted/older local state and fails closed on outage or equivocation (2759.814667ms)
✔ V5 predispatch denial holds funds until an exact signed witnessed noncommit fence (977.712ms)
✔ V5 recovers a reserve that reached the bridge before broker publication (718.030167ms)
✔ V5 keeps funds encumbered when the bridge loses its reserve receipt (664.852ms)
✔ V5 router pins operator bridge, grant and full recorded reservation identity (654.68725ms)
✔ signed V7 router checks its private complete adapter map before any live dispatch (259.870917ms)
✔ V5 witness outage leaves an authorized reservation encumbered (519.27875ms)
✔ V5 predispatch status can only charge an exact signed witnessed commit once (877.216834ms)
✔ V5 rejects forged budget hooks and exact bridge substitution (1010.590208ms)
✔ V5 cached commits fail closed on local or witness rollback of bridge and ledger (3147.601042ms)
✔ deployment witness pins operator and namespace with exact durable CAS bytes (2.911333ms)
✔ deployment witness rejects stale writers, rollback and same-revision equivocation (0.626708ms)
✔ deployment witness rejects incomplete, wrong-revision, wrong-identity and noncanonical journals before CAS (3.361584ms)
✔ deployment witness rejects false CAS acknowledgments and can recover a lost response (1.242583ms)
✔ deployment witness rejects malformed source heads (0.299375ms)
✔ deployment witness admits exact /10 sink identity and retains canonical CAS bytes (1.171834ms)
✔ deployment witness V12 pins signed sink table fields and immutable export authority (2.83575ms)
✔ deployment witness rejects malformed /10 sink fields and profile before CAS (0.686458ms)
✔ deployment witness forbids sink identity drift and /9↔/10 switch before CAS (2.2045ms)
✔ deployment witness admits exact /11 resource-scoped sink journal and durable CAS bytes (0.539ms)
✔ deployment witness rejects malformed /11 sink fields, namespace, and profile before CAS (0.53275ms)
✔ deployment witness prevents /11 sink identity changes and cross-version adoption before CAS (2.799125ms)
✔ namespaced V2 identities bind deployment and operation, while V1 bytes remain stable (2.143167ms)
✔ V2 catalog rejects V1, wrong deployment, operation, authority, repository, and clock (0.660875ms)
✔ V2 catalog pins the selected object for its lifetime (0.15925ms)
✔ V1 and V2 require a retained head after a falsely successful CAS response (0.22275ms)
✔ broker accepts V2 and rejects a head aliased across deployment namespaces (11.213292ms)
✔ V2 witnessed broker refuses recomputed local terminal receipts and restores deleted/older files (175.906125ms)
✔ uncertain witness response after pre-sink marker never dispatches and reopens from witnessed state (79.891584ms)
✔ same-anchor witness rollback and local V1 adoption fail closed (70.840333ms)
✔ isolated replay prefix rewind/resume checks complete ordered request/outcome bindings without callbacks (127.9075ms)
✔ isolated buffer restoration is atomic, preserves historical identities and never grants live authority (3.9125ms)
✔ F04/G2 request IDs and durable receipts survive reopening; identical retries never reexecute (99.474458ms)
✔ cached committed receipts never call current cleanup policy or release a budget (99.985833ms)
✔ F04/G2 changed payload, manifest, policy, grant, deadline and reservation cannot reuse a live effect ID (235.131583ms)
✔ F04/G1 replay consumes exact ordered outcomes, with no live adapter or current-policy callbacks (147.99275ms)
✔ F04/G1 shadow and speculative writes buffer branch intents without production adapters or grants (1.456667ms)
✔ F04 isolated branch intents require explicit selected-branch admission before live dispatch (88.088625ms)
✔ F04 denial, stale revocation, deadline and cancellation occur before the irreversible sink (140.945167ms)
✔ F04 final authorization checks catch revocation during durable dispatch preparation (57.334417ms)
✔ F04 cancellation after the sink acts preserves its committed charge and receipt (53.519083ms)
✔ F04 budget exhaustion selects refusal; retries and speculative forks cannot repeat charges (109.385459ms)
✔ F04/G3 receipt-store failure after sink success returns indeterminate and reconciles without redispatch (106.511708ms)
✔ F04/G3 actual process death after durable sink commit retains an uncertain dispatch until reconciliation (206.627ms)
✔ F04/G3 unknown non-idempotent effects are never blindly retried or reported as aborted (122.669083ms)
✔ F04 live lock owner cannot be taken over; malformed requests and corrupt receipts fail before dispatch (107.905416ms)
✔ F04 transactional prepare commits once, and abandoned preparations recover without a sink commit (132.028708ms)
✔ F04 separate recovery authority reconciles a committed charge after original grant revocation (107.841875ms)
✔ F04 concurrent processes share a durable reservation hook without overspending its final unit (168.436208ms)
✔ F04 corrupt dispatch markers, illegal histories and recovery identities cannot cause false abort/refund (168.306583ms)
✔ F04 process crashes at every ticket publication/release boundary recover without incomplete lock owners (614.08475ms)
✔ F04 recovery process crashes cannot orphan a recovery mutex or release a later writer ticket (454.00125ms)
✔ F04 retained ticket quotas and legacy lock layouts fail explicitly instead of recycling identities (55.7585ms)
✔ F04 concurrent broker processes serialize one shared journal without overlapping sink entry (488.522334ms)
✔ v2 evidence policy binds hard SMT profile to exact manifest and reverified peer evidence (141.443875ms)
✔ F06 compiler admission consumes branded evidence and preserves every external precondition (17.159209ms)
✔ F06 compiler admission retains property-classified postconditions (5.593459ms)
✔ F06: actual local solver evidence is bound, immutable and distinguishable from peer claims (7.589083ms)
✔ F06/G1: every execution-subject field invalidates old evidence (8.226ms)
✔ F06/G1: actual transitive external dependency content is resolved and pinned (2.515333ms)
✔ F06/G2: malformed, truncated, duplicate, hidden-assumption and forged evidence fails closed (12.082917ms)
✔ F06/G2: unchecked caller preconditions and absent frame contracts do not mint evidence (3.701708ms)
✔ F06/G3: property classification remains delegated and never becomes formal proof (4.117958ms)
✔ F06: modeled ledger record transitions and formal loops are accepted with property clauses retained (19.495417ms)
✔ F06: actual verifier alias assumptions remain explicit and cannot authorize evidence (2.089833ms)
✔ F06: type and capability validation precede proof admission (0.70625ms)
✔ F06/G2: actual exhausted solver budgets and truncated branch exploration cannot mint evidence (48.760792ms)
✔ F06: concrete nested-alias verifier gap is rejected before a false proof can authorize elision (1.216041ms)
✔ v5 host witness retains native fallback binding, before snapshot, state and terminal result across service restart (2112.543833ms)
✔ host witness pins operator, repository and stable host identity, with exact CAS bytes (1.871458ms)
✔ host witness rejects stale writers, rollback and same-revision equivocation (0.377292ms)
✔ host witness refuses malformed, noncanonical and oversized heads before advancing (1.063833ms)
✔ host witness refuses false CAS acknowledgments and can reread after a lost response (0.634708ms)
✔ host witness rejects malformed source objects and accepts prior canonical host formats (0.234167ms)
✔ host catalog pins an operator namespace and one witness object per stable host (0.303834ms)
✔ F03/G1 v1 AST and commit addresses remain unchanged across metadata observation and reopen (25.879208ms)
✔ F03/G2 execution manifest binds every execution context component and sorts complete dependency closure (3.200166ms)
✔ F03/G2 metadata is content-bound independently and domains cannot be relabeled (0.222542ms)
✔ F03/G3 tagged wire values preserve bigint, Unicode and reference identity without numeric coercion (0.489833ms)
✔ F03/G3 malformed values, duplicate map keys and unsupported versions are rejected (1.201958ms)
✔ F03/G3 schema resource limits reject byte, decompressed, depth, count and integer excess (0.367583ms)
✔ F03/G3 state envelopes preserve cycles and shared IDs and reject malformed object tables (1.921292ms)
✔ canonical identity rejects proxy-backed mutable data without executing traps (0.114666ms)
✔ F07 async journal ownership survives awaits and does not block response delivery (77.244625ms)
✔ F08 core: exact governor-approved subject commits and filesystem activation is idempotent (157.949125ms)
✔ production commit fence holds the final decision before activation and can recover a postcommit interruption (252.038167ms)
✔ production commit fence refuses omitted, late, repeated and stale-authority decisions (361.598625ms)
✔ F08 core: individually valid literal edits fail when their composed root violates a+b >= 18 (80.204708ms)
✔ F08 core: forged signatures, changed effect/migration context and stale policy/expiration cannot authorize (548.015333ms)
✔ F08 core: failed prepare, cross-subject handles and policy changes during prepare preserve old state (352.720833ms)
✔ F08 core: activation failure after commit blocks serving and recovers the committed new target (203.083167ms)
✔ F08 core: two coordinator instances racing the same parent commit at most one candidate (194.019459ms)
✔ F08 core: malformed approvals are rejected before mutation and corrupt readiness/history fails closed (130.669458ms)
✔ F08 core: real process death at each durable phase recovers before/after the commit boundary (1514.593209ms)
✔ admission profiles: strict lineage is the default and baseline is explicit and durable (191.751208ms)
✔ admission profiles: explicit legacy adoption validates and preserves exact signed history (193.15ms)
✔ admission profiles: malformed legacy identity or approval refuses migration without rewriting bytes (208.146625ms)
✔ independent signatures form an exact-root, heterogeneous commit certificate (11.295792ms)
✔ forgery, wrong signer, phase, root, policy and epoch cannot authorize promotion (10.250125ms)
✔ enrollment refuses one-family dominance, duplicate keys and too few validators (1.258041ms)
✔ one equivocating validator cannot reach two conflicting three-of-four certificates from disjoint honest votes (5.57725ms)
✔ three durable honest phases decide one ordered branch and new-view selects its highest prepare QC (5471.913208ms)
✔ a signed block cannot skip the exact candidate manifest of its parent (223.177084ms)
✔ restart and a second controller cannot double-vote or skip a locking phase (1508.596917ms)
✔ withheld votes stop decisions; increasing local timeouts rotate leader without releasing locks (2268.258541ms)
✔ a delayed validator requires checked ancestry and later decides the missing committed prefix in order (4096.456917ms)
✔ authenticated new-view reports reject stale context, wrong QC phase and equivocation (2890.283542ms)
✔ two real controllers racing one validator identity durably publish only one competing vote (725.119042ms)
✔ bounded state refuses exhaustion and rechecks historical phase logic even with a recomputed checksum (654.351834ms)
✔ a locked validator rejects a conflicting stale justification even if the leader signs it (1567.194583ms)
✔ literal application validity and malformed clock or journal state fail before voting (580.591167ms)
✔ real controller death before/after vote persistence cannot acknowledge an equivocation on restart (1504.29575ms)
✔ unaudited research checker independently verifies all 40 Rust-generated group and authenticated share transcripts (1261.962625ms)
✔ group-signature-only and claimed family labels cannot replace enrolled participation attestations (36.770125ms)
✔ exact proposal, epoch, policy, phase, view, parent, expiry and enrollment bindings cannot be replayed (4.423709ms)
✔ authenticated cancelling false shares reject even when their sum and OpenSSL group signature remain valid (24.2045ms)
✔ duplicate, stale, malformed scalar and non-prime-subgroup public contributions are rejected (102.829291ms)
✔ enrollment cannot substitute mixed verifying shares or one-family/one-role membership (13.754333ms)
✔ research replay ledger rejects duplicates atomically and cannot imply durable replay protection (123.299625ms)
﹣ pinned FROST 3.0.0 independently cross-checks valid, cancelling, changed and malformed public shares (0.054041ms) # SKIP
✔ durable vote admission survives restart and never counts one signer twice (187.490167ms)
✔ equivocation is retained and quarantines the signer slot without hiding an honest quorum (229.86225ms)
✔ foreign or corrupted votes fail closed and missing established state cannot reset history (127.627375ms)
✔ an interrupted empty journal initialization resumes only behind its marker (88.578334ms)
✔ V4-F05: signed durable ingestion is idempotent, keeps occurrence identity distinct, and restores sequence after restart (415.384917ms)
✔ V4-F05: missing causal predecessors remain pending and become ready after dependency delivery (343.474834ms)
✔ V4-F05: validly signed operation-ID equivocation and descendants are quarantined in every arrival order (687.555416ms)
✔ V4-F05: signatures, hashes, versions, epochs, schema/resource limits and invalid clocks cannot admit operations (344.463208ms)
✔ V4-F05: concurrent processes sharing an author journal publish distinct complete sequence records (259.228542ms)
✔ V4-F05: process exit after durable author publication never reuses an operation ID (192.066292ms)
✔ V4-F05: ingestion failures distinguish unpublished bytes from durable commit recovered after process exit (288.939375ms)
✔ V4-F05: deterministic harness exercises reorder, duplicate, drop, partition, missing-peer requests and restart (355.241375ms)
✔ V4-F05: concurrent count/byte admission and author-ingest races cannot overfill a journal (1166.429833ms)
✔ V4-F05: exact duplicate delivery needs no extra ticket after admission quota exhaustion (124.628125ms)
✔ T1-06 author identity builder fails before sequence publication and preserves its checkpoint clock floor on restart (200.638625ms)
✔ T1-06 author identity builders in concurrent processes receive distinct durable operation IDs (230.391916ms)
✔ signed sink commit binds exact request, payload, approved adapter and committed value (4.037833ms)
✔ signed terminal fence has no committed value or commit ID (1.378958ms)
✔ forgery, signed-field alteration, wrong key and signer mismatch are refused (2.633792ms)
✔ valid signature cannot be replayed into a different operation, repository, deployment, policy or value (2.758583ms)
✔ even a valid sink signature must agree with independently supplied request and grant context (2.104708ms)
✔ malformed, oversized, accessor and noncanonical receipt or anchor objects fail closed (1.091083ms)
✔ sink witness binds operator, exact anchor and adapter; advances one signed decision per revision (10.055041ms)
✔ sink witness rejects stale writers, rollback and same-revision equivocation (3.372708ms)
✔ sink witness adopts an existing matching head but rejects a changed anchor or adapter at startup (1.722667ms)
✔ sink witness refuses changed identity, wrong revision/count, invalid rows and noncanonical bytes before CAS (5.666791ms)
✔ sink witness rejects repeated effect, decision and commit identities (3.079083ms)
✔ sink witness rejects false CAS success and missing post-CAS retention (1.964ms)
✔ independent clock is rechecked after a factory authorization callback and before the sink (133.89ms)
✔ versioned evidence derives the archived wrapper as an exact checked dependency (13.923416ms)
✔ virtual evidence refuses policy, descriptor, source, profile and closure substitutions (7.788917ms)
✔ strict signed lineage admits the archived wrapper dependency and retains it after collection (1112.840125ms)
✔ V5 parses visible Atomic bodies and rejects altered rollback scaffolding; V4 stays closed (109.906292ms)
✔ development reference establishes return/rollback/effect and settled-task allocation semantics (1.90475ms)
✔ actual typescript Atomic matches reference rollback and nonlocal return semantics (405.022958ms)
✔ actual python Atomic matches reference rollback and nonlocal return semantics (68.556458ms)
✔ actual rust Atomic matches reference rollback and nonlocal return semantics (1754.477792ms)
✔ actual typescript Atomic restores state and native step counter after authority and budget faults (98.561083ms)
✔ actual python Atomic restores state and native step counter after authority and budget faults (49.758625ms)
✔ actual rust Atomic restores state and native step counter after authority and budget faults (741.725208ms)
✔ V12 parses visible blockless bindings to the exact root and guards slot scaffolding (100.904042ms)
✔ each blockless If, While and Atomic shape independently selects V12 (16.883875ms)
✔ V12 reference run covers selected branches, skipped bindings, loop rebinding, Atomic, assignment and shadow fallback (1.0565ms)
✔ V12 explicitly rejects invalid blockless binding types (0.506708ms)
✔ V12 profile propagates through an exact-address import closure (25.622833ms)
✔ V12 actual typescript execution matches reference binding outcomes (402.5715ms)
✔ V12 actual python execution matches reference binding outcomes (52.473209ms)
✔ V12 actual rust execution matches reference binding outcomes (3765.606375ms)
✔ composite profiles preserve exact AST identities and parse visible collection/field edits (136.849708ms)
✔ actual typescript composite execution preserves aliasing, old records, lazy Result branches, callbacks and write order (98.883709ms)
✔ actual python composite execution preserves aliasing, old records, lazy Result branches, callbacks and write order (66.680333ms)
✔ actual rust composite execution preserves aliasing, old records, lazy Result branches, callbacks and write order (3229.671875ms)
✔ continuation source keeps bodies visible and validates capture scaffolding (124.119708ms)
✔ actual typescript closures/tasks preserve captures, identity and effect authority (100.311792ms)
✔ actual python closures/tasks preserve captures, identity and effect authority (67.38475ms)
✔ actual rust closures/tasks preserve captures, identity and effect authority (1116.598208ms)
✔ actual typescript completed tasks retain results under revocation without redispatch (104.067083ms)
✔ actual python completed tasks retain results under revocation without redispatch (64.992541ms)
✔ actual rust completed tasks retain results under revocation without redispatch (774.631791ms)
✔ indirect contract callbacks fail explicitly and blockless bindings select V12 (51.046208ms)
✔ V11 parses visible pure contract calls and preserves exact AST identities (51.263959ms)
✔ V11 rejects undeclared purity, unsynthesized and indirect paths through contract callees (8.316083ms)
✔ V11 resolves a pure contract callee through an exact-address dependency (29.276292ms)
✔ V11 actual typescript contract calls enforce pre and postconditions after mutation (420.595875ms)
✔ V11 actual python contract calls enforce pre and postconditions after mutation (48.220083ms)
✔ V11 actual rust contract calls enforce pre and postconditions after mutation (3820.229292ms)
✔ V17 checked function values and direct lazy tasks parse to exact roots (654.412292ms)
✔ V15 certificates close over an exact-address imported scalar factory (35.876458ms)
✔ V17 actual typescript contract admits pure lazy tasks and refuses raw/record captures (427.407083ms)
✔ V17 actual python contract admits pure lazy tasks and refuses raw/record captures (60.056292ms)
✔ V17 actual rust contract admits pure lazy tasks and refuses raw/record captures (3790.031541ms)
✔ V17 actual typescript refuses a certified closure after host capture mutation (106.622708ms)
✔ V17 actual python refuses a certified closure after host capture mutation (61.654292ms)
✔ V14 round-trips exact closure contracts and rejects hidden native capture edits (73.737958ms)
✔ V14 retains bounded refusals while V15 admits checked function values and scalar locals (62.440792ms)
✔ V14 binds a read-only closure factory through an exact-address import (29.426333ms)
✔ V14 actual typescript scalar-capture closure contracts match reference outcomes (397.993125ms)
✔ V14 actual python scalar-capture closure contracts match reference outcomes (42.200833ms)
✔ V14 actual rust scalar-capture closure contracts match reference outcomes (3586.284125ms)
✔ V13 contract calls accept read-only composite inputs and pure sequence folds (84.234167ms)
✔ V13 rejects mutable and effectful contract callees, including transitive paths (48.344584ms)
✔ V13 still rejects a valid pure closure predicate while V14 admits its exact root (11.375583ms)
✔ V13 carries typed contract helpers through an exact-address import closure (28.446875ms)
✔ V13 actual typescript composite contract checks pass and fail before body execution (406.81925ms)
✔ V13 actual python composite contract checks pass and fail before body execution (50.080083ms)
✔ V13 actual rust composite contract checks pass and fail before body execution (3693.398542ms)
✔ V15 checks both direct branch-return closure factory arms (32.125417ms)
✔ V16 checks both branch-local captures while V15 retains its refusal (23.043334ms)
✔ V16 checks the quantifier binder inside a closure while V15 refuses it (13.74375ms)
✔ V16 binds the exact pure helper into a passed closure certificate (21.906958ms)
✔ V16 binds an imported pure helper address and body into the closure certificate (30.021542ms)
✔ V18 record-task field reads retain exact AST identity and V17 refuses the new profile (118.132833ms)
✔ V18 actual typescript awaits fresh record tasks with zero ambient effects (387.912375ms)
✔ V18 actual python awaits fresh record tasks with zero ambient effects (49.522708ms)
✔ V18 actual rust awaits fresh record tasks with zero ambient effects (3656.317542ms)
✔ V9 round-trips null bodies exactly and rejects changed executable scaffolding (29.126542ms)
✔ V9 propagates unsynthesized dependency identity through exact-address imports (26.656ms)
✔ V9 actual typescript declaration traps while synthesized code executes (392.146458ms)
✔ V9 actual python declaration traps while synthesized code executes (43.022208ms)
✔ V9 actual rust declaration traps while synthesized code executes (3368.735875ms)
✔ scalar native profiles round-trip all emitted control flow and parse actual visible edits (123.687833ms)
✔ unsupported projected AST and host syntax reject rather than use placeholders or hidden IR (27.882459ms)
✔ actual typescript execution preserves booleans, arbitrary integers, negative division, overflow, contracts and effects (89.378375ms)
✔ actual python execution preserves booleans, arbitrary integers, negative division, overflow, contracts and effects (56.81225ms)
✔ actual rust execution preserves booleans, arbitrary integers, negative division, overflow, contracts and effects (690.894375ms)
✔ declared scalar kinds retain type declarations, surfaces, branch shape and contract metadata (18.994083ms)
✔ generic captured closures and tasks round trip and execute in typescript (97.37425ms)
✔ generic captured closures and tasks round trip and execute in python (57.439041ms)
✔ generic captured closures and tasks round trip and execute in rust (1039.627083ms)
✔ generic/nested AST identities and visible type witnesses round trip; unsupported open contexts reject (330.710042ms)
✔ reference interpreter establishes nested generic container and capability results (2.599333ms)
✔ actual typescript generic/nested source edits preserve containers and reject false witnesses before effects (477.902708ms)
✔ actual python generic/nested source edits preserve containers and reject false witnesses before effects (123.375583ms)
✔ actual rust generic/nested source edits preserve containers and reject false witnesses before effects (905.328458ms)
✔ every declared AST kind has a representative exact-root TS/Python/Rust round trip (455.84375ms)
✔ new Cond/ForAll/Surface/Un/Yield fixture matches the reference runtime (0.677375ms)
✔ free type variables without a binding are explicitly rejected in all targets (1.532375ms)
✔ actual typescript completes five missing AST kinds (336.005375ms)
✔ actual python completes five missing AST kinds (41.390125ms)
✔ actual rust completes five missing AST kinds (3210.7315ms)
✔ actual typescript standard ledger preserves aliases, transfer/settle contracts and grants (109.476166ms)
✔ actual python standard ledger preserves aliases, transfer/settle contracts and grants (59.55ms)
✔ actual rust standard ledger preserves aliases, transfer/settle contracts and grants (3531.062083ms)
✔ H1/H2: Rust and Python projections expose the same semantic functions (3.116667ms)
✔ H4: structural diff projection renders only changed graph paths (4.060625ms)
✔ H3: projection language server applies a text edit through a branch CAS (683.677542ms)
✔ J5: every AST kind has explicit projection support metadata (1.977375ms)
✔ J6: standard LSP frames decode incrementally and syntax errors become diagnostics (701.708084ms)
✔ V8 nested imports retain exact module/address identity and reject altered or missing dependencies (76.9375ms)
✔ V8 closes a transitive nested import inside an addressed dependency (1423.041542ms)
✔ actual typescript nested exact-address import executes the same result (402.698709ms)
✔ actual python nested exact-address import executes the same result (51.740416ms)
✔ actual rust nested exact-address import executes the same result (731.293166ms)
✔ edited nested TypeScript dependency rebinds its address and runs the changed program (109.047875ms)
✔ V10 keeps quantifier and Result binders local inside old snapshots (46.916ms)
✔ V10 actual typescript old-binder execution sees pre-state (403.190791ms)
✔ V10 actual python old-binder execution sees pre-state (52.770417ms)
✔ V10 actual rust old-binder execution sees pre-state (3577.118584ms)
✔ V16 keeps the pinned V15 source and runtime bytes in all three targets (28.769ms)
✔ V17 keeps pinned V16 source and runtime bytes in all three targets (28.186833ms)
✔ V18 keeps pinned V17 source and runtime bytes in all three targets (22.925958ms)
✔ Risk R3: parse(project(x)) is the identical node, not merely an equivalent one (9.899292ms)
✔ the round trip is idempotent under repetition (1.615834ms)
✔ a human edit to the projection lands as a node mutation (7.495541ms)
✔ randomly generated expressions survive the round trip (4.543209ms)
✔ precedence is preserved without over-parenthesising (0.137ms)
✔ an unsynthesized contract projects and parses as a body-less declaration (0.261292ms)
✔ out-of-scope identifiers are rejected rather than silently bound (0.260583ms)
✔ result and old are only special inside an ensures clause (0.05675ms)
✔ capabilities and provenance survive the projection (0.314292ms)
✔ the auditor view adds causal lineage without changing the code (3.491917ms)
✔ pinned Unicode17 tables cover every scalar mapping of the actual TypeScript reference (256.068417ms)
✔ V6 exact import closure round trips; missing, altered and unselected dependencies reject (369.847625ms)
✔ actual typescript linked imports and Unicode operations match TypeScript reference (606.28375ms)
✔ actual python linked imports and Unicode operations match TypeScript reference (699.237708ms)
✔ actual rust linked imports and Unicode operations match TypeScript reference (1621.3055ms)
✔ V18 closes record-field reads from the prior 13×5 corpus and retains task identity gap (1207.008459ms)
✔ V18 generated 15×5 corpus exposes remaining task identity and sequence gaps (1287.236709ms)
✔ V17 projection round-trips the previous 11×5 valid contract contexts (1054.0545ms)
✔ fresh guest qualification uses maximum of all preregistered guests and excludes controller RSS from guest scope (1.027083ms)
✔ fresh guest qualification rejects first-guest omission, repeats, malformed timing, invalid responses and incomplete cleanup (0.328084ms)
✔ fresh guest profile keeps approved numeric bounds and prohibits guest warmups/reuse (0.124542ms)
✔ initialized hypervisor campaign requires a destroyed empty VM/vCPU context and zero executed guest warmups (0.542667ms)
✔ V4-R02 native lowering explicitly rejects unbounded arithmetic, contracts and effects (2.614167ms)
✔ V4-R02 compiled native arithmetic agrees with TypeScript reference on signed limits, overflow and negative division (570.261917ms)
✔ R03: independent exact-arithmetic checker accepts an extracted nontrivial certificate (1.60125ms)
✔ R03: false, stale, malformed and oversized certificates fail without a solver (1.182542ms)
✔ R03: integer-bound transformation and large exact values do not use floating point (0.411625ms)
✔ R01 finite OpSet schedules, merge algebra and quorum/equivocation campaign (221.537083ms)
✔ R01 cycles are suppressed, concurrent moves keep one occurrence, and content sharing does not alias occurrences (0.129875ms)
✔ R01 trash deletion, concurrent replacement and restoration have explicit deterministic precedence (0.156375ms)
✔ R01 exact fractional positions preserve order under concurrent allocation, moves and Lamport ties (3.136917ms)
✔ R01 fractional keys reject noncanonical and oversized values before projection mutation (7.077542ms)
✔ R01 same-ID equivocation is retained and quarantines dependents independently of first arrival (0.176833ms)
✔ R01 HotStuff requires all three certified phases; commits prevent conflicting higher-view prepare quorum (0.159458ms)
✔ R01 partitions stop quorum progress and view recovery extends highest certified branch (0.197959ms)
✔ R01 quorum intersection covers n=4 and n=7; duplicate/stale/family-monoculture votes fail (0.259291ms)
✔ R01 membership activation binds both committees to one terminal checkpoint and rejects stale epochs (0.340334ms)
✔ T1-04 actual-model evidence independently recomputes exact scores, labeled recall, timing summaries and retained artifacts (132.073291ms)
✔ I1: a mutating callee cannot make an impossible assertion prove vacuously (3.558166ms)
✔ I2: production elision rejects stale and assumption-dependent reports (6.58925ms)
✔ I3: truncated path exploration cannot report a proof (0.45925ms)
✔ I4: frame violations reject verification and architectural proofs (3.227875ms)
✔ I5: return expressions must match the declared return type (0.602042ms)
✔ I6: production compilation rejects unregistered capabilities (0.251625ms)
✔ I7: a fence only accepts a proof bound to the replacement node (0.193917ms)
✔ I8: every published tier subpath resolves after the package build (70.588458ms)
✔ I9: the containers target places every unit in a container (0.530625ms)
✔ the graph is structurally sound (0.790792ms)
✔ the dependency graph is acyclic (0.074291ms)
✔ feature ids are unique and well formed (0.183541ms)
✔ the document and the graph list the same features, in the same order (0.820791ms)
✔ every epic is represented and every feature belongs to one (0.07875ms)
✔ the generated section of the document is current (0.827333ms)
✔ the recommended first slice is closed under dependencies (0.08125ms)
✔ the first slice is actually startable, in order (0.079167ms)
✔ the critical path is a real path, and opinions are labelled as such (0.237792ms)
✔ C5 is off the critical path, as claimed (0.144792ms)
✔ wave numbers respect every dependency (0.1055ms)
✔ nothing is stranded: every feature is reachable from a startable one (0.090458ms)
✔ sizes are drawn from the declared scale (0.066792ms)
✔ every feature has evidence matching its completion status (2.70625ms)
✔ the two confirmed language holes agree with roadmap status (0.058541ms)
✔ the validator rejects a dependency cycle (0.083625ms)
✔ the validator rejects a dangling dependency (0.034958ms)
✔ the validator rejects an unknown epic (0.036333ms)
✔ the validator rejects a slice that is not closed (0.060375ms)
✔ the validator distinguishes a forced order from an opinion (0.06125ms)
✔ the evidence check fails when a feature has actually been built (0.067208ms)
✔ FR-2.2: a body is synthesized from a contract alone and formally proved (18.180833ms)
✔ Risk R4: an unsatisfiable contract stalls and escalates to a human (8.957833ms)
✔ Risk R4: the iteration budget is a hard ceiling (2.065334ms)
✔ feedback from each stage is structured, not prose (0.924166ms)
✔ the search prefers a provable body over a merely-passing one (3.906292ms)
✔ an unprovable body is still shipped when nothing better exists (0.659166ms)
✔ a capability-using body still has to pass the capability checker (0.640042ms)
✔ FR-2.2: a body that breaks its contract is purged, not patched (2.848625ms)
✔ a purge records why the implementation was removed (2.195292ms)
✔ counterexamples accumulate across attempts (4.496ms)
✔ binary DAG preserves grouped child identity, aliases, canonical scalar types and AE1 compatibility (11.473125ms)
✔ truncated, corrupted, trailing and noncanonical binary frames reject without any context mutation (4.501042ms)
✔ model framing rejects stale hashes, extra data, invalid versions and malformed AST scalar inputs (1.221666ms)
✔ AE2 escapes dictionary delimiters and controls without reinterpreting AE1 data (1.363833ms)
✔ AE3 preserves the exact full V7 corpus and every AST kind in both opcode profiles (1161.672542ms)
✔ reserved atoms, Unicode, leading-zero opaque IDs and AE1/AE2 archives retain identity (11.208209ms)
✔ edits preserve grouped links, paired labels, optional slots and the immutable base (190.243875ms)
✔ truncation, stale bases, redundant edits, false roots and hostile field counts fail without changing state (14.571125ms)
✔ large edit sets fall back to a complete message without dropping changes (187.68375ms)
✔ snapshot input rejects getters, proxies, dropped fields and oversized inputs before using them (0.508292ms)
✔ AE5 exact-base warm references reconstruct every paid cold declaration (190.946333ms)
✔ AE5 refuses changed, stale, wrong-index, noncanonical and oversized references (47.752666ms)
✔ a fresh receiver process reconstructs the referenced declaration from the paid cold wire (162.6955ms)
✔ AE6 cold-bound references restore exact declaration and module roots without aliases (258.49ms)
✔ AE6 root-bound literal edits preserve contracts and execute both failed and repaired outputs (110.05425ms)
✔ AE6 rejects stale, noncanonical, wrong-root, out-of-scope and malformed wires (41.082292ms)
✔ AE6 edit is independently decoded in a fresh process from only the paid cold wire (208.015416ms)
✔ AE7 checked seed preserves all identities, contracts and native runtime behavior (444.134833ms)
✔ AE7 refuses false seed, stale edit, noncanonical indexes, provenance and framing (50.929542ms)
✔ AE8 retrieves a checked graph slice and reconstructs complete edited module (149.663083ms)
✔ AE8 refuses missing imported dependency, stale selection and missing retrieval (5.544209ms)
✔ AE8 retrieval binds derived effect summary to the exact declaration (80.958042ms)
✔ every node kind survives an Agent-IR round trip (157.512792ms)
✔ the worked example round-trips exactly (1.139333ms)
✔ a session dictionary is shared and warm messages remain smaller than the cold module (92.0795ms)
✔ FR-1.2: actual tokenizer accounting reproduces the ledger reference without asserting a false target (3.75325ms)
✔ a malformed stream is rejected rather than silently truncated (0.315417ms)
✔ BLAKE3 matches official unkeyed vectors (1.6235ms)
✔ BLAKE3 matches official keyed vectors (0.24575ms)
✔ BLAKE3 matches official derive_key vectors (0.081791ms)
✔ keyed and derive_key are domain-separated from plain hashing (0.105792ms)
✔ extended output (XOF) is a prefix-consistent stream (0.076292ms)
✔ incremental updates equal one-shot hashing across chunk boundaries (2.602791ms)
✔ rejects keys that are not 32 bytes (0.201625ms)
✔ every admitted artifact and shared child resolves to all signed causal links after reopen and GC (886.643458ms)
✔ signed audit lineage refuses a missing physical spec, intent or artifact lease before collection (1496.154208ms)
✔ malformed lineage authority cannot authorize through string substring membership (414.314375ms)
✔ forged signatures, missing intent ancestry and mismatched evidence cannot authorize artifacts (432.958333ms)
✔ spec revisions invalidate every derived artifact, shared node and ancestor without a clear-flag bypass (664.754083ms)
✔ explicit signed reconciliation preserves historical causes while requiring new specification-bound evidence (624.135625ms)
✔ transitive specification parents propagate invalidation through derived clauses (514.640834ms)
✔ fences reject pruning, removed contracts and vacuous proofs from strengthened preconditions (897.933209ms)
✔ strict promotion adapter requires full parent lineage and an explicit fresh precommit checkpoint (895.90575ms)
✔ authority revocation during asynchronous preparation is rechecked before commit (630.39675ms)
✔ specification compare-and-swap rejects stale edits and missing initialized metadata fails closed (354.641666ms)
✔ actual SIGKILL before-state-publish preserves a complete old or new specification epoch (635.936292ms)
✔ actual SIGKILL after-state-publish preserves a complete old or new specification epoch (792.971875ms)
✔ a recomputed journal checksum cannot swap signed evidence or hide shared child lineage (1140.243541ms)
✔ an actual concurrent spec editor waits for the strict promotion admission lock (1096.164167ms)
✔ external dependency AST content is persisted, pinned and linked to its signed artifact (780.354333ms)
✔ strict adapters are branded and renewed artifact authorization does not erase historical causes (761.465459ms)
✔ typed task state survives restart, preserves AST identity and separates claims from verified evidence (298.91775ms)
✔ ACL, compare-and-swap and retention deny unauthorized or stale changes (403.0915ms)
✔ expiry, subject binding and invalidated lineage fail closed (196.561542ms)
✔ asynchronous policy callbacks cannot become accidental authority (238.341958ms)
✔ real signed artifact lineage binds a child-node board and later marks its evidence stale (652.466292ms)
✔ durable AST retains v1 addresses, grouped children, immutable values and dedup across reopen (312.925917ms)
✔ durable path copying preserves sibling hashes and fork writes no AST objects (310.3ms)
✔ GC preserves committed history, explicit leases and both pending promotion roots (673.228375ms)
✔ promotion commit publishes target and releases pin atomically with generation CAS (407.822959ms)
✔ archives deterministically round-trip bigints and migration preserves old hashes (457.1115ms)
✔ archive hash, duplicate keys, unsupported versions and missing children reject without publication (226.600083ms)
✔ corruption is detected on cached reads/reopen, and live corruption prevents GC deletion (289.006458ms)
✔ persisted resource profile prevents reopen limit changes and rejects excess roots (161.322ms)
✔ separate processes serialize root CAS; exactly one stale expected update succeeds (406.69075ms)
✔ concurrent process writers and GC retain every published lease and committed root (2194.16775ms)
✔ actual SIGKILL at before-object-publish recovers lock and exposes either complete lease or no lease (328.86225ms)
✔ actual SIGKILL at after-object-publish recovers lock and exposes either complete lease or no lease (329.800917ms)
✔ actual SIGKILL at before-root-publish recovers lock and exposes either complete lease or no lease (339.097583ms)
✔ actual SIGKILL at after-root-publish recovers lock and exposes either complete lease or no lease (419.992375ms)
✔ actual SIGKILL before-gc-delete resumes sweep without losing protected roots (386.187875ms)
✔ actual SIGKILL after-gc-delete resumes sweep without losing protected roots (374.331875ms)
✔ checksummed malicious archives reject incomplete, forged, duplicate and unreachable graphs (203.339417ms)
✔ untrusted input accessors, cycles and node capacity overflow reject before object publication (84.661ms)
✔ missing root metadata fails closed on reopen instead of resetting GC protection (126.229958ms)
✔ actual SIGKILL commit before-root-publish retains complete old or new root state (373.57575ms)
✔ actual SIGKILL commit after-root-publish retains complete old or new root state (351.843792ms)
✔ actual SIGKILL promotion before-root-publish retains complete old or new root state (398.668416ms)
✔ actual SIGKILL promotion after-root-publish retains complete old or new root state (419.730625ms)
✔ retired lease and finalized promotion IDs cannot suffer delayed-release ABA after reopen (497.082083ms)
✔ actual initialization SIGKILL before-init-marker resumes only the empty genesis transaction (281.689542ms)
✔ actual initialization SIGKILL after-init-marker resumes only the empty genesis transaction (273.787833ms)
✔ actual initialization SIGKILL after-profile-publish resumes only the empty genesis transaction (274.251666ms)
✔ actual initialization SIGKILL before-root-publish resumes only the empty genesis transaction (279.466583ms)
✔ actual initialization SIGKILL after-root-publish resumes only the empty genesis transaction (275.656291ms)
✔ actual initialization SIGKILL after-init-seal resumes only the empty genesis transaction (274.183125ms)
✔ actual initialization SIGKILL before-init-clear resumes only the empty genesis transaction (273.540125ms)
✔ actual initialization SIGKILL after-init-clear resumes only the empty genesis transaction (262.900459ms)
✔ initialized stores refuse metadata deletion even with an empty object table (251.022209ms)
✔ initialization marker/profile corruption and object publication cannot be mistaken for empty genesis recovery (561.167083ms)
✔ replayed initialization marker cannot reset established state or recreate deleted roots (263.162541ms)
✔ existing initialized v1 metadata adopts a completion receipt without changing objects or roots (195.247416ms)
✔ corrupt completion receipt cannot be silently replaced by legacy adoption (107.078666ms)
✔ interrupted initialization refuses checksummed nonempty root metadata instead of resetting it (176.250084ms)
✔ read-only archive validation shares complete import checks without changing objects, roots or leases (197.388584ms)
✔ Tree-CRDT fractional allocator matches D04 exact rational model and distinguishes concurrent interval edits (11.085542ms)
✔ Tree-CRDT fraction bounds reject noncanonical input and exhaustion before publishing (0.32725ms)
✔ F1/F2: durable lineage queries export a verifiable signed audit (18.507375ms)
✔ F4: property-checked fence evidence requires a durable human approval (23.015167ms)
✔ F5: structural keys are indexed incrementally and survive reopening (22.639417ms)
✔ independent edits on disjoint statements merge cleanly (3.043958ms)
✔ insertions from both agents both survive (0.849625ms)
✔ identical edits by two agents converge instead of conflicting (0.484916ms)
✔ genuinely divergent edits to one expression are reported as a node conflict (0.348875ms)
✔ an untouched subtree of any size costs one pointer comparison (14.543667ms)
✔ a reformat-only change is invisible to the merge (0.2335ms)
✔ A1: graph objects survive process-local store instances (27.370084ms)
✔ A2: named roots resolve immutable commit history (25.784542ms)
✔ A3: provenance records, bindings, and invalidation flags are durable (17.252666ms)
✔ A4: symbol names and allocator progress survive reopening (19.7395ms)
✔ A5/A6: GC keeps named history and fsck validates the repository (24.551459ms)
✔ A7: a packfile recreates objects, commits, and named roots (43.546584ms)
✔ A8: named-root updates use compare-and-swap semantics (26.760125ms)
✔ B6: exact-address imports resolve explicit symbols across modules (73.38075ms)
✔ nested exact-address imports link inside their owning module and execute without hoisting state (2.884667ms)
✔ unused declarative registration retires with independent dispatch proof, unchanged AST and retained source bytes (3469.014ms)
✔ exported, protected and signed-fenced adapter consumers cannot be retired (3077.864375ms)
✔ active tasks, replay and unstable replication keep every referenced adapter; audit retains history without activating dead code (5410.890625ms)
✔ one retained executable reference combines its module and exact dependency declarations (3521.037625ms)
✔ retained executable dependencies without a module or with conflicting definitions fail closed (2570.304833ms)
✔ retained module with a missing dependency callee refuses retirement (1213.839875ms)
✔ new retention before publication and unsigned candidate policy refuse advancement (2167.682042ms)
✔ retention publication fence serializes a task pin from another process (1064.866542ms)
✔ altered mapping, incomplete certificate and rehashed dishonest liveness fail independent validation (1582.368ms)
✔ unresolved/dynamic retained execution and eager lifecycle registration fail closed (1032.903792ms)
✔ consumer validates with proof search physically replaced by a throwing stub (1782.101375ms)
✔ signed registry corruption and established state deletion cannot reset retired mappings (2147.5835ms)
✔ V2 sink retirement proves exact unused registration and rule removal without live mutation (1251.830083ms)
✔ exported, protected, fenced and retained sink consumers cannot retire (5234.167084ms)
✔ V2 sink retirement includes retained dependency capabilities and still removes unrelated sinks (2400.948666ms)
✔ V2 sink retirement rejects a retained dependency without its module (933.5385ms)
✔ changed retention and dishonest liveness or table/rule edits fail independent verification (1309.692542ms)
✔ committed retirement proof remains auditable after later task pins but cannot be reused for a new commit (1284.933792ms)
✔ changed source/candidate roots, epochs and portable proof fail closed (1320.728ms)
✔ independent verifier checks a portable proof when proof production is unavailable (1349.379833ms)
✔ descriptor binds only rewritten candidate Call objects and derives exact ordered event script (7.531875ms)
✔ candidate builder removes only the checked wrapper and preserves other direct calls (3.441417ms)
✔ checker refuses tampered script, site, root and forged digest even when resealed (8.435708ms)
✔ candidate Call object aliasing cannot turn an unrelated target call into a virtual site (1.284125ms)
✔ changed candidate, nonempty contracts and nonforwarding wrapper fail closed (1.999167ms)
✔ dynamic calls, annotation calls and absent rewritten sites are unsupported (1.1265ms)
✔ V2 one-wrapper proposal promotes signed V3 exact dependencies and retains predecessor (4228.864625ms)
✔ V2 refuses altered descriptor, substituted plans, stale lineage and retention (4363.294ms)
✔ V2 committed decision recovers only with its exact persisted proposal (3812.356ms)
✔ V2 ignores a caller-owned store pointer swapped after construction (4235.119458ms)
✔ V2 keeps its original export fence when caller-owned policy arrays change (1260.309041ms)
✔ V2 recovery refuses a finalized retry after another writer moved the local head (4253.248458ms)
✔ V2 local pure execution requires the signed serving manifest and matching head (4608.174833ms)
✔ V2 retention fence rejects a ledger for another store or policy (1381.788875ms)
✔ semantic GC proposes real dead declaration removal and pure wrapper collapse with portable equivalence and unchanged exports/effects/contracts (1816.2035ms)
✔ semantic GC requires signed exact lineage and governor promotion; rollback is a newly authorized reverse operation (5795.330041ms)
✔ semantic GC retains audit/replay/active-task/unstable-replication roots while sweeping actual unprotected garbage (2557.794375ms)
✔ semantic GC refuses relabeled unsafe rewrites and incomplete portable certificates (1733.998625ms)
✔ semantic GC retains signed formal fence symbols/nonempty contracts and accepts only valid fence schemas (1654.613875ms)
✔ semantic GC derives portable Boolean equivalence instead of relying only on integer test examples (1459.749333ms)
✔ semantic GC refuses unsupported nonlinear equivalence without changing the production head (1198.35475ms)
✔ semantic GC revocation during prepared promotion aborts the staged target; no commit is guessed (2229.557542ms)
✔ semantic GC activation recovery follows the committed governor decision and remains idempotent (1985.181875ms)
✔ semantic GC explicit background scheduling emits a durable candidate and stops without production publication (1229.929291ms)
✔ branch profile prunes symbolic/literal unreachable arms, preserves selected scopes/effects and removes newly unreachable declarations from the candidate (2161.469959ms)
✔ legacy forwarder profile keeps branch syntax and cannot reopen a new branch-profile journal (1362.311167ms)
✔ legacy forwarder and flattened-branch proposals remain readable but cannot start new promotions (3836.345917ms)
✔ historical branch flattening changes a finite-step sink outcome and is barred from new promotion (2880.992084ms)
✔ fuel-preserving branch profile removes cold If calls but keeps exact reference-runtime effects and quota faults (3269.026ms)
✔ fuel-preserving Cond profile removes the cold effect expression without moving its guard or chosen arm (2449.972709ms)
✔ branch profile handles Cond expressions and definitely initialized local bindings without flattening blocks (1567.309ms)
✔ branch pruning does not erase a condition call or its effects even when the callee always returns true (1720.101208ms)
✔ branch pruning does not treat an entry precondition or an earlier assigned value as a permanent branch fact (1366.610791ms)
✔ dead-branch cleanup and inverse rollback require fresh signed F08 authority and retain condition certificates through GC (9029.996083ms)
✔ branch proofs preserve contract and loop annotation identities while pruning a stable condition inside a loop (1811.745667ms)
✔ portable branch proof does not claim a partial division condition is universally total from an entry precondition (1323.465792ms)
✔ branch admission rejects missing/swapped certificates, invalid source sites, wrong-arm code and relabeled condition claims (2480.736583ms)
✔ branch analysis does not assume a local declared in only one syntactic arm is definitely bound (1339.142416ms)
✔ persisted branch witnesses are checked with the portable proof producer replaced by a throwing stub (2258.377584ms)
✔ scalar shim profile retires a non-forwarding arithmetic adapter with a portable total-equivalence certificate (1788.493625ms)
✔ scalar shim comparison handles Boolean conditional adapters that the uniform-branch profile cannot simplify (1383.246875ms)
✔ scalar shim redirection evaluates every original argument once and in order even when parameters are reused or unused (1737.209125ms)
✔ scalar shim retirement is opt-in; the branch-only profile retains non-forwarding adapters (1194.433833ms)
✔ legacy scalar shim proof remains readable but a new quota-changing promotion is refused before preparation (2073.650291ms)
✔ scalar shim comparison refuses unequal, nonempty-frame and call-bearing implementations (4815.173125ms)
✔ V2 call-bearing scalar shim proves a closed helper expansion before redirecting live callers (2083.02925ms)
✔ V2 call-bearing shim keeps a helper with runtime contract checks or partial arithmetic (2535.561875ms)
✔ V2 call-bearing shim refuses to erase an evaluated partial helper argument (1127.795666ms)
✔ scalar shim retirement preserves exports, explicit protection and signed fences even for equivalent bodies (3026.18425ms)
✔ transparent forwarding and general scalar shim proofs compose without target cycles (1496.921958ms)
✔ scalar shim admission rejects missing proofs, changed declaration identity and alternate result code (1422.555458ms)
✔ scalar shim certificates remain independently checkable with proof search disabled (1456.073875ms)
✔ indexed creation computes newly exposed nodes before generation publication and preserves exact AST hashes (362.224542ms)
✔ typed filters enforce declared purity, return type, capability, parent/child and nominal type dependency constraints (346.676708ms)
✔ context/spec/model changes cannot reuse stale vectors; explicit backfill switches complete snapshots (377.796ms)
✔ failed inference retains old complete generation; finite canonical float32 encoding rejects malformed provider/wire values (494.597458ms)
✔ actual inference/update process SIGKILL at after-embeddings exposes old or complete new index generation (621.986375ms)
✔ actual inference/update process SIGKILL at before-generation-commit exposes old or complete new index generation (622.233625ms)
✔ actual inference/update process SIGKILL at after-generation-commit exposes old or complete new index generation (622.878167ms)
✔ self-consistent sidecar forgery cannot substitute stale structural/input metadata on reopen (284.79925ms)
✔ concurrent backfills serialize publication and reject a stale writer before its inference can overwrite the winner (354.749ms)
✔ vector capture rejects accessor/proxy/sparse arrays without publishing and safely normalizes finite subnormals and maxima (529.107208ms)
✔ expectedInput binds the current indexed source, input digest and exact vector bytes (346.046792ms)
✔ actual initialization SIGKILL at after-init-marker resumes only the prepared empty index (298.735292ms)
✔ actual initialization SIGKILL at after-init-profile resumes only the prepared empty index (287.847333ms)
✔ actual initialization SIGKILL at before-init-head resumes only the prepared empty index (291.014208ms)
✔ actual initialization SIGKILL at rename-before-head resumes only the prepared empty index (301.103125ms)
✔ actual initialization SIGKILL at after-init-head resumes only the prepared empty index (301.833417ms)
✔ actual initialization SIGKILL at after-init-seal resumes only the prepared empty index (294.951416ms)
✔ actual initialization SIGKILL at before-init-clear resumes only the prepared empty index (293.390416ms)
✔ actual initialization SIGKILL at after-init-clear resumes only the prepared empty index (296.863834ms)
✔ completion receipt refuses established-head deletion and replayed initialization markers; legacy adoption never rewrites a head (344.129542ms)
✔ canonical encoding is order-independent and unambiguous (0.6685ms)
✔ hashing is deterministic and content-derived (2.534ms)
✔ grouped child hashing keeps ambiguous shapes distinct (0.33475ms)
✔ FR-1.1: renaming a symbol invalidates no expression hash (1.315416ms)
✔ alpha-equivalent code shares a structural key but not an address (1.228709ms)
✔ structural sharing deduplicates repeated subtrees (0.817542ms)
✔ FR-1.1: mutation is a hash-tree update touching only the spine (7.598166ms)
✔ hydrate is the exact inverse of intern (0.338ms)
✔ record literal field order does not affect identity (0.220666ms)
✔ unknown refs fail loudly rather than returning undefined (0.241667ms)
✔ unstable replication pins source and inbound AST roots across a killed ingest, collection and process reopen (1855.838166ms)
✔ unstable replication refuses a missing authority, missing record, retired physical lease and mismatched identity (1902.668042ms)
✔ checkpoint transition pins next-epoch base before publication and retains old epoch roots after unanimous ACK (3450.211083ms)
✔ Tree-CRDT refuses an imported content frame before it can become durable when its AST is absent (819.879291ms)
✔ Tree-CRDT reopens a historically published frame lacking a lease by rebuilding current epoch roots before GC (880.465834ms)
✔ Tree-CRDT reopen fails closed on a durable frame whose required AST content is missing (887.042208ms)
✔ Tree-CRDT SIGKILL after inbound frame publication leaves its AST pinned for direct GC and reopened materialization (997.444625ms)
✔ Tree-CRDT materializes actual CAS roots; shared content has independent occurrences and concurrent edits converge (4470.19575ms)
✔ Tree-CRDT suppresses concurrent cycles deterministically and trash deletion remains restorable until certified collection (2375.095625ms)
✔ Tree-CRDT unanimous signed checkpoint reindexes and collects live tombstones without obsolete edit resurrection (3829.633833ms)
✔ Tree-CRDT invalid grouped roles, duplicate scalar children and invalid literal types stay candidates (1132.905042ms)
✔ checkpoint ACK validates full audit closure, canonical cut, exact projection, floor, roster and signatures before writing authority (1696.792792ms)
✔ actual SIGKILL at after-fence preserves durable fencing or certified epoch; same certificate retry is idempotent (2306.670875ms)
✔ actual SIGKILL at checkpoint-prepared preserves durable fencing or certified epoch; same certificate retry is idempotent (2837.476791ms)
✔ actual SIGKILL at checkpoint-committed preserves durable fencing or certified epoch; same certificate retry is idempotent (2775.958708ms)
✔ actual SIGKILL at checkpoint-collected preserves durable fencing or certified epoch; same certificate retry is idempotent (2755.101458ms)
✔ late equivocation and predecessors recompute the candidate deterministically after duplicate and reversed delivery (1793.012625ms)
✔ grouped While children remain distinct and converged semantic failures do not publish a production root (4421.565458ms)
✔ repeated certified epochs preserve live identity and clocks while stale archived restores cannot resurrect collected occurrences (4351.789958ms)
✔ missing causal predecessors prevent checkpoint certification and durable fence receipts resist metadata rollback (912.910834ms)
✔ known post-fence signed extras prevent fresh certification while historical certified cuts remain arrival independent (1394.464958ms)
✔ honest partitioned inserts beyond the occurrence bound converge deterministically and leave deletion/checkpoint repair available (3109.7845ms)
✔ V3 Wasm descriptor binds bytes, fixed read-only semantics and finite resource limits (2.176917ms)
✔ V3 approved Wasm bytes run through a branded isolated adapter and actual durable broker (227.231625ms)
✔ approved exact adapter bytes mint one immutable code-provenance identity (78.17975ms)
✔ changed or malformed source fails before execution; descriptor mismatch cannot mint provenance (0.983833ms)
✔ caller mutation during asynchronous module import cannot relabel admitted source bytes (0.690791ms)
✔ V2 signs an import-free profile and admits local exports with import text in comments and strings (2.143834ms)
✔ dependency syntax is refused before either the adapter or imported module can run (3.582791ms)
✔ old V1 identity keeps import-capable behavior only through the explicit legacy admission profile (1.203167ms)
✔ unsupported adapter module syntax fails before top-level execution (0.380375ms)
✔ real witnessed sink settles one fixed charge, signed fence refund, and unknown reservation (5278.494333ms)
✔ one signed commit and one signed fence settle fixed charge and terminal refund (22.715041ms)
✔ policy digest is stable on reopen and changes with charge, trust roots and full request inventory (5.579708ms)
✔ outer settlement binds exact request, result, charge, owner and inner receipt (11.154292ms)
✔ witness outage and rollback never authorize charge or refund (5.033625ms)
✔ helper requires the branded witness and exact independently pinned identity (1.459875ms)
✔ direct-ledger alias cannot settle a different signed grant or reservation under the same five-field binding (8.754417ms)
✔ operator budget authority pins a real bridge and exact full requests before host config (140.003209ms)
✔ budgeted grant reference v3 binds host, target, reservation and signed policy without host config (0.844958ms)
✔ V2 sink table and signed V7 policy bind the same complete branded live map (9.862292ms)
✔ V2 sink table refuses forged, unmatched and re-signed registration identities (3.77975ms)
✔ empty V2 table admits only an exact-root module without any Invoke (3.244042ms)
✔ V5 policy binds an idempotent external write to signed deployment, sink and witness context (12.449417ms)
✔ V5 rejects variable targets, changed semantics, malformed context and unsorted rules (6.293208ms)
✔ V5 verification rejects stale or foreign manifests, signer, epoch and signature domains (5.097083ms)
✔ V6 signed dynamic segment selects exactly one tagged argument and preserves fixed rules (13.042708ms)
✔ V6 rejects missing, non-string, unsafe and malformed tagged path arguments (5.805958ms)
✔ V6 policy validates sorted bounded rules, write semantics and independent sink context (6.020125ms)
✔ V6 signatures and manifest binding cannot be substituted by V5 or another signer (4.950375ms)
✔ V7 signs the table digest and preserves V6 dynamic sink rule semantics (11.863584ms)
✔ V7 rejects stale table, AST, epoch, signer and V6 domain substitution (7.377875ms)
✔ V7 empty rules require a checked exact-root module with no Invoke anywhere (15.036625ms)
✔ V7 keeps V6 rule bounds and rejects malformed table identities (3.897458ms)
✔ signed resource policy binds extraction to exact manifest, repository, epoch, and Ed25519 signer (11.748583ms)
✔ v2 signed resource policy binds loader-admitted code bytes and refuses descriptor-only copies (6.254459ms)
✔ v3 policy signs import-free adapter artifact identity with independent signature domain (8.120042ms)
✔ durable revocation and policy epochs prevent old grants regaining authority after restore/restart (221.595708ms)
✔ scope revocation covers descendants and preserves siblings (77.424542ms)
✔ missing or corrupted established epoch state fails closed; interrupted empty initialization recovers (149.696542ms)
✔ v4 isolated SMT path returns exact easy proofs and independently checked counterexamples (144.699083ms)
✔ short v4 deadline kills a child before it can return an unchecked answer (31.708459ms)
✔ an actual hard unsatisfiable query is cancelled without fabricating a proof (131.798167ms)
✔ bounded input validation rejects cycles, accessors, bad scalars and oversized literals before spawning (0.426583ms)
✔ opt-in v4 function verification uses the process cutoff and refuses a wider budget (72.528959ms)
✔ bounded import-free i32 guest executes through an EffectAdapter with exact source identity (149.62175ms)
✔ imports, unbounded/oversized memory and wrong function signature fail at admission (290.111833ms)
✔ memory.grow respects the declared maximum and malicious infinite loop is killed (718.061458ms)
✔ worker rejects forged or tampered IPC identity before running guest code (292.939417ms)
✔ durable broker records child crash as indeterminate, then reconciles pure computation and allows new effect ID (402.986625ms)
✔ Wasm preflight rejects invalid i32 before dispatch while valid requests still execute (309.513584ms)
✔ authorization denies before pure preflight; adapters without preflight keep their existing dispatch behavior (127.210416ms)
✔ B1: Result constructors and exhaustive matching execute in both runtimes (3.062542ms)
✔ B2: immutable sequences support index, length, map, and fold (3.952625ms)
✔ B3: closures capture lexical values and carry an explicit capability type (0.837584ms)
✔ B4: generic functions infer and consistently substitute type variables (0.778292ms)
✔ B5: string operations are Unicode-aware and available in both runtimes (1.0245ms)
✔ B7: fixed-width integers enforce wrap, saturate, and trap policies (0.857334ms)
✔ E1/E3: spawned tasks await deterministically and atomic faults roll back writes (1.471792ms)
✔ legacy sealed tokens reject malformed shape, wrong scope and exact expiry (0.87775ms)
✔ legacy opaque scope attenuation cannot mint a different audience or outlive parent (0.311708ms)
✔ invalid trusted clocks fail closed before token issue or verification (0.101959ms)
✔ portable kernel derives complete integer and propositional counterexample coverage (15.368583ms)
✔ portable kernel splits conditional arithmetic and uses exact large signed integers (1.748083ms)
✔ portable kernel rejects altered subjects, missing cases, trust fields and false multipliers (1.411375ms)
✔ portable kernel keeps unsupported theories and resource exhaustion unproved (1.45175ms)
✔ portable raw formula boundary rejects changing goals and malformed nodes without invoking getters or traps (0.258333ms)
✔ portable certificates agree with concrete integer/Boolean evaluation on a varied formula corpus (21.295292ms)
✔ portable formula consumer runs in an isolated process with no producer or solver files (78.5455ms)
✔ independent derivation binds full AST/spec/manifest and produces deterministic checked increment obligations (8.442375ms)
✔ false postconditions remain false under concrete counterexamples and cannot receive certificates (1.338917ms)
✔ both if branches and missing-return paths are represented (3.008083ms)
✔ short-circuit evaluation guards call preconditions on only the evaluated path (3.523042ms)
✔ modular calls bind old input separately from mutable callee post-state parameters (5.179167ms)
✔ loop induction derives initialization, preservation, ranking and postcondition proofs without unrolling (6.255458ms)
✔ loop havoc prevents proving exit values from stale pre-loop mutable bindings (1.860459ms)
✔ external declarations are hashed and complete transitive local/external closure is mandatory (3.115375ms)
✔ property clauses, recursion, missing ranking and unsupported heap/fixed-width types stay unproved (2.827708ms)
✔ lexical locals do not escape their block and malformed scalar bindings cannot hide behind certificates (0.522791ms)
✔ resource limits tighten only and independent source has no verifier/solver/evidence dependency (0.560125ms)
✔ an assertion is a required proof obligation before its condition may be assumed (1.013541ms)
✔ input accessors, path explosion and aggregate formula budgets reject deterministically (1.109167ms)
✔ certified arithmetic, branching, scoped mutation and loop programs agree with actual reference execution (24.1285ms)
✔ unreachable statements still require lexical binding, scalar sorts and valid assignment targets (4.959166ms)
✔ malformed declaration arrays and unknown AST fields cannot receive portable certificates (0.776792ms)
✔ dead nonlinear arithmetic remains unsupported while constant-factor arithmetic is certified (1.660041ms)
✔ portable bundle round-trips and admits a closed compiled artifact with entry checks retained (20.176417ms)
✔ portable bundle refuses stale execution dimensions, incomplete coverage and exchanged formula proofs (14.492167ms)
✔ portable proof consumer resolves actual dependency bodies and compilation rejects external replacement hooks (13.283ms)
✔ portable certificates cannot be relabeled for a semantically false edited AST (11.607ms)
✔ independent AST certificate consumption works with original solver, verifier and producer absent (98.891041ms)
✔ C5: proofs are reused by exact declaration address across processes (10.055917ms)
✔ C6: incremental verification rechecks changed functions and transitive callers only (3.269375ms)
✔ portable certificate proves bounded alias success and exact distinct-reference classification (107.091417ms)
✔ proof cannot authorize a changed selected declaration or a false alias contract (71.124583ms)
✔ proof excludes arbitrary signed i64 and nonterminating or faulting syntax (56.410167ms)
✔ portable range goals refuse a source edit that can overflow signed i64 (53.164583ms)
✔ distinct postcondition admits right = old left + 1 and aborts on right = old left + 100 (1099.980625ms)
✔ actual broker dispatch reserves before sink, charges once, and returns only unused handles across restart (629.14675ms)
✔ declared exhaustion outcome selects a host fallback and never dispatches a second sink operation (574.099375ms)
✔ transactional revocation abort writes terminal evidence before refunding the inflight reservation (435.103209ms)
✔ nontransactional predispatch refusal refunds only after durable broker noncommit (415.984791ms)
✔ missing sink and missing terminal broker decision leave nontransactional funds inflight (275.5905ms)
✔ process death at each terminal refund handoff recovers the exact broker noncommit (2786.868167ms)
✔ sink-committed uncertainty reconciles the same effect without a second dispatch or charge (685.380917ms)
✔ actual replay/shadow/speculative brokers do not call budget hooks, and direct isolated hooks refuse (779.08025ms)
✔ changed request/result and forged bridge journal are refused without billing another effect (597.455917ms)
✔ noncanonical base64 spelling of a valid journal signature is rejected (181.510417ms)
✔ actual SIGKILL at bridge/ledger handoff boundaries preserves reservations and terminal charges (4890.384584ms)
✔ external budget heads restore old local copies and reject same-revision edits (4556.799875ms)
✔ budget witness outage refuses read, reserve and fresh reopen (2701.334709ms)
✔ SIGKILL after ledger or bridge witness CAS restores a reservation before retry (7032.810625ms)
✔ SIGKILL after witnessed charge intent or ledger charge never bills twice (7335.888458ms)
✔ signed linear split, transfer and merge preserve all four resource units and invalidate copied inputs (336.250917ms)
✔ reserved/start/consume charges each dimension exactly and returns only unused balance (421.513ms)
✔ inflight refund requires independently stored terminal noncommit evidence; unknown and timeout claims stay encumbered (282.371709ms)
✔ unused reservation refunds without dispatch; overcharges and forged settlements cannot free funds (261.81925ms)
✔ exhaustion is durable and retry-bound, without consuming or inventing units (260.623667ms)
✔ amount, owner, signature, epoch, cross-ledger and split-conservation violations fail before debit (199.001208ms)
✔ current authority and settlement evidence are rechecked immediately before publication and on retries (308.062583ms)
✔ committed charge persists across actual Aether heap rewind and fresh ledger instances (232.392792ms)
✔ actual process deaths at each initialization publication recover without minting another genesis (777.404041ms)
✔ actual SIGKILL at every mutation publication boundary recovers old-or-new state and exact retry (1775.278125ms)
✔ sink-committed charge survives a death before receipt acknowledgment; retry never bills twice or refunds (789.056125ms)
✔ four real processes contending with copied handles cannot double-spend any resource (348.65825ms)
✔ four processes retry one exact intent, while disjoint split reservations remain independently usable (639.091916ms)
✔ signed journal tampering, established deletion and copied authority directories fail closed (150.845541ms)
✔ settlement evidence is checked again after journal preparation; disappearance cannot refund or charge (184.210334ms)
✔ dispatch-start versus unused-reservation cancellation has only one linear winner across processes (385.777458ms)
✔ large exact values and structured effect identities avoid rounding and delimiter collisions (195.299167ms)
✔ F3: the operator console persists revocation state and its audit trail (9.320125ms)
✔ v2 grants bind audience, resource, lifetime and policy before dispatch (2.506917ms)
✔ attenuation requires a declared call edge, narrower scope and no longer lifetime (1.592292ms)
✔ forged, revoked, narrowed-scope revoked and stale-policy grants fail before a sink action (0.490958ms)
✔ malformed grants and invalid issuance inputs fail closed (0.252083ms)
✔ propositional reasoning (1.189042ms)
✔ linear arithmetic: valid implications are proved (0.956ms)
✔ linear arithmetic: invalid implications yield a runnable counterexample (0.220709ms)
✔ integer tightening beats rational reasoning (0.14925ms)
✔ unsatisfiable conjunctions are detected (0.324042ms)
✔ satisfiable systems return a validated model (0.121792ms)
✔ the PRD transfer contract is discharged (0.257542ms)
✔ nonlinear terms are abstracted congruently and stay sound (0.233375ms)
✔ ite is encoded exactly, not abstracted (0.266125ms)
✔ the solver honours its time budget (250.394542ms)
✔ SMT-LIB output is a runnable script (0.253042ms)
✔ C1: external SMT fallback is capability-bounded and only trusts proofs (0.406416ms)
✔ C4: uninterpreted applications obey congruence (0.163ms)
✔ FR-2.1: a business rule parses into mathematical relations (3.423ms)
✔ FR-2.1: one rule propagates to every layer it names (0.9895ms)
✔ FR-2.1: compiled clauses are verifiable contracts, not documentation (3.525833ms)
✔ FR-1.3: changing a rule invalidates every subtree derived from it (3.515916ms)
✔ an architectural guard from a spec blocks unexplained deletion (1.078375ms)
✔ comments are ignored without shifting clause positions (0.324666ms)
✔ a comment marker inside a string literal is not treated as a comment (0.176625ms)
✔ malformed specifications are rejected with a line number (0.311875ms)
✔ clock identity binds the operator authority and domain, and cannot be forged structurally (1.707625ms)
✔ grant interval and signed broker deadline use the independent ms clock at exact boundaries (0.282ms)
✔ each check reads one synchronous independent time and revision sample (0.344708ms)
✔ unavailable, asynchronous and invalid clock sources fail closed (0.695125ms)
✔ time and revision rollback fail closed without accepting the bad sample (0.148083ms)
✔ an already provisioned anchor retains its operator callbacks (0.108792ms)
✔ the worked example type-checks clean (3.307958ms)
✔ FR-2.3: an ungranted capability is a compile error, not a runtime check (0.437958ms)
✔ FR-2.3: authority cannot be escalated across a call (0.328ms)
✔ FR-2.3: a pure function may not hold capabilities at all (0.242292ms)
✔ a sandboxed envelope grants nothing but pure computation (0.064041ms)
✔ nominal money types do not silently mix with bare integers (0.275542ms)
✔ scaling a dimensioned value by a scalar is allowed; squaring it is not (0.235667ms)
✔ old() and result are rejected outside an ensures clause (0.21525ms)
✔ unknown fields and missing returns are caught with a usable path (0.238542ms)
✔ C8: owned parameters enforce separation at call sites (0.42725ms)
✔ FR-2.2: the PRD transfer contract is discharged formally (6.680584ms)
✔ a broken implementation is refuted with a runnable counterexample (1.778875ms)
✔ frame conditions catch writes the contract did not declare (1.280708ms)
✔ an un-ruled-out aliasing assumption is reported, not hidden (1.082542ms)
✔ loop invariants and a variant are verified without unrolling (3.632958ms)
✔ a loop with a non-decreasing variant is refuted (0.37725ms)
✔ tiered rigor: property clauses never reach the solver (2.501792ms)
✔ NFR 6.2: verification stays inside its per-function budget (3.919ms)
✔ a callee contract is used modularly at the call site (1.088458ms)
✔ every obligation carries a runnable SMT-LIB script (1.018833ms)
✔ C2: finite sequence length and constant select reduce exactly (0.319458ms)
✔ C3: bounded quantifiers expand into finite proof obligations (12.755ms)
✔ C9: a monotone loop gets an inferred variant and an opaque loop is delegated (0.686833ms)
✔ active task pins module and dependency before the first frame and survives collection before any checkpoint (1712.78575ms)
✔ active task rejects missing marker and cannot recreate it from existing pins (659.787583ms)
✔ active task rejects missing retention record, lease, and altered marker before continuing (1513.951833ms)
✔ active task refuses a forged authority and program digest before publishing a frame (326.6985ms)
✔ one execution identity cannot silently switch its manifest after an active pin (561.014958ms)
✔ actual process death after start and before first checkpoint keeps active roots recoverable (2033.992291ms)
✔ direct checkpoint pins exact module and external dependency before head publication and survives draft release, collection, and reopen (1453.792667ms)
✔ direct checkpoint rejects missing marker, replay records, graph leases, and collector profile on load and reopen (5532.329083ms)
✔ direct checkpoint rejects altered marker and cannot attach retention to a legacy journal (1492.064708ms)
✔ direct replay authority rejects a forged program digest before journal publication (401.52975ms)
✔ direct checkpoint before-head-publish fault leaves valid prior or next head with all replay pins (2026.749084ms)
✔ direct checkpoint after-head-publish fault leaves valid prior or next head with all replay pins (1963.943792ms)
✔ actual process death before-head-publish keeps direct checkpoint replay roots (2237.951625ms)
✔ actual process death after-head-publish keeps direct checkpoint replay roots (2078.233583ms)
✔ R2: the two runtimes agree on every generated case (460.72175ms)
✔ R2: a proved clause is elided; an unproved one is kept (13.351792ms)
✔ R2: eliding a proved clause cannot change an observable outcome (1114.208459ms)
✔ R2: a precondition is elided only when every call site proved it (11.377125ms)
✔ R2: security is not telemetry — capabilities survive stripping (4.311542ms)
✔ R2: an ungranted capability fails to compile, not at runtime (0.381334ms)
✔ R2: the stripped artifact is materially faster than the journaling one (36.9ms)
✔ R2: loop invariants and variants carry no runtime cost (9.74625ms)
✔ R2: the compilation report says exactly what is unchecked and why (8.683625ms)
✔ R2: with no verification result, nothing is elided (1.384375ms)
✔ R2: a contract that does fail still faults in production (8.270625ms)
✔ G4: production telemetry sampling is opt-in and rate bounded (1.10575ms)
✔ F04 integration: both runtimes route effects through durable receipts and idempotent retry (171.8735ms)
✔ F04 integration: replay produces identical transfer state without executing the sink (64.623292ms)
✔ F04 integration: unknown commit remains structured through development, production and host dispatch (202.922583ms)
✔ F04 integration: code identity and isolated fork authority are enforced before dispatch (13.73675ms)
✔ authorized broker recovery rejects altered host arguments before querying sink status (128.230917ms)
✔ independent scalar Tier 2 proof binds the exact executed declaration and runtime profile (136.117708ms)
✔ conservative proof rejects edited body, missing coverage and changed full context (9.615042ms)
✔ Tier 1 faults restore shared aliases and allocator before real Tier 2 execution (262.114208ms)
✔ Tier 1 success bypasses Tier 2; both-tier faults commit only deterministic safe abort (362.374833ms)
✔ missing fallback grants and current revocation never regain authority or publish speculative state (649.579042ms)
✔ argument and exact retry identity validation precede fallback execution (351.4275ms)
✔ durable asynchronous repair outbox survives failed delivery and deduplicates by stable event ID (579.517084ms)
✔ real process death before publication restores safe state; committed result is not replayed (1885.523792ms)
✔ signature/contract mismatch, effects/tasks and altered durable state fail closed (116.311ms)
✔ noncanonical spelling of a valid fallback journal signature is refused (81.076334ms)
✔ entry/loop guard exhaustion takes the permitted fallback after restoring writes (287.903459ms)
✔ SIGKILL after repair delivery before acknowledgment redelivers the same durable event ID (610.130916ms)
✔ all declared real-runtime schedules, materialized resources, network faults and out-of-order events survive (189.56725ms)
✔ lost updates fail actual interleavings; shrinking preserves all operations and exact durable replay (275.18125ms)
✔ zero-exclusion admission refuses missing coverage even when all calls succeed (188.377917ms)
✔ complete enumeration cannot be silently capped or actor steps excluded on replay (22.947209ms)
✔ seeded failures shrink integer inputs toward a reproducing minimal boundary (106.314958ms)
✔ precondition filtering is explicit failed coverage, never success (203.632291ms)
✔ serialized success bits and mutated reports cannot issue campaign admission (216.184958ms)
✔ persisted counterexample tampering fails and caller manifest changes do not alter admitted profile (284.070375ms)
✔ live/opaque effects fail explicitly instead of inheriting implicit successful Unit dispatch (170.767083ms)
✔ real SIGKILL around immutable report publication leaves complete artifacts and permits safe replay (602.763958ms)
✔ undelivered frames, instruction exhaustion and ambiguous actor identities cannot be hidden (237.839042ms)
✔ signed exact effectful candidate executes every case with durable broker evidence and local admission (239.644667ms)
✔ a second signed module root is admitted without a fixture-specific execution path (224.157166ms)
✔ changed candidate, campaign, signed response, policy, or signer fails before dispatch (31.951709ms)
✔ unknown post-dispatch outcome and precondition filtering cannot be admitted (425.856625ms)
✔ local admission rereads durable sink evidence instead of trusting the report object (241.045291ms)
✔ effectful counterexamples replay after reopening and durable reports are admission inputs (580.283ms)
✔ a preread effect execution cannot be counted as a fresh campaign run (119.239625ms)
✔ FR-3.2: the worked example passes its micro-world suite (61.035417ms)
✔ NFR 6.1: a local module harness completes within 250ms (47.876916ms)
✔ FR-3.2: a broken implementation is rejected, not merely reported (66.377083ms)
✔ counterexamples are shrunk to something an agent can read (30.981625ms)
✔ the frame property catches a clobbered neighbouring field (37.911166ms)
✔ an unbounded loop is caught as a liveness hazard (116.172667ms)
✔ FR-3.2: the aliased case is actually generated (0.96475ms)
✔ an effect outage must surface cleanly, not as a broken postcondition (1.521542ms)
✔ a lost-update race is reported as an advisory, not a rejection (4.133375ms)
✔ NFR 6.2: a reported counterexample replays exactly from its seed (14.413ms)
✔ generation is boundary-biased and yield is reported honestly (3.944542ms)
✔ shrinking moves strictly towards simpler values (0.109459ms)
✔ E2: systematic schedule exploration enumerates the lost-update interleaving (0.220417ms)
✔ actual fallback AST lowers to native bodies and matches state, aliases and tiers (13036.24375ms)
✔ native snapshot bridge rejects stale refs and malformed direct frames (845.90525ms)
✔ checked record proof changes exact native artifact identity and preserves snapshot outcomes (4793.81ms)
✔ native lowering refuses stale manifests, unadmitted edits and unsupported effects (60.669667ms)
✔ native packed candidate becomes one authorized, replayable correction event (148.444375ms)
✔ stale, altered, unauthorised and identity-changing candidates leave runtime state untouched (208.152042ms)
✔ v2 UTF-8 dictionary round-trips distinct bytes, duplicate values, aliases, and canonical v1 shape (5.092084ms)
✔ string mutation compacts dictionary and rejects oversize or malformed Unicode without changing state (2.570709ms)
✔ dictionary and per-field UTF-8 limits reject excess without partial output (358.150667ms)
✔ v2 rejects wrong offsets, malformed UTF-8, invalid codes, bounds, duplicate dictionary entries, and altered digests (1.933209ms)
✔ seeded 256-row string differential and layout migration preserve logical values (3578.210709ms)
✔ real resumable v2 checkpoint restores strings and aliases; rehashed dictionary tamper fails trusted logical digest (35.225209ms)
✔ bit-packed records round-trip exact values, self-cycles, and two aliases to one target (4.046542ms)
✔ bounds, offset, identity, epoch, padding, kind, and image corruption fail closed (4.06025ms)
✔ constant bounded field uses zero payload bits and refuses any other value (0.302458ms)
✔ bounded arithmetic obeys trap, wrap and saturate without partial mutation (0.934792ms)
✔ new layout migration preserves logical rows; narrow migration rejects out-of-bounds values (1.983625ms)
✔ deterministic 256-row differential preserves random aliases and mutations (39.477916ms)
✔ real resumable runtime checkpoint packs, unpacks, restores, and retains aliases after correction (49.416791ms)
✔ live rewind across committed effects consumes stable broker receipts and never redispatches the sink (355.736875ms)
✔ replay and shadow checkpoints restore the recorded effect prefix without any live adapter invocation (489.5925ms)
✔ actual process death before-effect resumes nested frames/tasks without duplicate effects (519.177833ms)
✔ actual process death after-effect resumes nested frames/tasks without duplicate effects (547.680916ms)
✔ actual process death after-sink-before-receipt resumes nested frames/tasks without duplicate effects (613.682583ms)
✔ actual process death before-event-publish leaves a complete prior or next durable checkpoint (661.150667ms)
✔ actual process death after-event-publish leaves a complete prior or next durable checkpoint (641.510541ms)
✔ actual process death before-checkpoint-publish leaves a complete prior or next durable checkpoint (672.780708ms)
✔ actual process death after-checkpoint-publish leaves a complete prior or next durable checkpoint (689.070292ms)
✔ actual process death before-head-publish leaves a complete prior or next durable checkpoint (651.400333ms)
✔ actual process death after-head-publish leaves a complete prior or next durable checkpoint (668.77625ms)
✔ precommit exception after sink success rolls back machine state and safely retries the durable receipt (235.923458ms)
✔ multiple record allocations keep replay identity after reconciled effects and across live/replay modes (412.314542ms)
✔ resume rechecks trusted host authority and rejects a forged machine effect prefix before moving broker cursor (251.615375ms)
✔ malformed string and duplicate-array capability providers cannot authorize checkpoint execution (6.313584ms)
✔ byte quota refusal after a committed effect preserves a reloadable checkpoint and its reusable receipt (251.776375ms)
✔ fresh isolated runtimes restore buffered intent outcomes and rewind their active buffers without dispatch (87.101875ms)
✔ grant and broker callbacks cannot revoke the host envelope and still reach a live sink (86.833584ms)
✔ non-Unit effect values cannot violate the language Invoke return contract (81.86275ms)
✔ production resumable factory persists active frames and resumes through public checkpoint API (275.513167ms)
✔ nonempty nested frames and a pending task resume from real durable checkpoints with identical state/events (290.893083ms)
✔ rewind restores active frames and registers and deterministically reexecutes the same continuation (138.912ms)
✔ fresh process opens a mid-call checkpoint with pending task and completes the actual continuation (365.33025ms)
✔ closure captures retain capture-time scopes and shared sequence/result identity through resume (46.977709ms)
✔ record aliases/cycles and native inspection survive rewind and restore (9.462958ms)
✔ post-rewind externally held future references cannot alias divergent new allocations (3.174542ms)
✔ checkpoint validation rejects stale code/schema, corrupt frame PCs and altered inverse events (13.2385ms)
✔ durable checkpoint heads use generation CAS and verify separately persisted event bytes (164.724959ms)
✔ failed host allocations/corrections and precommit exceptions leave no unjournaled state (59.010583ms)
✔ asynchronous correction policy cannot authorize local or heap mutations (10.789333ms)
✔ retained rewind appends checked inverse history and cannot masquerade as version 1 (83.993375ms)
✔ fresh-process replay preserves allocation identity while divergence rejects a held future handle (248.186125ms)
✔ sequence callbacks, Result matching, fixed arithmetic, strings and quantifiers survive intermediate checkpoints (1441.21625ms)
✔ Atomic preserves successful return and restores heap on faults while keeping snapshots valid (61.7985ms)
✔ cumulative checkpoint byte refusal preserves the last complete rewindable safe point (21.575291ms)
✔ typed entry/allocation boundaries and serialized generic bindings reject incompatible values (10.425458ms)
✔ step quota options and every reconstructed inverse state are validated before restore (19.682458ms)
✔ nullable generic and checkpoint fields accept only null or their declared value schema (14.592959ms)
✔ normal return commits atomic heap updates in both runtimes while faults restore them (3.731959ms)
✔ the worked example executes and satisfies its contract (0.803167ms)
✔ a violated precondition is a structured fault, not an exception to parse (0.352542ms)
✔ the aliasing case the verifier assumed away is reachable here (0.232ms)
✔ FR-3.1: execution rewinds to an exact prior state (0.233625ms)
✔ FR-3.1: stepping back N steps lands between two writes (4.155375ms)
✔ NFR 6.1: a checkpoint rollback completes well inside 15ms (5.582625ms)
✔ FR-3.1: micro-forks explore candidate repairs independently (1.301541ms)
✔ agents read structured state, never a byte stream (0.523917ms)
✔ a capability the function does not hold is denied at runtime too (0.155792ms)
✔ §5: an operator can revoke a capability without redeploying (0.327833ms)
✔ runtime arithmetic agrees with the verifier on truncating division (0.108375ms)
✔ division by zero and the step budget are faults, not hangs (0.4845ms)
✔ a postcondition failure names the clause that broke (0.154541ms)
✔ compiled virtual forwarding retains wrapper and target guard denial timing before effects (30.822875ms)
✔ existing direct target calls do not acquire a virtual wrapper guard (16.931625ms)
✔ compiled consumer rejects a tampered descriptor and a changed candidate (2.255209ms)
✔ virtual target must be compiled locally, even when a remote call handler exists (2.484667ms)
✔ virtual forwarding cannot reuse v4 vetted admission for the candidate alone (0.798875ms)
✔ virtual forwarding cannot bind an effect router to the candidate root alone (0.743292ms)
✔ compiled virtual calls retain the checked candidate after caller mutation (2.594042ms)
✔ checked opt-in compiles exactly the source bytecode with archived wrapper frames (21.729333ms)
✔ tight bytecode quotas, effect instruction timing, direct calls and frames match source (4668.328875ms)
✔ checkpoint after entering the archived wrapper restores and resumes identically (180.33425ms)
✔ fresh process restores the archived wrapper frame and reaches the same result (325.497875ms)
✔ direct replay retention keeps a virtual wrapper and target available after collection (6655.196958ms)
✔ unadmitted effect broker and ProcessHost routes reject the profile before side effects (1.841834ms)
✔ descriptor, archived declaration and manifest identity mismatches fail before execution (12.61375ms)
✔ checked virtual forwarding preserves exact finite-fuel faults, frames, callbacks and effects (306.762875ms)
✔ virtual forwarding is bound to the exact candidate and leaves original direct calls alone (2.962916ms)
✔ loaded virtual forwarding retains checked AST bytes after caller mutation (2.273209ms)
✔ a target fault retains the archived wrapper frame and fault bindings (49.552709ms)
✔ virtual forwarding refuses an effect router until its manifest binds the sidecar (0.835709ms)
✔ strict topology direct pure setter denies every malformed, excess and narrowed grant without heap publication (111.242709ms)
✔ strict real worker pure setter denies the same grant matrix before recording or publishing state (924.561042ms)
✔ D1: the topology host executes functions through their planned unit (7.72625ms)
✔ D2/D3: wire calls require sealed authority and expose partition semantics (5.395959ms)
✔ v2 topology dispatch binds grants to target function, generation and current epoch (7.753667ms)
✔ strict topology dispatch rechecks a grant after the initial boundary check (3.4225ms)
✔ pure state-changing strict topology entry requires a current audience-bound invocation grant (1.061166ms)
✔ strict topology effect callbacks recheck revocation before each sink (2.234542ms)
✔ strict topology closure entry rechecks authority after revocation (2.038417ms)
✔ strict topology router boundary rechecks revocation before the next live adapter (1.806125ms)
✔ durable grant revocation survives restart at a real topology dispatch boundary (110.639833ms)
✔ D4/D5: a quiescent function moves live and host traffic becomes slicer telemetry (3.873959ms)
✔ J4: cross-unit calls execute through isolated per-unit runtimes (0.549667ms)
✔ Mach-O load-path resolution rejects missing and ambiguous native dependencies (3.084666ms)
✔ worker manifest pins transitive non-system libraries and macOS cache identity (17564.366458ms)
✔ V4-F01/G1: ledger state, aliases and future calls survive movement and source removal (12.588084ms)
✔ V4-F01/G2: cross-unit nested calls observe the authoritative heap instead of stale duplicates (6.175584ms)
✔ V4-F01/G2: runtime-created records across units use globally coordinated local addresses (1.136917ms)
✔ V4-F01/G2: snapshots preserve cyclic record references and isolate nested containers (3.484792ms)
✔ V4-F01/G3: invalid snapshots fail atomically before replacing the current heap (1.434458ms)
✔ V4-F01/G3: no-op, stale generation, invalid target and prepare failures retain usable state (6.473166ms)
✔ V4-F01/G3: a live effect cannot move an active state domain (2.690542ms)
✔ V4-F01/G3: migration retains edge, isolation, memory and single-writer restrictions (15.1765ms)
✔ V4-F01/G2: map and fold callbacks remain callable after their unit changes (1.752541ms)
✔ V4-F01/G2/G3: cross-unit opaque continuations see current state and block unsafe migration (1.100791ms)
✔ V4-F01/G2: host movement retains nested cyclic and aliased state used by other functions (3.193708ms)
✔ F07 state transfer treats JavaScript prototype names as ordinary record fields (1.270833ms)
✔ native runner validates a complete Tier 2 frame against independent exact-source execution (1224.132208ms)
✔ native runner requires exact Tier 3 rollback and rejects changed artifact and proof identities (1331.946792ms)
✔ native runner refuses symlinked and mismatched artifact bytes before launch (750.549709ms)
✔ V2 runner executes a private copy of digest-pinned bytes and binds an unforgeable native run (577.76225ms)
✔ opt-in config/15 releases active pins from the host witness and reopens with replay intact (7521.765917ms)
✔ reopen reconciles a committed host decision interrupted before active pin release (6042.870875ms)
✔ witness outage, rollback, forged terminal receipt and altered marker block released-host reopen (21723.304167ms)
﹣ child crash driver (0.144625ms) # SKIP
✔ real controller death on both sides of active release reopens from the witnessed decision (14344.23525ms)
✔ V10 Deployment postcommit recovery across real controller SIGKILL (12942.319125ms)
ℹ {"crashSignal":"SIGKILL","controllerPid":86714,"servicePids":[86584,86582,86583],"workerPids":[86626],"sinkRevision":"1","effectRevisionBefore":"4","effectRevisionAfter":"5"}
✔ V10 Deployment pre-sink recovery across real controller SIGKILL (7119.498208ms)
ℹ {"crashSignal":"SIGKILL","controllerPid":87020,"servicePids":[86921,86919,86920],"workerPids":[86963],"sinkRevision":"0","effectRevisionBefore":"0","effectRevisionAfter":"0"}
✔ V10 Deployment signed-fence recovery across real controller SIGKILL (14528.017584ms)
ℹ {"crashSignal":"SIGKILL","controllerPid":91705,"servicePids":[89055,88934,89003],"workerPids":[90296],"sinkRevision":"1","effectRevisionBefore":"4","effectRevisionAfter":"5"}
✔ V11 Deployment v11-resource-postcommit recovery across real controller SIGKILL (14183.799ms)
ℹ {"crashSignal":"SIGKILL","controllerPid":92033,"servicePids":[91904,91902,91903],"workerPids":[91953],"sinkRevision":"1","effectRevisionBefore":"4","effectRevisionAfter":"5"}
✔ V11 Deployment v11-revoked-postcommit recovery across real controller SIGKILL (10568.983833ms)
ℹ {"crashSignal":"SIGKILL","controllerPid":92845,"servicePids":[92716,92714,92715],"workerPids":[92758],"sinkRevision":"1","effectRevisionBefore":"4","effectRevisionAfter":"5"}
✔ V11 Deployment v11-resource-pre-sink recovery across real controller SIGKILL (8160.584833ms)
ℹ {"crashSignal":"SIGKILL","controllerPid":93113,"servicePids":[93015,93013,93014],"workerPids":[93057],"sinkRevision":"0","effectRevisionBefore":"0","effectRevisionAfter":"0"}
✔ V11 Deployment v11-resource-signed-fence recovery across real controller SIGKILL (15903.283ms)
ℹ {"crashSignal":"SIGKILL","controllerPid":93387,"servicePids":[93212,93210,93211],"workerPids":[93255],"sinkRevision":"1","effectRevisionBefore":"4","effectRevisionAfter":"5"}
✔ V11 Deployment v11-target-revoked-fence recovery across real controller SIGKILL (15433.543042ms)
ℹ {"crashSignal":"SIGKILL","controllerPid":98235,"servicePids":[97888,97767,97819],"workerPids":[98100],"sinkRevision":"1","effectRevisionBefore":"4","effectRevisionAfter":"5"}
✔ V10 and V11 ProcessHost/Deployment pin sink outcomes and target grants across promotion and restart (115853.456958ms)
✔ V12 direct ProcessHost charges one witnessed signed sink commit across retry and reopen (45130.158291ms)
✔ F07 transport: real child processes support nested cross-calls, effects and coherent heap return (328.298167ms)
✔ F07 transport: contracts remain enforced and indeterminate effects preserve recovery IDs (158.559916ms)
✔ F07 transport: C1 references reject opaque, foreign and stale state before import (155.368ms)
✔ F07 transport: HMAC binds roles, sequences, roots and epochs with bounded framing (2.576958ms)
✔ F07 transport: authenticated-worker tampering and oversized incoming frames terminate without orphans (301.078ms)
✔ F07 transport: timeout interrupts an actual synchronous worker and EOF rejects pending work (355.353083ms)
✔ F07 transport: killing the actual parent cannot orphan a worker executing an infinite loop (354.279125ms)
✔ V2 releases active-task records after a committed checkpoint while replay remains pinned (6110.172042ms)
✔ forged receipt, stale proof and witness outage or rollback refuse release (18562.143958ms)
✔ an active checkpoint has no release proof and keeps both pin kinds (1381.481959ms)
✔ a durable release record survives a crash before physical lease retirement (5218.222167ms)
✔ another process racing a new active pin is serialized or fails closed (5584.072292ms)
✔ live ProcessDeployment refuses Artifact/3 before worker or effect dispatch (544.684584ms)
✔ legacy ProcessDeployment factory cannot inject Artifact/4 host admission (83.785125ms)
✔ legacy ProcessDeployment refuses a virtual-forward target under Artifact/1 (516.781375ms)
✔ strict process deployment carries scoped grants through the production host and sink (2196.039291ms)
✔ process deployment factory serves a signed effect resource policy bound to the admitted artifact (1214.420625ms)
✔ fresh production deployment serves exact loader-admitted adapter bytes under signed v2 policy (7762.680458ms)
✔ default effectful deployment pins independent signer across real sink, candidate and restart (10172.332541ms)
✔ explicit anchored-v4 compatibility reopens old adapter-policy bytes without silent upgrade (4781.284958ms)
✔ anchored promotion binds signer identity and refuses key substitution before activation (18930.108541ms)
✔ F08 process deployment: rejected composition, approved migration/body change and rollback preserve real ledger state (4643.978833ms)
✔ F08 process deployment: forged/stale approvals and changed schemas preserve serving state (1253.560167ms)
✔ F08 process deployment: preparation freezes source calls and postcommit activation failure blocks old-root serving until recovery (1478.09225ms)
✔ F08 process deployment: in-flight source writes drain before preparation and invalidate stale snapshot approval (1231.837292ms)
✔ F08 process deployment: actual coordinator death before/after commit reloads artifacts and follows only durable decision (17628.637583ms)
✔ F08 process deployment: receipt loss after inner durable commit recovers original invocation without another append (3240.706291ms)
✔ F08 process deployment: outer intent without inner execution needs authorized abort, while committed receipt survives observer failure (1994.426834ms)
✔ F08 review: invalid typed allocations and calls are rejected before outer intents and do not wedge the deployment (1780.920875ms)
✔ F08 review: cached receipts and fresh intents recheck revocation after the awaited source snapshot (746.019375ms)
✔ F08 review: recovery freezes strategy and rechecks permission after awaits and before receipt publication (815.795ms)
✔ asynchronous deployment recovery policy is denied before host recovery or receipt publication (577.035542ms)
✔ F08 review: repeated manifest activation rejects historical ABA handles without changing workers or serving generation (2793.226125ms)
✔ deployment cached receipts retain historical capability authority when a later declaration weakens (1101.854666ms)
✔ deployment legacy profile adoption is explicit and preserves durable receipts (1268.50725ms)
✔ fresh production deployment requires an independent signer anchor and preserves explicit legacy histories (511.443959ms)
✔ fresh signed deployment refuses unsigned effect services before durable genesis (86.988167ms)
✔ v2 capability history needs explicit legacy adoption and retains settled calls (1176.183875ms)
✔ signed sink commit keeps proved Tier 2 idle across host and fallback reopen (20632.1025ms)
✔ separate controllers recover exact Tier 1 replay after SIGKILL between signed sink commit and fallback publication (17084.022ms)
✔ signed noncommit fence permits independently proved pure Tier 2 after reconciliation (23013.648375ms)
✔ witness outage around Tier 1 dispatch cannot authorize pure Tier 2 (15615.218042ms)
✔ effectful Tier 1 falls through to independently proved pure Tier 2 after durable noncommit (802.157917ms)
✔ possible Tier 1 external commit blocks the proved conservative tier and preserves its sink count (507.800333ms)
✔ authority loss after host completion suppresses the supervisor receipt at both tiers (981.141542ms)
✔ a cached static abort refuses a later completed host operation under its Tier 2 identity (469.565666ms)
✔ root revocation after Tier 2 host success cannot turn that success into a terminal abort (423.440916ms)
✔ a proved Tier 2 cannot regain revoked invocation authority and an edited certificate is refused (468.396958ms)
✔ proved Tier 2 resumes after actual coordinator SIGKILL at the Tier 1 repair boundary (965.865333ms)
✔ V2 reconciles an already committed Tier 1 effect after SIGKILL and never repeats the sink (1130.56725ms)
✔ V2 starts proved Tier 2 only after the trusted adapter reports definitive noncommit (1275.67775ms)
✔ V2 keeps an unknown post-sink crash blocked and never repeats its external call (1013.242458ms)
✔ pre-effect Tier 1 fault uses real ProcessHost Tier 2 and one durable sink call (1018.380375ms)
✔ committed Tier 1 effect followed by fault blocks fallback and never duplicates sink (757.741333ms)
✔ both tiers fault before effects and yield deterministic Tier 3 abort (572.957583ms)
✔ a host write at the terminal decision boundary prevents a false safe-state abort (549.281167ms)
✔ host expected heap CAS refuses a stale fallback base (345.144042ms)
✔ a real interleaved host writer prevents Tier 2 from starting from a changed heap (475.87125ms)
✔ repair outbox redelivers stable ID after failed async delivery and detects tamper (767.382459ms)
✔ exact signature and contract mismatch is rejected before journal creation (477.618833ms)
✔ SIGKILL after Tier 1 repair intent resumes Tier 2 with stable IDs (1072.13725ms)
✔ SIGKILL after external commit blocks Tier 2 until exact host replay resolves Tier 1 (1145.769542ms)
✔ SIGKILL after host call intent is recovered only with durable noncommit evidence (1155.1945ms)
✔ SIGKILL at effect request can abort only after the durable pre-dispatch state is inspected (1186.762166ms)
✔ SIGKILL inside the sink leaves dispatch indeterminate and never starts Tier 2 (847.2545ms)
✔ fresh Tier 2 grants are required after Tier 1 fails (431.435208ms)
✔ missing Tier 1 grant is rejected before an operation ID is claimed (615.330542ms)
✔ strict ProcessHost grants bind real worker calls to audience, generation and durable revocation (1459.6025ms)
✔ strict ProcessHost rechecks a grant after effect intent and before the external sink (636.192042ms)
✔ strict pure worker call cannot publish state after invocation grant revocation at final commit (662.302ms)
✔ strict ProcessHost rejects pre-migration grants after a durable ownership generation change (715.236916ms)
✔ trusted effect resource policy denies a valid grant for the wrong ledger target (760.572791ms)
✔ signed resource policy binds a real process effect to its manifest and current grant epoch (826.624792ms)
✔ signed process policy refuses a changed adapter before dispatch (614.024125ms)
✔ v2 process policy requires the exact loader-admitted adapter bytes before a real sink (797.336583ms)
✔ anchored ProcessHost pins signer key in durable configuration across reopen (883.093416ms)
✔ anchored V3 ProcessHost binds import-free adapter, signer key, epoch and host-config/3 before effects (1069.895459ms)
✔ anchored V3 ProcessHost refuses a policy epoch change at effect intent without publishing heap or sink (621.434375ms)
✔ strict scoped grants remain bound through an actual cross-process nested call (715.695791ms)
✔ legacy and strict process profiles reject live closure transfer before external effects (591.31ms)
✔ F07 coordinator: actual ledger workers preserve state, exact receipts, allocator and migration epochs (1537.575083ms)
✔ F07 coordinator: nested A→B→A passes current heap at every call/effect and preserves aliases (894.030083ms)
✔ F07 coordinator: migration failures obey the durable commit decision and retain both snapshots (1802.293042ms)
✔ F07 coordinator: uncertain calls block migration and only privileged no-effect abort can clear them (1164.411709ms)
✔ F07 coordinator: actual parent death at every migration boundary preserves the decision on same-ID retry (7358.732542ms)
✔ F07 coordinator: actual parent death after sink commit requires real receipt reconciliation and isolated replay (4396.186041ms)
✔ F07 coordinator: concurrent host instances serialize a shared canonical heap (1142.6465ms)
✔ F07 coordinator: seeded cyclic/shared logical references survive a real-worker migration from generation zero (1565.590167ms)
✔ F07 coordinator: effect dispatch rechecks invocation expiry and journal corruption cannot invent outcomes (529.56225ms)
✔ F07 coordinator: two actual parent processes retry one operation without a duplicate sink commit (1940.49175ms)
✔ F07 coordinator: an actual worker timeout remains indeterminate until privileged safe abort (1280.545084ms)
✔ F07 coordinator: mutable caller objects cannot change queued intent or authorized recovery strategy (1399.569375ms)
✔ F07 coordinator: caller operation IDs cannot collide with another call boundary path (838.1435ms)
✔ F07 coordinator: revoked recovery authorization cannot publish a safe abort or replay result (1148.63025ms)
✔ asynchronous recovery policy cannot publish an abort or replay (452.561167ms)
✔ F07 coordinator: current state is bound to retained transition receipts, including against old snapshot substitution (470.323167ms)
✔ F07 coordinator: real workers enforce declared argument/result types and sound scalar generics (449.780125ms)
✔ witnessed native fallback publishes the proved alias result and survives reopen (4404.923042ms)
✔ distinct-reference native Tier 3 abort preserves the exact host source state (3475.736208ms)
✔ native grants fail before intent and revocation at publication retains recoverable source (5686.899417ms)
✔ substituted executable leaves a witnessed native intent unresolved until exact bytes return (3476.373917ms)
✔ controller close at native intent, launch or publication cannot commit a result (12378.749333ms)
✔ witnessed v5 reopen rejects malformed empty checkpoint extension fields (4896.827916ms)
✔ native publication waits for the host witness and recovers after service restart (4195.931709ms)
✔ fresh controller recovers a witnessed native intent after SIGKILL before publication (5413.202167ms)
✔ fresh controller reads the one committed native decision after postcommit SIGKILL (4964.253125ms)
✔ exact native fallback consumes real ProcessHost state and matches durable tier decisions (2501.2305ms)
✔ actual native packed candidate is one durable ProcessHost control across retry, reopen and publication (14637.771166ms)
✔ packed control survives real controller SIGKILL before and after durable decision (24474.179875ms)
✔ checkpoint lease preserves nonempty frames/tasks and publishes state to actual production workers (10664.108667ms)
✔ stale production generations reject while explicit fresh epoch mapping preserves the same allocation (10355.602833ms)
✔ checkpoint publication requires current grants, exact origin and engine-produced progression (1041.133458ms)
✔ leased effects use the durable private C1 view, reconcile unknown outcomes and publish exactly once (13209.365208ms)
✔ checkpoint policy requires literal true and publication rechecks policy after preparation (9132.913208ms)
✔ typed local and heap controls survive restart, retain audit, and resume without rebuilding workers (15633.0505ms)
✔ correction policies reject Promise grants and revocation at the durable publication boundary (1043.344875ms)
✔ durable rewind debt replays committed effects without redispatch and blocks divergent corrections (40752.901208ms)
✔ fresh controllers recover SIGKILL at checkpoint, effect receipt and publication boundaries (130090.203209ms)
✔ host-bound semantic retention pins exact task/replay roots before checkpoint publication and survives direct collection and reopen (7586.903583ms)
✔ host-bound retention rejects removed marker, missing AST root and wrong authority on reopen (4909.498792ms)
✔ retention loss at the host publication phase blocks the durable heap decision (5451.189041ms)
✔ controller death before pin and after checkpoint decision preserves the correct AST/lease ordering (13754.731583ms)
✔ V12 witnessed sink retirement survives controller SIGKILL before durable promotion commit (29454.572416ms)
ℹ {"boundary":"before","controllerCrash":"SIGKILL","services":[71313,71311,72286],"candidateWorkerPids":[72085,72173],"deploymentWitnessRevision":"6","sinkRevision":"1"}
✔ V12 witnessed sink retirement survives controller SIGKILL after durable promotion commit (47271.177791ms)
ℹ {"boundary":"after","controllerCrash":"SIGKILL","services":[72490,72488,77552],"candidateWorkerPids":[73685,76461],"deploymentWitnessRevision":"8","sinkRevision":"2"}
✔ V12 semantic deployment artifact and effect plan preserve exact V1/V2 domains (1768.00475ms)
✔ V12 witnessed deployment retires one dead signed sink, preserves live dispatch and old receipt (23854.018916ms)
✔ V12 commit fence rejects a new active-task pin after candidate preparation (5998.130875ms)
✔ V12 rejects semantic checkpoint custody smuggled through a reloadable factory (1760.318125ms)
✔ typed process boundary enforces primitive values, exact arity and return type (3.264334ms)
✔ typed process boundary checks all IntN ranges and nominal representations without coercion (2.744959ms)
✔ typed process records validate required fields and preserve bounded cyclic/extra data (0.67875ms)
✔ typed allocation rejects missing/extra fields, inherited keys and wrong field values (0.347875ms)
✔ scalar and sequence type variables infer consistently and constrain returned values (1.620292ms)
✔ Result active variants and nested generic fields preserve independent bindings (0.745375ms)
✔ Owned requires separation of reachable graphs, including hidden aliases and sequences (0.974041ms)
✔ unsupported opaque values and excessive type nesting fail explicitly (0.357667ms)
✔ Artifact/4 signed target binds independently rebuilt V2 bundle and exact virtual proof (10286.54025ms)
✔ Artifact/4 rejects omitted input, changed tool, native library, Node and bundle identity (12798.716ms)
✔ Artifact/4 remeasures actual current input and build-recipe bytes on decode (10348.415792ms)
✔ Artifact/4 rejects swapped descriptor, evidence and forged direct ancestry (25229.9895ms)
✔ Artifact/4 bounded launch check starts only its measured worker bundle (12966.360167ms)
✔ Artifact/4 init/3 executes the signed pure candidate and restores its real-worker snapshot (13569.953541ms)
✔ Artifact/4 pure worker cannot gain callbacks through later caller option mutation (11092.932708ms)
✔ Artifact/4 init/3 refuses tampered proof, authority, and packaged bytes before execution (12638.440834ms)
✔ Artifact/4 packaged child independently rejects altered init/3 proof (7336.249125ms)
✔ Artifact/4 ProcessHost config/16 dispatches and reopens exact durable pure state (19830.473125ms)
✔ Artifact/4 ProcessHost config/18 witnesses exact signed source and real-worker state (22559.157375ms)
✔ Artifact/4 witnessed source survives real controller SIGKILL on each side of call commit (37168.130291ms)
✔ Artifact/4 ProcessHost reconciles a real controller SIGKILL before commit (22877.917ms)
✔ Artifact/4 ProcessHost config/17 witnesses pure calls and recovers controller crashes (58625.54325ms)
✔ Artifact/4 ProcessHost refuses effect services and stale signed lineage before call intent (14362.887708ms)
✔ pure Artifact/4 governor contract binds source snapshot, plan, witnesses and exact evidence (20536.099292ms)
✔ pure Artifact/4 governor deployment promotes a real host and pins same-ID replay (66748.998208ms)
✔ pure Artifact/4 deployment refuses superseded source spec before any call intent (21110.554083ms)
✔ pure Artifact/4 commit fence refuses a witnessed source call after prepare (33534.638208ms)
✔ pure Artifact/4 deployment reconciles real controller SIGKILL at prepared (61311.015541ms)
✔ pure Artifact/4 deployment reconciles real controller SIGKILL at before-activation (65924.862917ms)
✔ Artifact/3 init/2 executes source and candidate in separate real workers (1879.47925ms)
✔ Artifact/3 pure worker cannot gain callbacks through later caller option mutation (1324.677875ms)
✔ Artifact/3 launches the rebuilt closed worker bundle with its measured input set (3744.391667ms)
✔ Artifact/3 virtual worker preserves source production guard denial order (2408.345542ms)
✔ Artifact/3 worker denies altered roots, descriptor and executable bytes before dispatch (1357.228416ms)
✔ Artifact/3 worker refuses trust accessors and proxies before reading them (874.178ms)
✔ Artifact/3 init/2 independently rejects tampered child payload before a worker call (2016.977334ms)
✔ Artifact/3 reloads exact source, candidate, wrapper, V3 evidence and measured bytes (839.038459ms)
✔ Artifact/3 rejects altered source, candidate, descriptor, wrapper, profile and executable bytes (892.906583ms)
✔ Artifact/3 rejects unrelated signed lineage and forged admission authority (1911.951583ms)
✔ Artifact/3 rejects effectful subjects, malformed IR and legacy version substitution (1901.566333ms)
✔ versioned pure virtual witness repairs a mirror after CAS/crash and refuses rollback (24.587458ms)
✔ pure virtual /3 witness pins source plan and operator authority across revisions (8.463ms)
✔ pure virtual /2 journal refuses duplicate and forged same-ID receipts (12.492834ms)
✔ independent V7 clock refuses frozen-factory grant expiry and signed deadline before guest dispatch (3346.392166ms)
✔ V9 independent witness preserves a committed guest effect across controller SIGKILL and fresh reconciliation (7890.636542ms)
ℹ {"crashSignal":"SIGKILL","phases":[{"controllerPid":51164,"phase":"call-intent","operationId":"crash-v9","generation":"1"},{"controllerPid":51164,"phase":"effect-requested","operationId":"crash-v9","generation":"1"},{"controllerPid":51164,"phase":"effect-recorded","operationId":"crash-v9","generation":"1"}],"guestDispatches":[{"controllerPid":51164,"mode":"crash","requestDigest":"aether.effect/1:b3:d05e696f38473e7e1d07cf294b2e0f969501bad2ddf592db9f85df38f3f03943"}],"brokerWitnessRevision":"5","brokerWitnessJournal":"{\"clockDomain\":\"controller-crash-clock/1\",\"format\":\"aether.effect-journal/2\",\"records\":[{\"adapterId\":\"controller-crash/1\",\"adapterSemanticsDigest\":\"aether.effect-adapter/1:b3:ecbef9efb2de242f6855b3c767a921eb65f17cb8ceb3931cb881741b5bfacec4\",\"dispatchStarted\":true,\"format\":\"aether.effect-event/1\",\"observedAt\":\"100\",\"outcome\":{\"receiptDigest\":\"aether.effect-receipt/1:b3:b7993f733823503f121f1ab61f57d7c6143b04527e5cd6d96b85ae341f94e428\",\"state\":\"committed\",\"value\":{\"tag\":\"int\",\"value\":\"8\"}},\"prepared\":null,\"recordedAt\":\"100\",\"request\":{\"branchId\":null,\"budgetReservationId\":null,\"capabilityGrantRef\":\"aether.process-effect-grant-ref/1:b3:6cccafd02b03cc59284099fde6bd4db8890126b5f8cfceee78c0067608bf6cec\",\"deadline\":\"1000\",\"effectId\":\"operation-0\",\"executionId\":\"aether.process-boundary/1:b3:d3bcc0bc4be90fde91956ee8e4501b76cb636a00b374001af29870640d87a452\",\"executionManifest\":\"aether.execution/1:b3:6846de7d7a27376a02f29c4dfde9594e9bc137184aaba3d239d6b98590dbb095\",\"format\":\"aether.effect/1\",\"payload\":{\"items\":[{\"tag\":\"string\",\"value\":\"cap:test:controller_crash\"},{\"tag\":\"int\",\"value\":\"7\"}],\"tag\":\"sequence\"},\"payloadDigest\":\"aether.effect-payload/1:b3:ad62bf3a65955ddc0155ab37acec9a8cef1e011eedfaa43e69841f1350102b4e\",\"policyEpoch\":\"0\"},\"requestDigest\":\"aether.effect/1:b3:d05e696f38473e7e1d07cf294b2e0f969501bad2ddf592db9f85df38f3f03943\",\"sequence\":\"0\",\"state\":\"committed\",\"transitions\":[{\"dispatchStarted\":false,\"state\":\"requested\",\"time\":\"100\"},{\"dispatchStarted\":false,\"state\":\"reserved\",\"time\":\"100\"},{\"dispatchStarted\":false,\"state\":\"prepared\",\"time\":\"100\"},{\"dispatchStarted\":true,\"state\":\"prepared\",\"time\":\"100\"},{\"dispatchStarted\":true,\"state\":\"committed\",\"time\":\"100\"}]}],\"revision\":\"5\",\"witnessDigest\":\"aether.effect-journal-witness/2:b3:d2937acce435eb9ebe04fb7f181146f8eb6613cdbf445c0c6dd80e8713f9dbe5\"}","recovered":{"execution":{"ok":true,"steps":0,"value":{"tag":"int","value":"7"}},"generation":"1","operationId":"crash-v9","state":"completed","unit":"worker"}}
✔ opt-in v6 deployment persists an anchored Wasm-only policy through actual process calls and reopen (4293.296875ms)
✔ anchored V4 ProcessHost runs exact isolated Wasm through a real worker and durable broker (4631.567875ms)
✔ V9 host and deployment use peer-checked external witness across service SIGKILL without redispatch (16367.527167ms)
✔ V9 protects complete host and broker history across real Wasm calls, promotion and reopen (5251.186333ms)
✔ V8 pins operator witness through real Wasm host, deployment, promotion and reopen (2915.051208ms)
✔ worker bundle is rebuilt from a closed input graph and refuses stale or tampered bytes (16525.858459ms)
✔ worker graph rejects missing and tree-shaken dynamic imports before measurement (4.402875ms)
✔ actual bundled worker launches and returns an authenticated pre-init refusal (5352.033541ms)
✔ Artifact/4 launch custody executes measured pipe JS across a real pathname swap (93.056375ms)
✔ Artifact/4 launch custody rejects bytes changed before acquisition (0.829458ms)
✔ strict deployment requires signed genesis, exact evidence and causal parent linkage for real ledger promotion/rollback (5043.924709ms)
✔ strict serving invalidates on transitive specification revision and signed repair can replace the quiescent stale source (3802.733083ms)
✔ strict precommit checkpoint catches author revocation during prepare and aborts isolated candidate workers (3009.657209ms)
✔ strict actual-process crash recovery follows commit even if specification invalidation blocks serving (10790.923459ms)
✔ strict live invalidation blocks the next effect and privileged historical recovery creates no live append (2008.141667ms)
✔ strict readiness preserves malformed authority errors instead of presenting ordinary invalidation (1606.4635ms)
✔ surfaces are found with the path needed to rewrite them (5.691958ms)
✔ a domain enumerates exactly what the author allowed (2.009375ms)
✔ FR-4.2: tuning descends a measured objective it cannot see into (2.210792ms)
✔ the evaluation budget is a hard ceiling, because measurements cost traffic (1.648666ms)
✔ a gradient is recorded for range surfaces and not invented for choices (1.655209ms)
✔ FR-4.2: applying a tuning rewrites parameters and nothing else (4.66975ms)
✔ a tuned module still verifies and still passes its micro-worlds (72.136917ms)
✔ an objective with no better configuration converges without changing anything (1.715625ms)
✔ the tuner optimizes each surface for the objective it declares (1.410209ms)
✔ the call graph is read from the code, not from configuration (2.348292ms)
✔ FR-4.1: heavy interconnect is recombined into one in-process domain (0.732625ms)
✔ the same graph compiles to different shapes with different prices (0.469917ms)
✔ capabilities decide placement, without an annotation saying so (0.280875ms)
✔ a footprint limit blocks a merge the traffic would otherwise justify (0.300542ms)
✔ an isolated capability is never co-located (0.203666ms)
✔ transport glue is derived, and forwards the capability envelope (0.343ms)
✔ a plan renders to something a human can review (0.233459ms)
✔ E4: concurrency findings become single-writer placement constraints (0.25675ms)
✔ G3: the production tokenizer uses real cl100k BPE tables (93.913834ms)
✔ v4 plan exactly covers the preserved functional requirements and source digest (10.32175ms)
✔ v4 document version and generated tracker cannot drift (3.191334ms)
✔ v4 first slice is ordered and closes its dependencies; waves respect every edge (0.214792ms)
✔ v4 validator rejects cycles, dangling edges, unknown coverage and duplicate identities (1.7155ms)
✔ v4 validator rejects lost delivery ownership, missing release closure and unexplained blockers (1.091792ms)
✔ v4 completion requires exact-version evidence for every gate and all dependencies (2.487292ms)
✔ v4 ordering fails loudly if it cannot make progress (0.228917ms)
ℹ tests 1217
ℹ suites 0
ℹ pass 1215
ℹ fail 0
ℹ cancelled 0
ℹ skipped 2
ℹ todo 0
ℹ duration_ms 2282440.594333
