
> @ghostlygawd/aether@0.1.0 pretest
> npm run build


> @ghostlygawd/aether@0.1.0 build
> tsc -p tsconfig.json && node scripts/copy-native-fallback-driver.mjs && node --experimental-strip-types scripts/process-worker-bundle.ts build

{"format":"aether.process-worker-bundle/2","bundle":{"path":"/Users/rhenmcleod/Repositories/swarm-experiment/dist/process-worker.bundle.mjs","bytes":769991,"sha256":"c16b9a6c0bd237895931ee1ecb34878b27faf17a6888e36b9f1a8ab18f7293e1"},"node":{"path":"/opt/homebrew/Cellar/node/26.7.0/bin/node","bytes":50320,"sha256":"1ef99ea25fe70c9b67e7efe768ef8ee22148d3cabc703db6131b57aeb617d040"},"nativeScope":"aether.macos-node-static-link-closure/1","nativeLibraries":25,"inputCount":70,"externalNodeImports":["node:child_process","node:crypto","node:fs","node:net","node:path","node:perf_hooks","node:util"],"toolVersion":"0.28.2"}

> @ghostlygawd/aether@0.1.0 test
> node --test --test-concurrency=1 --experimental-strip-types "test/**/*.test.ts"

✔ G1: agent protocol frames survive arbitrary stream chunking (24.649917ms)
✔ G2: durable leases exclude competing agents and expire (26.269041ms)
✔ J3: abandoned filesystem locks are recovered after the stale threshold (1.082375ms)
✔ independent benchmark reader recounts complete messages, target rows and current source bytes (1135.255042ms)
✔ verifier refuses altered verdicts, thresholds, raw messages, source list and noncanonical JSON (3622.249208ms)
✔ source commit substitution cannot pass exact-source verification (816.148167ms)
✔ changed hardware diagnostics cannot pass exact-source verification (807.648084ms)
✔ V4-F02: corpus aggregation divides summed actual counts, not averaged ratios (0.738917ms)
✔ V4-F02: real-tokenizer corpus includes cold dictionaries and complete warm message framing (109.417333ms)
✔ V4-F02: full-session arithmetic includes failed attempts, repairs, responses and dictionary deltas (20.264875ms)
✔ AE6 ledger profile charges the cold base and full changed session while complete warm wires exceed 4× in both tokenizers (429.026917ms)
✔ V4-F02: enforcement rejects misses, unmeasured, inconclusive, deleted, duplicated and fabricated pass rows (0.216709ms)
✔ V4-F02: measurement CLI succeeds while enforcement fails and emits reproducible bound evidence (1261.162ms)
✔ V3 retains an exact signed receipt and rechecks it on cached dispatch, inspect, reconcile, and replay (140.728334ms)
✔ V3 crash after sink success is indeterminate until receipt-backed read-only reconciliation (101.197125ms)
✔ V3 will not certify a forged sink commit or reuse an unsigned structural adapter (74.790667ms)
✔ legacy brokers refuse an attested sink adapter before any durable intent or sink call (0.637042ms)
✔ V3 verifies a signed durable noncommit fence before terminal abort (87.505292ms)
✔ V3 rejects forged witnessed cached records, missing signed proof, V1 witness, and downgrade (88.201834ms)
✔ trusted wrapper accepts exact signed commit, pins copied identity, and exposes a detached proof (7.636292ms)
✔ forged, mismatched, stale, and contradictory signed responses never yield a committed value (9.430917ms)
✔ reconciliation reports noncommit only from a signed terminal fence; uncertainty stays unknown (2.285292ms)
✔ broker keeps transport failure indeterminate and releases it only after signed fence (108.319791ms)
✔ V4 broker withholds a valid sink signature until the independent sink head retains it (126.114375ms)
✔ signed sink receipt reconciles a real postcommit controller SIGKILL without another external decision (2533.701542ms)
✔ V4 broker requires independent sink head across real postcommit controller SIGKILL and replay (4676.396792ms)
✔ operator process commits exactly once and retains identical signed receipt after SIGKILL/restart (621.23275ms)
✔ near-limit accepted payload retains a recoverable signed response after restart (398.972417ms)
✔ status makes a durable signed noncommit fence that permanently refuses execute (384.185667ms)
✔ lost wire response remains a committed decision; wrong auth and forged stored receipt fail closed (318.891042ms)
✔ CLI refuses a group-readable signing key before opening the sink (92.539792ms)
✔ separate sink witness restores deleted/older local state and fails closed on outage or equivocation (2635.701042ms)
✔ V5 predispatch denial holds funds until an exact signed witnessed noncommit fence (1146.215041ms)
✔ V5 recovers a reserve that reached the bridge before broker publication (772.385375ms)
✔ V5 keeps funds encumbered when the bridge loses its reserve receipt (754.704084ms)
✔ V5 router pins operator bridge, grant and full recorded reservation identity (735.898042ms)
✔ signed V7 router checks its private complete adapter map before any live dispatch (276.20575ms)
✔ V5 witness outage leaves an authorized reservation encumbered (577.133125ms)
✔ V5 predispatch status can only charge an exact signed witnessed commit once (1014.447334ms)
✔ V5 rejects forged budget hooks and exact bridge substitution (1145.453459ms)
✔ V5 cached commits fail closed on local or witness rollback of bridge and ledger (3526.223083ms)
✔ deployment witness pins operator and namespace with exact durable CAS bytes (2.948917ms)
✔ deployment witness rejects stale writers, rollback and same-revision equivocation (0.638875ms)
✔ deployment witness rejects incomplete, wrong-revision, wrong-identity and noncanonical journals before CAS (3.36875ms)
✔ deployment witness rejects false CAS acknowledgments and can recover a lost response (1.347833ms)
✔ deployment witness rejects malformed source heads (0.432125ms)
✔ deployment witness admits exact /10 sink identity and retains canonical CAS bytes (1.085584ms)
✔ deployment witness V12 pins signed sink table fields and immutable export authority (3.093416ms)
✔ deployment witness rejects malformed /10 sink fields and profile before CAS (0.649167ms)
✔ deployment witness forbids sink identity drift and /9↔/10 switch before CAS (2.186917ms)
✔ deployment witness admits exact /11 resource-scoped sink journal and durable CAS bytes (0.537792ms)
✔ deployment witness rejects malformed /11 sink fields, namespace, and profile before CAS (0.528458ms)
✔ deployment witness prevents /11 sink identity changes and cross-version adoption before CAS (2.796583ms)
✔ namespaced V2 identities bind deployment and operation, while V1 bytes remain stable (2.330125ms)
✔ V2 catalog rejects V1, wrong deployment, operation, authority, repository, and clock (0.61775ms)
✔ V2 catalog pins the selected object for its lifetime (0.137334ms)
✔ V1 and V2 require a retained head after a falsely successful CAS response (0.156125ms)
✔ broker accepts V2 and rejects a head aliased across deployment namespaces (9.977334ms)
✔ V2 witnessed broker refuses recomputed local terminal receipts and restores deleted/older files (169.774959ms)
✔ uncertain witness response after pre-sink marker never dispatches and reopens from witnessed state (88.690083ms)
✔ same-anchor witness rollback and local V1 adoption fail closed (74.254292ms)
✔ isolated replay prefix rewind/resume checks complete ordered request/outcome bindings without callbacks (123.035166ms)
✔ isolated buffer restoration is atomic, preserves historical identities and never grants live authority (3.141833ms)
✔ F04/G2 request IDs and durable receipts survive reopening; identical retries never reexecute (95.763625ms)
✔ cached committed receipts never call current cleanup policy or release a budget (91.978625ms)
✔ F04/G2 changed payload, manifest, policy, grant, deadline and reservation cannot reuse a live effect ID (253.629167ms)
✔ F04/G1 replay consumes exact ordered outcomes, with no live adapter or current-policy callbacks (178.83475ms)
✔ F04/G1 shadow and speculative writes buffer branch intents without production adapters or grants (6.43525ms)
✔ F04 isolated branch intents require explicit selected-branch admission before live dispatch (110.44275ms)
✔ F04 denial, stale revocation, deadline and cancellation occur before the irreversible sink (202.227916ms)
✔ F04 final authorization checks catch revocation during durable dispatch preparation (80.375625ms)
✔ F04 cancellation after the sink acts preserves its committed charge and receipt (95.77925ms)
✔ F04 budget exhaustion selects refusal; retries and speculative forks cannot repeat charges (209.19025ms)
✔ F04/G3 receipt-store failure after sink success returns indeterminate and reconciles without redispatch (201.650209ms)
✔ F04/G3 actual process death after durable sink commit retains an uncertain dispatch until reconciliation (316.709042ms)
✔ F04/G3 unknown non-idempotent effects are never blindly retried or reported as aborted (179.962917ms)
✔ F04 live lock owner cannot be taken over; malformed requests and corrupt receipts fail before dispatch (115.541167ms)
✔ F04 transactional prepare commits once, and abandoned preparations recover without a sink commit (187.090208ms)
✔ F04 separate recovery authority reconciles a committed charge after original grant revocation (153.935209ms)
✔ F04 concurrent processes share a durable reservation hook without overspending its final unit (220.498416ms)
✔ F04 corrupt dispatch markers, illegal histories and recovery identities cannot cause false abort/refund (182.102667ms)
✔ F04 process crashes at every ticket publication/release boundary recover without incomplete lock owners (653.918875ms)
✔ F04 recovery process crashes cannot orphan a recovery mutex or release a later writer ticket (476.6145ms)
✔ F04 retained ticket quotas and legacy lock layouts fail explicitly instead of recycling identities (51.721ms)
✔ F04 concurrent broker processes serialize one shared journal without overlapping sink entry (539.999792ms)
✔ v2 evidence policy binds hard SMT profile to exact manifest and reverified peer evidence (144.381375ms)
✔ F06 compiler admission consumes branded evidence and preserves every external precondition (16.72ms)
✔ F06 compiler admission retains property-classified postconditions (5.471125ms)
✔ F06: actual local solver evidence is bound, immutable and distinguishable from peer claims (7.345416ms)
✔ F06/G1: every execution-subject field invalidates old evidence (7.648833ms)
✔ F06/G1: actual transitive external dependency content is resolved and pinned (2.362375ms)
✔ F06/G2: malformed, truncated, duplicate, hidden-assumption and forged evidence fails closed (11.52225ms)
✔ F06/G2: unchecked caller preconditions and absent frame contracts do not mint evidence (3.956916ms)
✔ F06/G3: property classification remains delegated and never becomes formal proof (3.81425ms)
✔ F06: modeled ledger record transitions and formal loops are accepted with property clauses retained (18.241125ms)
✔ F06: actual verifier alias assumptions remain explicit and cannot authorize evidence (2.042584ms)
✔ F06: type and capability validation precede proof admission (0.638084ms)
✔ F06/G2: actual exhausted solver budgets and truncated branch exploration cannot mint evidence (48.386459ms)
✔ F06: concrete nested-alias verifier gap is rejected before a false proof can authorize elision (1.102666ms)
✔ v5 host witness retains native fallback binding, before snapshot, state and terminal result across service restart (2203.512667ms)
✔ host witness pins operator, repository and stable host identity, with exact CAS bytes (1.770667ms)
✔ host witness rejects stale writers, rollback and same-revision equivocation (0.350875ms)
✔ host witness refuses malformed, noncanonical and oversized heads before advancing (0.973333ms)
✔ host witness refuses false CAS acknowledgments and can reread after a lost response (0.593125ms)
✔ host witness rejects malformed source objects and accepts prior canonical host formats (0.226917ms)
✔ host catalog pins an operator namespace and one witness object per stable host (0.291958ms)
✔ F03/G1 v1 AST and commit addresses remain unchanged across metadata observation and reopen (28.023042ms)
✔ F03/G2 execution manifest binds every execution context component and sorts complete dependency closure (3.049333ms)
✔ F03/G2 metadata is content-bound independently and domains cannot be relabeled (0.223166ms)
✔ F03/G3 tagged wire values preserve bigint, Unicode and reference identity without numeric coercion (0.5195ms)
✔ F03/G3 malformed values, duplicate map keys and unsupported versions are rejected (1.404333ms)
✔ F03/G3 schema resource limits reject byte, decompressed, depth, count and integer excess (0.3685ms)
✔ F03/G3 state envelopes preserve cycles and shared IDs and reject malformed object tables (1.921708ms)
✔ canonical identity rejects proxy-backed mutable data without executing traps (0.105208ms)
✔ F07 async journal ownership survives awaits and does not block response delivery (79.904125ms)
✔ F08 core: exact governor-approved subject commits and filesystem activation is idempotent (171.306417ms)
✔ production commit fence holds the final decision before activation and can recover a postcommit interruption (265.034ms)
✔ production commit fence refuses omitted, late, repeated and stale-authority decisions (467.657792ms)
✔ F08 core: individually valid literal edits fail when their composed root violates a+b >= 18 (91.878291ms)
✔ F08 core: forged signatures, changed effect/migration context and stale policy/expiration cannot authorize (615.482125ms)
✔ F08 core: failed prepare, cross-subject handles and policy changes during prepare preserve old state (404.733459ms)
✔ F08 core: activation failure after commit blocks serving and recovers the committed new target (232.629875ms)
✔ F08 core: two coordinator instances racing the same parent commit at most one candidate (206.066917ms)
✔ F08 core: malformed approvals are rejected before mutation and corrupt readiness/history fails closed (148.605375ms)
✔ F08 core: real process death at each durable phase recovers before/after the commit boundary (1459.62875ms)
✔ admission profiles: strict lineage is the default and baseline is explicit and durable (191.133459ms)
✔ admission profiles: explicit legacy adoption validates and preserves exact signed history (223.257375ms)
✔ admission profiles: malformed legacy identity or approval refuses migration without rewriting bytes (231.077459ms)
✔ independent signatures form an exact-root, heterogeneous commit certificate (11.783375ms)
✔ forgery, wrong signer, phase, root, policy and epoch cannot authorize promotion (11.483458ms)
✔ enrollment refuses one-family dominance, duplicate keys and too few validators (1.311625ms)
✔ one equivocating validator cannot reach two conflicting three-of-four certificates from disjoint honest votes (5.641375ms)
✔ three durable honest phases decide one ordered branch and new-view selects its highest prepare QC (5322.77425ms)
✔ a signed block cannot skip the exact candidate manifest of its parent (230.853084ms)
✔ restart and a second controller cannot double-vote or skip a locking phase (1785.383083ms)
✔ withheld votes stop decisions; increasing local timeouts rotate leader without releasing locks (2483.126625ms)
✔ a delayed validator requires checked ancestry and later decides the missing committed prefix in order (4082.961458ms)
✔ authenticated new-view reports reject stale context, wrong QC phase and equivocation (2915.715ms)
✔ two real controllers racing one validator identity durably publish only one competing vote (773.287417ms)
✔ bounded state refuses exhaustion and rechecks historical phase logic even with a recomputed checksum (695.128334ms)
✔ a locked validator rejects a conflicting stale justification even if the leader signs it (1732.960792ms)
✔ literal application validity and malformed clock or journal state fail before voting (687.434167ms)
✔ real controller death before/after vote persistence cannot acknowledge an equivocation on restart (1513.217959ms)
✔ unaudited research checker independently verifies all 40 Rust-generated group and authenticated share transcripts (1243.540417ms)
✔ group-signature-only and claimed family labels cannot replace enrolled participation attestations (37.116167ms)
✔ exact proposal, epoch, policy, phase, view, parent, expiry and enrollment bindings cannot be replayed (4.335083ms)
✔ authenticated cancelling false shares reject even when their sum and OpenSSL group signature remain valid (24.42225ms)
✔ duplicate, stale, malformed scalar and non-prime-subgroup public contributions are rejected (103.309791ms)
✔ enrollment cannot substitute mixed verifying shares or one-family/one-role membership (12.9815ms)
✔ research replay ledger rejects duplicates atomically and cannot imply durable replay protection (123.181583ms)
﹣ pinned FROST 3.0.0 independently cross-checks valid, cancelling, changed and malformed public shares (0.046875ms) # SKIP
✔ durable vote admission survives restart and never counts one signer twice (170.16975ms)
✔ equivocation is retained and quarantines the signer slot without hiding an honest quorum (214.794667ms)
✔ foreign or corrupted votes fail closed and missing established state cannot reset history (124.674834ms)
✔ an interrupted empty journal initialization resumes only behind its marker (69.071667ms)
✔ V4-F05: signed durable ingestion is idempotent, keeps occurrence identity distinct, and restores sequence after restart (366.195459ms)
✔ V4-F05: missing causal predecessors remain pending and become ready after dependency delivery (287.712458ms)
✔ V4-F05: validly signed operation-ID equivocation and descendants are quarantined in every arrival order (514.839334ms)
✔ V4-F05: signatures, hashes, versions, epochs, schema/resource limits and invalid clocks cannot admit operations (277.202792ms)
✔ V4-F05: concurrent processes sharing an author journal publish distinct complete sequence records (239.861875ms)
✔ V4-F05: process exit after durable author publication never reuses an operation ID (174.946ms)
✔ V4-F05: ingestion failures distinguish unpublished bytes from durable commit recovered after process exit (242.013666ms)
✔ V4-F05: deterministic harness exercises reorder, duplicate, drop, partition, missing-peer requests and restart (319.599334ms)
✔ V4-F05: concurrent count/byte admission and author-ingest races cannot overfill a journal (1069.958792ms)
✔ V4-F05: exact duplicate delivery needs no extra ticket after admission quota exhaustion (122.343209ms)
✔ T1-06 author identity builder fails before sequence publication and preserves its checkpoint clock floor on restart (204.20775ms)
✔ T1-06 author identity builders in concurrent processes receive distinct durable operation IDs (222.200292ms)
✔ signed sink commit binds exact request, payload, approved adapter and committed value (4.174417ms)
✔ signed terminal fence has no committed value or commit ID (1.368792ms)
✔ forgery, signed-field alteration, wrong key and signer mismatch are refused (2.741958ms)
✔ valid signature cannot be replayed into a different operation, repository, deployment, policy or value (2.716334ms)
✔ even a valid sink signature must agree with independently supplied request and grant context (2.101041ms)
✔ malformed, oversized, accessor and noncanonical receipt or anchor objects fail closed (1.048416ms)
✔ sink witness binds operator, exact anchor and adapter; advances one signed decision per revision (10.0715ms)
✔ sink witness rejects stale writers, rollback and same-revision equivocation (3.725458ms)
✔ sink witness adopts an existing matching head but rejects a changed anchor or adapter at startup (1.890292ms)
✔ sink witness refuses changed identity, wrong revision/count, invalid rows and noncanonical bytes before CAS (5.502833ms)
✔ sink witness rejects repeated effect, decision and commit identities (3.115625ms)
✔ sink witness rejects false CAS success and missing post-CAS retention (1.908417ms)
✔ independent clock is rechecked after a factory authorization callback and before the sink (125.680417ms)
✔ versioned evidence derives the archived wrapper as an exact checked dependency (13.865125ms)
✔ virtual evidence refuses policy, descriptor, source, profile and closure substitutions (7.725ms)
✔ strict signed lineage admits the archived wrapper dependency and retains it after collection (931.014458ms)
✔ V5 parses visible Atomic bodies and rejects altered rollback scaffolding; V4 stays closed (107.825625ms)
✔ development reference establishes return/rollback/effect and settled-task allocation semantics (1.760959ms)
✔ actual typescript Atomic matches reference rollback and nonlocal return semantics (396.222583ms)
✔ actual python Atomic matches reference rollback and nonlocal return semantics (70.73925ms)
✔ actual rust Atomic matches reference rollback and nonlocal return semantics (1528.276625ms)
✔ actual typescript Atomic restores state and native step counter after authority and budget faults (103.146541ms)
✔ actual python Atomic restores state and native step counter after authority and budget faults (57.680208ms)
✔ actual rust Atomic restores state and native step counter after authority and budget faults (748.03975ms)
✔ V12 parses visible blockless bindings to the exact root and guards slot scaffolding (101.982458ms)
✔ each blockless If, While and Atomic shape independently selects V12 (16.611875ms)
✔ V12 reference run covers selected branches, skipped bindings, loop rebinding, Atomic, assignment and shadow fallback (1.072917ms)
✔ V12 explicitly rejects invalid blockless binding types (0.482458ms)
✔ V12 profile propagates through an exact-address import closure (25.364958ms)
✔ V12 actual typescript execution matches reference binding outcomes (402.328875ms)
✔ V12 actual python execution matches reference binding outcomes (53.238291ms)
✔ V12 actual rust execution matches reference binding outcomes (3808.66375ms)
✔ composite profiles preserve exact AST identities and parse visible collection/field edits (158.413334ms)
✔ actual typescript composite execution preserves aliasing, old records, lazy Result branches, callbacks and write order (97.652542ms)
✔ actual python composite execution preserves aliasing, old records, lazy Result branches, callbacks and write order (61.389875ms)
✔ actual rust composite execution preserves aliasing, old records, lazy Result branches, callbacks and write order (3499.578375ms)
✔ continuation source keeps bodies visible and validates capture scaffolding (118.279667ms)
✔ actual typescript closures/tasks preserve captures, identity and effect authority (90.198166ms)
✔ actual python closures/tasks preserve captures, identity and effect authority (61.45025ms)
✔ actual rust closures/tasks preserve captures, identity and effect authority (1041.594875ms)
✔ actual typescript completed tasks retain results under revocation without redispatch (82.194042ms)
✔ actual python completed tasks retain results under revocation without redispatch (44.498792ms)
✔ actual rust completed tasks retain results under revocation without redispatch (757.737042ms)
✔ indirect contract callbacks fail explicitly and blockless bindings select V12 (57.033917ms)
✔ V11 parses visible pure contract calls and preserves exact AST identities (51.635208ms)
✔ V11 rejects undeclared purity, unsynthesized and indirect paths through contract callees (8.151042ms)
✔ V11 resolves a pure contract callee through an exact-address dependency (28.253334ms)
✔ V11 actual typescript contract calls enforce pre and postconditions after mutation (388.810792ms)
✔ V11 actual python contract calls enforce pre and postconditions after mutation (37.671959ms)
✔ V11 actual rust contract calls enforce pre and postconditions after mutation (3399.823625ms)
✔ V17 checked function values and direct lazy tasks parse to exact roots (632.521917ms)
✔ V15 certificates close over an exact-address imported scalar factory (34.963916ms)
✔ V17 actual typescript contract admits pure lazy tasks and refuses raw/record captures (428.884792ms)
✔ V17 actual python contract admits pure lazy tasks and refuses raw/record captures (78.253167ms)
✔ V17 actual rust contract admits pure lazy tasks and refuses raw/record captures (3922.594583ms)
✔ V17 actual typescript refuses a certified closure after host capture mutation (104.153792ms)
✔ V17 actual python refuses a certified closure after host capture mutation (62.080542ms)
✔ V14 round-trips exact closure contracts and rejects hidden native capture edits (72.283167ms)
✔ V14 retains bounded refusals while V15 admits checked function values and scalar locals (61.82425ms)
✔ V14 binds a read-only closure factory through an exact-address import (28.967125ms)
✔ V14 actual typescript scalar-capture closure contracts match reference outcomes (400.741375ms)
✔ V14 actual python scalar-capture closure contracts match reference outcomes (53.5925ms)
✔ V14 actual rust scalar-capture closure contracts match reference outcomes (3670.930584ms)
✔ V13 contract calls accept read-only composite inputs and pure sequence folds (81.232083ms)
✔ V13 rejects mutable and effectful contract callees, including transitive paths (45.029792ms)
✔ V13 still rejects a valid pure closure predicate while V14 admits its exact root (10.302667ms)
✔ V13 carries typed contract helpers through an exact-address import closure (25.62ms)
✔ V13 actual typescript composite contract checks pass and fail before body execution (385.819167ms)
✔ V13 actual python composite contract checks pass and fail before body execution (45.672209ms)
✔ V13 actual rust composite contract checks pass and fail before body execution (3684.443167ms)
✔ V15 checks both direct branch-return closure factory arms (31.093667ms)
✔ V16 checks both branch-local captures while V15 retains its refusal (22.561666ms)
✔ V16 checks the quantifier binder inside a closure while V15 refuses it (14.050291ms)
✔ V16 binds the exact pure helper into a passed closure certificate (21.641ms)
✔ V16 binds an imported pure helper address and body into the closure certificate (29.87825ms)
✔ V9 round-trips null bodies exactly and rejects changed executable scaffolding (29.335708ms)
✔ V9 propagates unsynthesized dependency identity through exact-address imports (26.332792ms)
✔ V9 actual typescript declaration traps while synthesized code executes (383.970583ms)
✔ V9 actual python declaration traps while synthesized code executes (40.418042ms)
✔ V9 actual rust declaration traps while synthesized code executes (3391.939584ms)
✔ scalar native profiles round-trip all emitted control flow and parse actual visible edits (122.37275ms)
✔ unsupported projected AST and host syntax reject rather than use placeholders or hidden IR (27.685167ms)
✔ actual typescript execution preserves booleans, arbitrary integers, negative division, overflow, contracts and effects (84.284125ms)
✔ actual python execution preserves booleans, arbitrary integers, negative division, overflow, contracts and effects (50.916458ms)
✔ actual rust execution preserves booleans, arbitrary integers, negative division, overflow, contracts and effects (652.485708ms)
✔ declared scalar kinds retain type declarations, surfaces, branch shape and contract metadata (19.2245ms)
✔ generic captured closures and tasks round trip and execute in typescript (98.029667ms)
✔ generic captured closures and tasks round trip and execute in python (48.260166ms)
✔ generic captured closures and tasks round trip and execute in rust (1007.759667ms)
✔ generic/nested AST identities and visible type witnesses round trip; unsupported open contexts reject (340.567125ms)
✔ reference interpreter establishes nested generic container and capability results (2.680458ms)
✔ actual typescript generic/nested source edits preserve containers and reject false witnesses before effects (461.848375ms)
✔ actual python generic/nested source edits preserve containers and reject false witnesses before effects (120.334209ms)
✔ actual rust generic/nested source edits preserve containers and reject false witnesses before effects (899.178791ms)
✔ every declared AST kind has a representative exact-root TS/Python/Rust round trip (464.384458ms)
✔ new Cond/ForAll/Surface/Un/Yield fixture matches the reference runtime (0.792541ms)
✔ free type variables without a binding are explicitly rejected in all targets (1.549375ms)
✔ actual typescript completes five missing AST kinds (342.814875ms)
✔ actual python completes five missing AST kinds (37.132916ms)
✔ actual rust completes five missing AST kinds (3507.410958ms)
✔ actual typescript standard ledger preserves aliases, transfer/settle contracts and grants (110.449542ms)
✔ actual python standard ledger preserves aliases, transfer/settle contracts and grants (72.652666ms)
✔ actual rust standard ledger preserves aliases, transfer/settle contracts and grants (3525.182167ms)
✔ H1/H2: Rust and Python projections expose the same semantic functions (2.789625ms)
✔ H4: structural diff projection renders only changed graph paths (4.021459ms)
✔ H3: projection language server applies a text edit through a branch CAS (737.613417ms)
✔ J5: every AST kind has explicit projection support metadata (2.903125ms)
✔ J6: standard LSP frames decode incrementally and syntax errors become diagnostics (730.025583ms)
✔ V8 nested imports retain exact module/address identity and reject altered or missing dependencies (74.672542ms)
✔ V8 closes a transitive nested import inside an addressed dependency (1380.67ms)
✔ actual typescript nested exact-address import executes the same result (413.096583ms)
✔ actual python nested exact-address import executes the same result (41.396333ms)
✔ actual rust nested exact-address import executes the same result (679.076583ms)
✔ edited nested TypeScript dependency rebinds its address and runs the changed program (84.145208ms)
✔ V10 keeps quantifier and Result binders local inside old snapshots (48.11475ms)
✔ V10 actual typescript old-binder execution sees pre-state (532.816875ms)
✔ V10 actual python old-binder execution sees pre-state (39.428083ms)
✔ V10 actual rust old-binder execution sees pre-state (3702.989916ms)
✔ V16 keeps the pinned V15 source and runtime bytes in all three targets (29.043833ms)
✔ V17 keeps pinned V16 source and runtime bytes in all three targets (28.017416ms)
✔ Risk R3: parse(project(x)) is the identical node, not merely an equivalent one (9.99275ms)
✔ the round trip is idempotent under repetition (1.620125ms)
✔ a human edit to the projection lands as a node mutation (7.329375ms)
✔ randomly generated expressions survive the round trip (4.581875ms)
✔ precedence is preserved without over-parenthesising (0.156667ms)
✔ an unsynthesized contract projects and parses as a body-less declaration (0.192917ms)
✔ out-of-scope identifiers are rejected rather than silently bound (0.224542ms)
✔ result and old are only special inside an ensures clause (0.051583ms)
✔ capabilities and provenance survive the projection (0.317583ms)
✔ the auditor view adds causal lineage without changing the code (3.377083ms)
✔ pinned Unicode17 tables cover every scalar mapping of the actual TypeScript reference (264.13925ms)
✔ V6 exact import closure round trips; missing, altered and unselected dependencies reject (375.19525ms)
✔ actual typescript linked imports and Unicode operations match TypeScript reference (598.37125ms)
✔ actual python linked imports and Unicode operations match TypeScript reference (698.273584ms)
✔ actual rust linked imports and Unicode operations match TypeScript reference (1590.4265ms)
✔ V17 generated 13×5 corpus exposes the next valid task-state gaps (1178.061708ms)
✔ V17 projection round-trips the previous 11×5 valid contract contexts (1068.22ms)
✔ fresh guest qualification uses maximum of all preregistered guests and excludes controller RSS from guest scope (1.173333ms)
✔ fresh guest qualification rejects first-guest omission, repeats, malformed timing, invalid responses and incomplete cleanup (0.336ms)
✔ fresh guest profile keeps approved numeric bounds and prohibits guest warmups/reuse (0.132292ms)
✔ initialized hypervisor campaign requires a destroyed empty VM/vCPU context and zero executed guest warmups (0.937917ms)
✔ V4-R02 native lowering explicitly rejects unbounded arithmetic, contracts and effects (2.976208ms)
✔ V4-R02 compiled native arithmetic agrees with TypeScript reference on signed limits, overflow and negative division (486.816292ms)
✔ R03: independent exact-arithmetic checker accepts an extracted nontrivial certificate (1.52875ms)
✔ R03: false, stale, malformed and oversized certificates fail without a solver (1.165791ms)
✔ R03: integer-bound transformation and large exact values do not use floating point (0.431125ms)
✔ R01 finite OpSet schedules, merge algebra and quorum/equivocation campaign (213.927041ms)
✔ R01 cycles are suppressed, concurrent moves keep one occurrence, and content sharing does not alias occurrences (0.131875ms)
✔ R01 trash deletion, concurrent replacement and restoration have explicit deterministic precedence (0.098459ms)
✔ R01 exact fractional positions preserve order under concurrent allocation, moves and Lamport ties (3.403833ms)
✔ R01 fractional keys reject noncanonical and oversized values before projection mutation (7.130625ms)
✔ R01 same-ID equivocation is retained and quarantines dependents independently of first arrival (0.183209ms)
✔ R01 HotStuff requires all three certified phases; commits prevent conflicting higher-view prepare quorum (0.161875ms)
✔ R01 partitions stop quorum progress and view recovery extends highest certified branch (0.198667ms)
✔ R01 quorum intersection covers n=4 and n=7; duplicate/stale/family-monoculture votes fail (0.52975ms)
✔ R01 membership activation binds both committees to one terminal checkpoint and rejects stale epochs (0.224875ms)
✔ T1-04 actual-model evidence independently recomputes exact scores, labeled recall, timing summaries and retained artifacts (130.657333ms)
✔ I1: a mutating callee cannot make an impossible assertion prove vacuously (3.600875ms)
✔ I2: production elision rejects stale and assumption-dependent reports (7.592875ms)
✔ I3: truncated path exploration cannot report a proof (0.384458ms)
✔ I4: frame violations reject verification and architectural proofs (2.585875ms)
✔ I5: return expressions must match the declared return type (0.663792ms)
✔ I6: production compilation rejects unregistered capabilities (0.302542ms)
✔ I7: a fence only accepts a proof bound to the replacement node (0.204041ms)
✔ I8: every published tier subpath resolves after the package build (72.707792ms)
✔ I9: the containers target places every unit in a container (0.556291ms)
✔ the graph is structurally sound (0.73625ms)
✔ the dependency graph is acyclic (0.071834ms)
✔ feature ids are unique and well formed (0.178625ms)
✔ the document and the graph list the same features, in the same order (1.111542ms)
✔ every epic is represented and every feature belongs to one (0.118459ms)
✔ the generated section of the document is current (1.004917ms)
✔ the recommended first slice is closed under dependencies (0.097333ms)
✔ the first slice is actually startable, in order (0.074917ms)
✔ the critical path is a real path, and opinions are labelled as such (0.26ms)
✔ C5 is off the critical path, as claimed (0.156458ms)
✔ wave numbers respect every dependency (0.1025ms)
✔ nothing is stranded: every feature is reachable from a startable one (0.101875ms)
✔ sizes are drawn from the declared scale (0.067958ms)
✔ every feature has evidence matching its completion status (2.979458ms)
✔ the two confirmed language holes agree with roadmap status (0.062666ms)
✔ the validator rejects a dependency cycle (0.08825ms)
✔ the validator rejects a dangling dependency (0.036209ms)
✔ the validator rejects an unknown epic (0.036417ms)
✔ the validator rejects a slice that is not closed (0.062541ms)
✔ the validator distinguishes a forced order from an opinion (0.064708ms)
✔ the evidence check fails when a feature has actually been built (0.067959ms)
✔ FR-2.2: a body is synthesized from a contract alone and formally proved (18.668083ms)
✔ Risk R4: an unsatisfiable contract stalls and escalates to a human (8.68ms)
✔ Risk R4: the iteration budget is a hard ceiling (2.345292ms)
✔ feedback from each stage is structured, not prose (0.941417ms)
✔ the search prefers a provable body over a merely-passing one (3.973709ms)
✔ an unprovable body is still shipped when nothing better exists (0.706166ms)
✔ a capability-using body still has to pass the capability checker (0.682208ms)
✔ FR-2.2: a body that breaks its contract is purged, not patched (2.754375ms)
✔ a purge records why the implementation was removed (2.25525ms)
✔ counterexamples accumulate across attempts (4.390292ms)
✔ binary DAG preserves grouped child identity, aliases, canonical scalar types and AE1 compatibility (11.729417ms)
✔ truncated, corrupted, trailing and noncanonical binary frames reject without any context mutation (4.669167ms)
✔ model framing rejects stale hashes, extra data, invalid versions and malformed AST scalar inputs (1.079458ms)
✔ AE2 escapes dictionary delimiters and controls without reinterpreting AE1 data (1.293875ms)
✔ AE3 preserves the exact full V7 corpus and every AST kind in both opcode profiles (1197.530958ms)
✔ reserved atoms, Unicode, leading-zero opaque IDs and AE1/AE2 archives retain identity (11.257875ms)
✔ edits preserve grouped links, paired labels, optional slots and the immutable base (193.03125ms)
✔ truncation, stale bases, redundant edits, false roots and hostile field counts fail without changing state (15.254375ms)
✔ large edit sets fall back to a complete message without dropping changes (188.25825ms)
✔ snapshot input rejects getters, proxies, dropped fields and oversized inputs before using them (0.567875ms)
✔ AE5 exact-base warm references reconstruct every paid cold declaration (198.470916ms)
✔ AE5 refuses changed, stale, wrong-index, noncanonical and oversized references (50.887584ms)
✔ a fresh receiver process reconstructs the referenced declaration from the paid cold wire (166.947959ms)
✔ AE6 cold-bound references restore exact declaration and module roots without aliases (262.602833ms)
✔ AE6 root-bound literal edits preserve contracts and execute both failed and repaired outputs (109.125333ms)
✔ AE6 rejects stale, noncanonical, wrong-root, out-of-scope and malformed wires (41.678125ms)
✔ AE6 edit is independently decoded in a fresh process from only the paid cold wire (213.258917ms)
✔ every node kind survives an Agent-IR round trip (43.951ms)
✔ the worked example round-trips exactly (1.147375ms)
✔ a session dictionary is shared and warm messages remain smaller than the cold module (96.377917ms)
✔ FR-1.2: actual tokenizer accounting reproduces the ledger reference without asserting a false target (7.633417ms)
✔ a malformed stream is rejected rather than silently truncated (0.391916ms)
✔ BLAKE3 matches official unkeyed vectors (1.607875ms)
✔ BLAKE3 matches official keyed vectors (0.251625ms)
✔ BLAKE3 matches official derive_key vectors (0.084ms)
✔ keyed and derive_key are domain-separated from plain hashing (0.1085ms)
✔ extended output (XOF) is a prefix-consistent stream (0.073042ms)
✔ incremental updates equal one-shot hashing across chunk boundaries (2.547917ms)
✔ rejects keys that are not 32 bytes (0.175541ms)
✔ every admitted artifact and shared child resolves to all signed causal links after reopen and GC (1066.440042ms)
✔ signed audit lineage refuses a missing physical spec, intent or artifact lease before collection (2147.764459ms)
✔ malformed lineage authority cannot authorize through string substring membership (613.984541ms)
✔ forged signatures, missing intent ancestry and mismatched evidence cannot authorize artifacts (674.436041ms)
✔ spec revisions invalidate every derived artifact, shared node and ancestor without a clear-flag bypass (986.790041ms)
✔ explicit signed reconciliation preserves historical causes while requiring new specification-bound evidence (953.087375ms)
✔ transitive specification parents propagate invalidation through derived clauses (815.961083ms)
✔ fences reject pruning, removed contracts and vacuous proofs from strengthened preconditions (1408.964958ms)
✔ strict promotion adapter requires full parent lineage and an explicit fresh precommit checkpoint (1350.671084ms)
✔ authority revocation during asynchronous preparation is rechecked before commit (982.128375ms)
✔ specification compare-and-swap rejects stale edits and missing initialized metadata fails closed (533.353333ms)
✔ actual SIGKILL before-state-publish preserves a complete old or new specification epoch (939.916833ms)
✔ actual SIGKILL after-state-publish preserves a complete old or new specification epoch (846.650625ms)
✔ a recomputed journal checksum cannot swap signed evidence or hide shared child lineage (1079.183417ms)
✔ an actual concurrent spec editor waits for the strict promotion admission lock (1194.682583ms)
✔ external dependency AST content is persisted, pinned and linked to its signed artifact (876.60175ms)
✔ strict adapters are branded and renewed artifact authorization does not erase historical causes (885.443292ms)
✔ typed task state survives restart, preserves AST identity and separates claims from verified evidence (338.017167ms)
✔ ACL, compare-and-swap and retention deny unauthorized or stale changes (499.409917ms)
✔ expiry, subject binding and invalidated lineage fail closed (207.436917ms)
✔ asynchronous policy callbacks cannot become accidental authority (255.126916ms)
✔ real signed artifact lineage binds a child-node board and later marks its evidence stale (746.362667ms)
✔ durable AST retains v1 addresses, grouped children, immutable values and dedup across reopen (339.570709ms)
✔ durable path copying preserves sibling hashes and fork writes no AST objects (362.43ms)
✔ GC preserves committed history, explicit leases and both pending promotion roots (815.820083ms)
✔ promotion commit publishes target and releases pin atomically with generation CAS (461.950542ms)
✔ archives deterministically round-trip bigints and migration preserves old hashes (526.587625ms)
✔ archive hash, duplicate keys, unsupported versions and missing children reject without publication (249.372916ms)
✔ corruption is detected on cached reads/reopen, and live corruption prevents GC deletion (305.07125ms)
✔ persisted resource profile prevents reopen limit changes and rejects excess roots (172.790625ms)
✔ separate processes serialize root CAS; exactly one stale expected update succeeds (410.036ms)
✔ concurrent process writers and GC retain every published lease and committed root (2186.082042ms)
✔ actual SIGKILL at before-object-publish recovers lock and exposes either complete lease or no lease (310.546833ms)
✔ actual SIGKILL at after-object-publish recovers lock and exposes either complete lease or no lease (315.315709ms)
✔ actual SIGKILL at before-root-publish recovers lock and exposes either complete lease or no lease (356.547166ms)
✔ actual SIGKILL at after-root-publish recovers lock and exposes either complete lease or no lease (430.830458ms)
✔ actual SIGKILL before-gc-delete resumes sweep without losing protected roots (439.095291ms)
✔ actual SIGKILL after-gc-delete resumes sweep without losing protected roots (391.844583ms)
✔ checksummed malicious archives reject incomplete, forged, duplicate and unreachable graphs (195.268333ms)
✔ untrusted input accessors, cycles and node capacity overflow reject before object publication (95.841792ms)
✔ missing root metadata fails closed on reopen instead of resetting GC protection (136.628917ms)
✔ actual SIGKILL commit before-root-publish retains complete old or new root state (413.022666ms)
✔ actual SIGKILL commit after-root-publish retains complete old or new root state (369.884542ms)
✔ actual SIGKILL promotion before-root-publish retains complete old or new root state (436.004417ms)
✔ actual SIGKILL promotion after-root-publish retains complete old or new root state (446.8855ms)
✔ retired lease and finalized promotion IDs cannot suffer delayed-release ABA after reopen (551.604709ms)
✔ actual initialization SIGKILL before-init-marker resumes only the empty genesis transaction (276.202083ms)
✔ actual initialization SIGKILL after-init-marker resumes only the empty genesis transaction (258.939458ms)
✔ actual initialization SIGKILL after-profile-publish resumes only the empty genesis transaction (261.049666ms)
✔ actual initialization SIGKILL before-root-publish resumes only the empty genesis transaction (267.927ms)
✔ actual initialization SIGKILL after-root-publish resumes only the empty genesis transaction (270.079042ms)
✔ actual initialization SIGKILL after-init-seal resumes only the empty genesis transaction (273.780667ms)
✔ actual initialization SIGKILL before-init-clear resumes only the empty genesis transaction (270.888542ms)
✔ actual initialization SIGKILL after-init-clear resumes only the empty genesis transaction (285.877916ms)
✔ initialized stores refuse metadata deletion even with an empty object table (289.923875ms)
✔ initialization marker/profile corruption and object publication cannot be mistaken for empty genesis recovery (571.81075ms)
✔ replayed initialization marker cannot reset established state or recreate deleted roots (253.215208ms)
✔ existing initialized v1 metadata adopts a completion receipt without changing objects or roots (205.55525ms)
✔ corrupt completion receipt cannot be silently replaced by legacy adoption (93.290458ms)
✔ interrupted initialization refuses checksummed nonempty root metadata instead of resetting it (191.542375ms)
✔ read-only archive validation shares complete import checks without changing objects, roots or leases (196.901709ms)
✔ Tree-CRDT fractional allocator matches D04 exact rational model and distinguishes concurrent interval edits (11.282792ms)
✔ Tree-CRDT fraction bounds reject noncanonical input and exhaustion before publishing (0.329083ms)
✔ F1/F2: durable lineage queries export a verifiable signed audit (16.205458ms)
✔ F4: property-checked fence evidence requires a durable human approval (24.736125ms)
✔ F5: structural keys are indexed incrementally and survive reopening (22.719625ms)
✔ independent edits on disjoint statements merge cleanly (2.698ms)
✔ insertions from both agents both survive (0.866ms)
✔ identical edits by two agents converge instead of conflicting (0.494083ms)
✔ genuinely divergent edits to one expression are reported as a node conflict (0.35725ms)
✔ an untouched subtree of any size costs one pointer comparison (14.462708ms)
✔ a reformat-only change is invisible to the merge (0.292958ms)
✔ A1: graph objects survive process-local store instances (27.119ms)
✔ A2: named roots resolve immutable commit history (26.648375ms)
✔ A3: provenance records, bindings, and invalidation flags are durable (18.162833ms)
✔ A4: symbol names and allocator progress survive reopening (19.567458ms)
✔ A5/A6: GC keeps named history and fsck validates the repository (24.93475ms)
✔ A7: a packfile recreates objects, commits, and named roots (43.388709ms)
✔ A8: named-root updates use compare-and-swap semantics (25.609ms)
✔ B6: exact-address imports resolve explicit symbols across modules (82.480708ms)
✔ nested exact-address imports link inside their owning module and execute without hoisting state (4.057792ms)
✔ unused declarative registration retires with independent dispatch proof, unchanged AST and retained source bytes (3638.678167ms)
✔ exported, protected and signed-fenced adapter consumers cannot be retired (3788.692625ms)
✔ active tasks, replay and unstable replication keep every referenced adapter; audit retains history without activating dead code (4198.243458ms)
✔ one retained executable reference combines its module and exact dependency declarations (2675.655125ms)
✔ retained executable dependencies without a module or with conflicting definitions fail closed (2957.9475ms)
✔ retained module with a missing dependency callee refuses retirement (1492.756584ms)
✔ new retention before publication and unsigned candidate policy refuse advancement (2697.145125ms)
✔ retention publication fence serializes a task pin from another process (1365.795417ms)
✔ altered mapping, incomplete certificate and rehashed dishonest liveness fail independent validation (2084.916791ms)
✔ unresolved/dynamic retained execution and eager lifecycle registration fail closed (1408.222875ms)
✔ consumer validates with proof search physically replaced by a throwing stub (2146.232542ms)
✔ signed registry corruption and established state deletion cannot reset retired mappings (2395.0595ms)
✔ V2 sink retirement proves exact unused registration and rule removal without live mutation (1483.373292ms)
✔ exported, protected, fenced and retained sink consumers cannot retire (6825.213792ms)
✔ V2 sink retirement includes retained dependency capabilities and still removes unrelated sinks (3062.868416ms)
✔ V2 sink retirement rejects a retained dependency without its module (966.243084ms)
✔ changed retention and dishonest liveness or table/rule edits fail independent verification (1511.476709ms)
✔ committed retirement proof remains auditable after later task pins but cannot be reused for a new commit (1627.645875ms)
✔ changed source/candidate roots, epochs and portable proof fail closed (1396.194125ms)
✔ independent verifier checks a portable proof when proof production is unavailable (1414.2725ms)
✔ descriptor binds only rewritten candidate Call objects and derives exact ordered event script (8.294209ms)
✔ candidate builder removes only the checked wrapper and preserves other direct calls (3.401208ms)
✔ checker refuses tampered script, site, root and forged digest even when resealed (7.966792ms)
✔ candidate Call object aliasing cannot turn an unrelated target call into a virtual site (1.256458ms)
✔ changed candidate, nonempty contracts and nonforwarding wrapper fail closed (2.074333ms)
✔ dynamic calls, annotation calls and absent rewritten sites are unsupported (1.101833ms)
✔ V2 one-wrapper proposal promotes signed V3 exact dependencies and retains predecessor (4168.052125ms)
✔ V2 refuses altered descriptor, substituted plans, stale lineage and retention (4721.485334ms)
✔ V2 committed decision recovers only with its exact persisted proposal (4010.009625ms)
✔ V2 ignores a caller-owned store pointer swapped after construction (4261.429833ms)
✔ V2 keeps its original export fence when caller-owned policy arrays change (1402.177167ms)
✔ V2 recovery refuses a finalized retry after another writer moved the local head (3672.458416ms)
✔ V2 local pure execution requires the signed serving manifest and matching head (3954.425375ms)
✔ V2 retention fence rejects a ledger for another store or policy (1230.082208ms)
✔ semantic GC proposes real dead declaration removal and pure wrapper collapse with portable equivalence and unchanged exports/effects/contracts (2006.582ms)
✔ semantic GC requires signed exact lineage and governor promotion; rollback is a newly authorized reverse operation (5737.427875ms)
✔ semantic GC retains audit/replay/active-task/unstable-replication roots while sweeping actual unprotected garbage (2616.614667ms)
✔ semantic GC refuses relabeled unsafe rewrites and incomplete portable certificates (2010.601709ms)
✔ semantic GC retains signed formal fence symbols/nonempty contracts and accepts only valid fence schemas (1941.822334ms)
✔ semantic GC derives portable Boolean equivalence instead of relying only on integer test examples (1688.858583ms)
✔ semantic GC refuses unsupported nonlinear equivalence without changing the production head (1026.105375ms)
✔ semantic GC revocation during prepared promotion aborts the staged target; no commit is guessed (2560.692125ms)
✔ semantic GC activation recovery follows the committed governor decision and remains idempotent (2284.167ms)
✔ semantic GC explicit background scheduling emits a durable candidate and stops without production publication (1735.199792ms)
✔ branch profile prunes symbolic/literal unreachable arms, preserves selected scopes/effects and removes newly unreachable declarations from the candidate (3004.92225ms)
✔ legacy forwarder profile keeps branch syntax and cannot reopen a new branch-profile journal (1630.589833ms)
✔ legacy forwarder and flattened-branch proposals remain readable but cannot start new promotions (4496.423208ms)
✔ historical branch flattening changes a finite-step sink outcome and is barred from new promotion (3011.17575ms)
✔ fuel-preserving branch profile removes cold If calls but keeps exact reference-runtime effects and quota faults (3667.255083ms)
✔ fuel-preserving Cond profile removes the cold effect expression without moving its guard or chosen arm (2754.847333ms)
✔ branch profile handles Cond expressions and definitely initialized local bindings without flattening blocks (1333.090958ms)
✔ branch pruning does not erase a condition call or its effects even when the callee always returns true (1936.666292ms)
✔ branch pruning does not treat an entry precondition or an earlier assigned value as a permanent branch fact (1590.031375ms)
✔ dead-branch cleanup and inverse rollback require fresh signed F08 authority and retain condition certificates through GC (8863.478208ms)
✔ branch proofs preserve contract and loop annotation identities while pruning a stable condition inside a loop (1526.423208ms)
✔ portable branch proof does not claim a partial division condition is universally total from an entry precondition (1533.088541ms)
✔ branch admission rejects missing/swapped certificates, invalid source sites, wrong-arm code and relabeled condition claims (2875.943208ms)
✔ branch analysis does not assume a local declared in only one syntactic arm is definitely bound (1519.369083ms)
✔ persisted branch witnesses are checked with the portable proof producer replaced by a throwing stub (2511.545833ms)
✔ scalar shim profile retires a non-forwarding arithmetic adapter with a portable total-equivalence certificate (2028.819ms)
✔ scalar shim comparison handles Boolean conditional adapters that the uniform-branch profile cannot simplify (1617.927125ms)
✔ scalar shim redirection evaluates every original argument once and in order even when parameters are reused or unused (1984.107958ms)
✔ scalar shim retirement is opt-in; the branch-only profile retains non-forwarding adapters (1385.743584ms)
✔ legacy scalar shim proof remains readable but a new quota-changing promotion is refused before preparation (2378.538333ms)
✔ scalar shim comparison refuses unequal, nonempty-frame and call-bearing implementations (5690.869708ms)
✔ V2 call-bearing scalar shim proves a closed helper expansion before redirecting live callers (1963.319209ms)
✔ V2 call-bearing shim keeps a helper with runtime contract checks or partial arithmetic (2937.401458ms)
✔ V2 call-bearing shim refuses to erase an evaluated partial helper argument (1473.230333ms)
✔ scalar shim retirement preserves exports, explicit protection and signed fences even for equivalent bodies (4038.921083ms)
✔ transparent forwarding and general scalar shim proofs compose without target cycles (2146.446417ms)
✔ scalar shim admission rejects missing proofs, changed declaration identity and alternate result code (2014.085916ms)
✔ scalar shim certificates remain independently checkable with proof search disabled (1811.757167ms)
✔ indexed creation computes newly exposed nodes before generation publication and preserves exact AST hashes (397.382ms)
✔ typed filters enforce declared purity, return type, capability, parent/child and nominal type dependency constraints (405.869459ms)
✔ context/spec/model changes cannot reuse stale vectors; explicit backfill switches complete snapshots (430.973167ms)
✔ failed inference retains old complete generation; finite canonical float32 encoding rejects malformed provider/wire values (559.15875ms)
✔ actual inference/update process SIGKILL at after-embeddings exposes old or complete new index generation (663.308208ms)
✔ actual inference/update process SIGKILL at before-generation-commit exposes old or complete new index generation (650.780959ms)
✔ actual inference/update process SIGKILL at after-generation-commit exposes old or complete new index generation (655.216292ms)
✔ self-consistent sidecar forgery cannot substitute stale structural/input metadata on reopen (322.278875ms)
✔ concurrent backfills serialize publication and reject a stale writer before its inference can overwrite the winner (411.944375ms)
✔ vector capture rejects accessor/proxy/sparse arrays without publishing and safely normalizes finite subnormals and maxima (594.746958ms)
✔ expectedInput binds the current indexed source, input digest and exact vector bytes (382.787334ms)
✔ actual initialization SIGKILL at after-init-marker resumes only the prepared empty index (316.395333ms)
✔ actual initialization SIGKILL at after-init-profile resumes only the prepared empty index (296.071ms)
✔ actual initialization SIGKILL at before-init-head resumes only the prepared empty index (298.908708ms)
✔ actual initialization SIGKILL at rename-before-head resumes only the prepared empty index (313.148667ms)
✔ actual initialization SIGKILL at after-init-head resumes only the prepared empty index (319.8415ms)
✔ actual initialization SIGKILL at after-init-seal resumes only the prepared empty index (308.352541ms)
✔ actual initialization SIGKILL at before-init-clear resumes only the prepared empty index (308.87825ms)
✔ actual initialization SIGKILL at after-init-clear resumes only the prepared empty index (302.76325ms)
✔ completion receipt refuses established-head deletion and replayed initialization markers; legacy adoption never rewrites a head (394.625625ms)
✔ canonical encoding is order-independent and unambiguous (0.596292ms)
✔ hashing is deterministic and content-derived (2.66375ms)
✔ grouped child hashing keeps ambiguous shapes distinct (0.347708ms)
✔ FR-1.1: renaming a symbol invalidates no expression hash (1.304ms)
✔ alpha-equivalent code shares a structural key but not an address (1.2125ms)
✔ structural sharing deduplicates repeated subtrees (0.803541ms)
✔ FR-1.1: mutation is a hash-tree update touching only the spine (7.167583ms)
✔ hydrate is the exact inverse of intern (0.378917ms)
✔ record literal field order does not affect identity (0.22625ms)
✔ unknown refs fail loudly rather than returning undefined (0.268125ms)
✔ unstable replication pins source and inbound AST roots across a killed ingest, collection and process reopen (2111.879125ms)
✔ unstable replication refuses a missing authority, missing record, retired physical lease and mismatched identity (2203.0685ms)
✔ checkpoint transition pins next-epoch base before publication and retains old epoch roots after unanimous ACK (2863.008333ms)
✔ Tree-CRDT refuses an imported content frame before it can become durable when its AST is absent (658.381291ms)
✔ Tree-CRDT reopens a historically published frame lacking a lease by rebuilding current epoch roots before GC (674.289459ms)
✔ Tree-CRDT reopen fails closed on a durable frame whose required AST content is missing (684.362333ms)
✔ Tree-CRDT SIGKILL after inbound frame publication leaves its AST pinned for direct GC and reopened materialization (902.828208ms)
✔ Tree-CRDT materializes actual CAS roots; shared content has independent occurrences and concurrent edits converge (4943.628ms)
✔ Tree-CRDT suppresses concurrent cycles deterministically and trash deletion remains restorable until certified collection (2809.225417ms)
✔ Tree-CRDT unanimous signed checkpoint reindexes and collects live tombstones without obsolete edit resurrection (4180.715167ms)
✔ Tree-CRDT invalid grouped roles, duplicate scalar children and invalid literal types stay candidates (1446.740208ms)
✔ checkpoint ACK validates full audit closure, canonical cut, exact projection, floor, roster and signatures before writing authority (2051.917542ms)
✔ actual SIGKILL at after-fence preserves durable fencing or certified epoch; same certificate retry is idempotent (2571.275584ms)
✔ actual SIGKILL at checkpoint-prepared preserves durable fencing or certified epoch; same certificate retry is idempotent (3123.69725ms)
✔ actual SIGKILL at checkpoint-committed preserves durable fencing or certified epoch; same certificate retry is idempotent (3095.479541ms)
✔ actual SIGKILL at checkpoint-collected preserves durable fencing or certified epoch; same certificate retry is idempotent (2728.417708ms)
✔ late equivocation and predecessors recompute the candidate deterministically after duplicate and reversed delivery (2078.002458ms)
✔ grouped While children remain distinct and converged semantic failures do not publish a production root (5115.705791ms)
✔ repeated certified epochs preserve live identity and clocks while stale archived restores cannot resurrect collected occurrences (5637.971917ms)
✔ missing causal predecessors prevent checkpoint certification and durable fence receipts resist metadata rollback (1277.494375ms)
✔ known post-fence signed extras prevent fresh certification while historical certified cuts remain arrival independent (2105.347417ms)
✔ honest partitioned inserts beyond the occurrence bound converge deterministically and leave deletion/checkpoint repair available (4774.447042ms)
✔ V3 Wasm descriptor binds bytes, fixed read-only semantics and finite resource limits (2.253583ms)
✔ V3 approved Wasm bytes run through a branded isolated adapter and actual durable broker (226.114875ms)
✔ approved exact adapter bytes mint one immutable code-provenance identity (79.517708ms)
✔ changed or malformed source fails before execution; descriptor mismatch cannot mint provenance (1.04325ms)
✔ caller mutation during asynchronous module import cannot relabel admitted source bytes (0.76175ms)
✔ V2 signs an import-free profile and admits local exports with import text in comments and strings (2.429ms)
✔ dependency syntax is refused before either the adapter or imported module can run (3.619083ms)
✔ old V1 identity keeps import-capable behavior only through the explicit legacy admission profile (1.310625ms)
✔ unsupported adapter module syntax fails before top-level execution (0.408375ms)
✔ real witnessed sink settles one fixed charge, signed fence refund, and unknown reservation (5043.987208ms)
✔ one signed commit and one signed fence settle fixed charge and terminal refund (21.850083ms)
✔ policy digest is stable on reopen and changes with charge, trust roots and full request inventory (5.677667ms)
✔ outer settlement binds exact request, result, charge, owner and inner receipt (11.164416ms)
✔ witness outage and rollback never authorize charge or refund (4.899917ms)
✔ helper requires the branded witness and exact independently pinned identity (1.49625ms)
✔ direct-ledger alias cannot settle a different signed grant or reservation under the same five-field binding (8.52325ms)
✔ operator budget authority pins a real bridge and exact full requests before host config (132.736166ms)
✔ budgeted grant reference v3 binds host, target, reservation and signed policy without host config (0.833333ms)
✔ V2 sink table and signed V7 policy bind the same complete branded live map (9.828792ms)
✔ V2 sink table refuses forged, unmatched and re-signed registration identities (3.859875ms)
✔ empty V2 table admits only an exact-root module without any Invoke (3.426959ms)
✔ V5 policy binds an idempotent external write to signed deployment, sink and witness context (12.694542ms)
✔ V5 rejects variable targets, changed semantics, malformed context and unsorted rules (6.250834ms)
✔ V5 verification rejects stale or foreign manifests, signer, epoch and signature domains (4.964208ms)
✔ V6 signed dynamic segment selects exactly one tagged argument and preserves fixed rules (12.80975ms)
✔ V6 rejects missing, non-string, unsafe and malformed tagged path arguments (5.667125ms)
✔ V6 policy validates sorted bounded rules, write semantics and independent sink context (6.005167ms)
✔ V6 signatures and manifest binding cannot be substituted by V5 or another signer (4.679875ms)
✔ V7 signs the table digest and preserves V6 dynamic sink rule semantics (11.882125ms)
✔ V7 rejects stale table, AST, epoch, signer and V6 domain substitution (7.563167ms)
✔ V7 empty rules require a checked exact-root module with no Invoke anywhere (15.057125ms)
✔ V7 keeps V6 rule bounds and rejects malformed table identities (3.758833ms)
✔ signed resource policy binds extraction to exact manifest, repository, epoch, and Ed25519 signer (12.008209ms)
✔ v2 signed resource policy binds loader-admitted code bytes and refuses descriptor-only copies (6.146ms)
✔ v3 policy signs import-free adapter artifact identity with independent signature domain (7.9965ms)
✔ durable revocation and policy epochs prevent old grants regaining authority after restore/restart (199.713667ms)
✔ scope revocation covers descendants and preserves siblings (61.43125ms)
✔ missing or corrupted established epoch state fails closed; interrupted empty initialization recovers (114.759625ms)
✔ v4 isolated SMT path returns exact easy proofs and independently checked counterexamples (135.575125ms)
✔ short v4 deadline kills a child before it can return an unchecked answer (30.61325ms)
✔ an actual hard unsatisfiable query is cancelled without fabricating a proof (132.589833ms)
✔ bounded input validation rejects cycles, accessors, bad scalars and oversized literals before spawning (0.480875ms)
✔ opt-in v4 function verification uses the process cutoff and refuses a wider budget (71.931583ms)
✔ bounded import-free i32 guest executes through an EffectAdapter with exact source identity (149.472291ms)
✔ imports, unbounded/oversized memory and wrong function signature fail at admission (282.8405ms)
✔ memory.grow respects the declared maximum and malicious infinite loop is killed (707.524708ms)
✔ worker rejects forged or tampered IPC identity before running guest code (271.361209ms)
✔ durable broker records child crash as indeterminate, then reconciles pure computation and allows new effect ID (363.178458ms)
✔ Wasm preflight rejects invalid i32 before dispatch while valid requests still execute (282.560042ms)
✔ authorization denies before pure preflight; adapters without preflight keep their existing dispatch behavior (118.007916ms)
✔ B1: Result constructors and exhaustive matching execute in both runtimes (2.733333ms)
✔ B2: immutable sequences support index, length, map, and fold (4.007167ms)
✔ B3: closures capture lexical values and carry an explicit capability type (0.978ms)
✔ B4: generic functions infer and consistently substitute type variables (0.947125ms)
✔ B5: string operations are Unicode-aware and available in both runtimes (1.346208ms)
✔ B7: fixed-width integers enforce wrap, saturate, and trap policies (0.781625ms)
✔ E1/E3: spawned tasks await deterministically and atomic faults roll back writes (0.766ms)
✔ legacy sealed tokens reject malformed shape, wrong scope and exact expiry (0.814ms)
✔ legacy opaque scope attenuation cannot mint a different audience or outlive parent (0.284125ms)
✔ invalid trusted clocks fail closed before token issue or verification (0.094083ms)
✔ portable kernel derives complete integer and propositional counterexample coverage (9.936708ms)
✔ portable kernel splits conditional arithmetic and uses exact large signed integers (1.805917ms)
✔ portable kernel rejects altered subjects, missing cases, trust fields and false multipliers (1.370917ms)
✔ portable kernel keeps unsupported theories and resource exhaustion unproved (1.430125ms)
✔ portable raw formula boundary rejects changing goals and malformed nodes without invoking getters or traps (0.291333ms)
✔ portable certificates agree with concrete integer/Boolean evaluation on a varied formula corpus (20.666917ms)
✔ portable formula consumer runs in an isolated process with no producer or solver files (73.755125ms)
✔ independent derivation binds full AST/spec/manifest and produces deterministic checked increment obligations (8.657625ms)
✔ false postconditions remain false under concrete counterexamples and cannot receive certificates (1.336834ms)
✔ both if branches and missing-return paths are represented (3.158458ms)
✔ short-circuit evaluation guards call preconditions on only the evaluated path (3.519208ms)
✔ modular calls bind old input separately from mutable callee post-state parameters (4.93425ms)
✔ loop induction derives initialization, preservation, ranking and postcondition proofs without unrolling (6.05175ms)
✔ loop havoc prevents proving exit values from stale pre-loop mutable bindings (1.744917ms)
✔ external declarations are hashed and complete transitive local/external closure is mandatory (3.463417ms)
✔ property clauses, recursion, missing ranking and unsupported heap/fixed-width types stay unproved (2.909167ms)
✔ lexical locals do not escape their block and malformed scalar bindings cannot hide behind certificates (0.517625ms)
✔ resource limits tighten only and independent source has no verifier/solver/evidence dependency (0.509167ms)
✔ an assertion is a required proof obligation before its condition may be assumed (1.021459ms)
✔ input accessors, path explosion and aggregate formula budgets reject deterministically (1.15125ms)
✔ certified arithmetic, branching, scoped mutation and loop programs agree with actual reference execution (24.1865ms)
✔ unreachable statements still require lexical binding, scalar sorts and valid assignment targets (4.829875ms)
✔ malformed declaration arrays and unknown AST fields cannot receive portable certificates (0.760375ms)
✔ dead nonlinear arithmetic remains unsupported while constant-factor arithmetic is certified (1.649292ms)
✔ portable bundle round-trips and admits a closed compiled artifact with entry checks retained (19.1825ms)
✔ portable bundle refuses stale execution dimensions, incomplete coverage and exchanged formula proofs (14.78525ms)
✔ portable proof consumer resolves actual dependency bodies and compilation rejects external replacement hooks (9.149708ms)
✔ portable certificates cannot be relabeled for a semantically false edited AST (10.905042ms)
✔ independent AST certificate consumption works with original solver, verifier and producer absent (96.29425ms)
✔ C5: proofs are reused by exact declaration address across processes (10.100084ms)
✔ C6: incremental verification rechecks changed functions and transitive callers only (2.93825ms)
✔ portable certificate proves bounded alias success and exact distinct-reference classification (98.867ms)
✔ proof cannot authorize a changed selected declaration or a false alias contract (67.836125ms)
✔ proof excludes arbitrary signed i64 and nonterminating or faulting syntax (50.320833ms)
✔ portable range goals refuse a source edit that can overflow signed i64 (47.15475ms)
✔ distinct postcondition admits right = old left + 1 and aborts on right = old left + 100 (900.071625ms)
✔ actual broker dispatch reserves before sink, charges once, and returns only unused handles across restart (520.91625ms)
✔ declared exhaustion outcome selects a host fallback and never dispatches a second sink operation (440.574958ms)
✔ transactional revocation abort writes terminal evidence before refunding the inflight reservation (597.082833ms)
✔ nontransactional predispatch refusal refunds only after durable broker noncommit (598.27075ms)
✔ missing sink and missing terminal broker decision leave nontransactional funds inflight (365.566458ms)
✔ process death at each terminal refund handoff recovers the exact broker noncommit (3271.350917ms)
✔ sink-committed uncertainty reconciles the same effect without a second dispatch or charge (801.352375ms)
✔ actual replay/shadow/speculative brokers do not call budget hooks, and direct isolated hooks refuse (858.855917ms)
✔ changed request/result and forged bridge journal are refused without billing another effect (677.456292ms)
✔ noncanonical base64 spelling of a valid journal signature is rejected (197.5415ms)
✔ actual SIGKILL at bridge/ledger handoff boundaries preserves reservations and terminal charges (5751.226333ms)
✔ external budget heads restore old local copies and reject same-revision edits (4356.337667ms)
✔ budget witness outage refuses read, reserve and fresh reopen (2598.533792ms)
✔ SIGKILL after ledger or bridge witness CAS restores a reservation before retry (6403.347125ms)
✔ SIGKILL after witnessed charge intent or ledger charge never bills twice (6799.340083ms)
✔ signed linear split, transfer and merge preserve all four resource units and invalidate copied inputs (369.220875ms)
✔ reserved/start/consume charges each dimension exactly and returns only unused balance (503.579667ms)
✔ inflight refund requires independently stored terminal noncommit evidence; unknown and timeout claims stay encumbered (374.679334ms)
✔ unused reservation refunds without dispatch; overcharges and forged settlements cannot free funds (342.660667ms)
✔ exhaustion is durable and retry-bound, without consuming or inventing units (349.932583ms)
✔ amount, owner, signature, epoch, cross-ledger and split-conservation violations fail before debit (247.588667ms)
✔ current authority and settlement evidence are rechecked immediately before publication and on retries (344.265708ms)
✔ committed charge persists across actual Aether heap rewind and fresh ledger instances (263.685125ms)
✔ actual process deaths at each initialization publication recover without minting another genesis (778.538708ms)
✔ actual SIGKILL at every mutation publication boundary recovers old-or-new state and exact retry (1751.589833ms)
✔ sink-committed charge survives a death before receipt acknowledgment; retry never bills twice or refunds (854.334625ms)
✔ four real processes contending with copied handles cannot double-spend any resource (420.541083ms)
✔ four processes retry one exact intent, while disjoint split reservations remain independently usable (687.174917ms)
✔ signed journal tampering, established deletion and copied authority directories fail closed (171.731083ms)
✔ settlement evidence is checked again after journal preparation; disappearance cannot refund or charge (287.108708ms)
✔ dispatch-start versus unused-reservation cancellation has only one linear winner across processes (461.65725ms)
✔ large exact values and structured effect identities avoid rounding and delimiter collisions (253.95425ms)
✔ F3: the operator console persists revocation state and its audit trail (8.819792ms)
✔ v2 grants bind audience, resource, lifetime and policy before dispatch (2.533375ms)
✔ attenuation requires a declared call edge, narrower scope and no longer lifetime (1.441084ms)
✔ forged, revoked, narrowed-scope revoked and stale-policy grants fail before a sink action (0.471291ms)
✔ malformed grants and invalid issuance inputs fail closed (0.254167ms)
✔ propositional reasoning (1.038083ms)
✔ linear arithmetic: valid implications are proved (0.868042ms)
✔ linear arithmetic: invalid implications yield a runnable counterexample (0.311792ms)
✔ integer tightening beats rational reasoning (0.203ms)
✔ unsatisfiable conjunctions are detected (0.391292ms)
✔ satisfiable systems return a validated model (0.170042ms)
✔ the PRD transfer contract is discharged (0.2715ms)
✔ nonlinear terms are abstracted congruently and stay sound (0.268167ms)
✔ ite is encoded exactly, not abstracted (0.305375ms)
✔ the solver honours its time budget (251.204417ms)
✔ SMT-LIB output is a runnable script (0.233959ms)
✔ C1: external SMT fallback is capability-bounded and only trusts proofs (0.351292ms)
✔ C4: uninterpreted applications obey congruence (0.160125ms)
✔ FR-2.1: a business rule parses into mathematical relations (3.368167ms)
✔ FR-2.1: one rule propagates to every layer it names (1.016083ms)
✔ FR-2.1: compiled clauses are verifiable contracts, not documentation (3.482375ms)
✔ FR-1.3: changing a rule invalidates every subtree derived from it (3.563917ms)
✔ an architectural guard from a spec blocks unexplained deletion (1.05775ms)
✔ comments are ignored without shifting clause positions (0.289667ms)
✔ a comment marker inside a string literal is not treated as a comment (0.166292ms)
✔ malformed specifications are rejected with a line number (0.313666ms)
✔ clock identity binds the operator authority and domain, and cannot be forged structurally (1.644084ms)
✔ grant interval and signed broker deadline use the independent ms clock at exact boundaries (0.286458ms)
✔ each check reads one synchronous independent time and revision sample (0.346875ms)
✔ unavailable, asynchronous and invalid clock sources fail closed (0.662125ms)
✔ time and revision rollback fail closed without accepting the bad sample (0.12325ms)
✔ an already provisioned anchor retains its operator callbacks (0.097ms)
✔ the worked example type-checks clean (3.349833ms)
✔ FR-2.3: an ungranted capability is a compile error, not a runtime check (0.490084ms)
✔ FR-2.3: authority cannot be escalated across a call (0.345875ms)
✔ FR-2.3: a pure function may not hold capabilities at all (0.235875ms)
✔ a sandboxed envelope grants nothing but pure computation (0.060542ms)
✔ nominal money types do not silently mix with bare integers (0.257625ms)
✔ scaling a dimensioned value by a scalar is allowed; squaring it is not (0.276208ms)
✔ old() and result are rejected outside an ensures clause (0.246375ms)
✔ unknown fields and missing returns are caught with a usable path (0.24125ms)
✔ C8: owned parameters enforce separation at call sites (0.157458ms)
✔ FR-2.2: the PRD transfer contract is discharged formally (6.396208ms)
✔ a broken implementation is refuted with a runnable counterexample (1.734084ms)
✔ frame conditions catch writes the contract did not declare (1.271208ms)
✔ an un-ruled-out aliasing assumption is reported, not hidden (1.032709ms)
✔ loop invariants and a variant are verified without unrolling (3.432916ms)
✔ a loop with a non-decreasing variant is refuted (0.3195ms)
✔ tiered rigor: property clauses never reach the solver (2.483125ms)
✔ NFR 6.2: verification stays inside its per-function budget (3.723125ms)
✔ a callee contract is used modularly at the call site (1.161667ms)
✔ every obligation carries a runnable SMT-LIB script (0.928667ms)
✔ C2: finite sequence length and constant select reduce exactly (0.310833ms)
✔ C3: bounded quantifiers expand into finite proof obligations (12.368583ms)
✔ C9: a monotone loop gets an inferred variant and an opaque loop is delegated (0.607208ms)
✔ active task pins module and dependency before the first frame and survives collection before any checkpoint (2364.98775ms)
✔ active task rejects missing marker and cannot recreate it from existing pins (985.587292ms)
✔ active task rejects missing retention record, lease, and altered marker before continuing (2255.065917ms)
✔ active task refuses a forged authority and program digest before publishing a frame (380.901ms)
✔ one execution identity cannot silently switch its manifest after an active pin (735.732959ms)
✔ actual process death after start and before first checkpoint keeps active roots recoverable (2516.623709ms)
✔ direct checkpoint pins exact module and external dependency before head publication and survives draft release, collection, and reopen (1457.02175ms)
✔ direct checkpoint rejects missing marker, replay records, graph leases, and collector profile on load and reopen (4294.021167ms)
✔ direct checkpoint rejects altered marker and cannot attach retention to a legacy journal (1102.754208ms)
✔ direct replay authority rejects a forged program digest before journal publication (291.059ms)
✔ direct checkpoint before-head-publish fault leaves valid prior or next head with all replay pins (2180.15275ms)
✔ direct checkpoint after-head-publish fault leaves valid prior or next head with all replay pins (2433.824792ms)
✔ actual process death before-head-publish keeps direct checkpoint replay roots (2671.239083ms)
✔ actual process death after-head-publish keeps direct checkpoint replay roots (2648.828583ms)
✔ R2: the two runtimes agree on every generated case (454.661917ms)
✔ R2: a proved clause is elided; an unproved one is kept (13.491791ms)
✔ R2: eliding a proved clause cannot change an observable outcome (1092.290084ms)
✔ R2: a precondition is elided only when every call site proved it (11.320959ms)
✔ R2: security is not telemetry — capabilities survive stripping (4.229584ms)
✔ R2: an ungranted capability fails to compile, not at runtime (0.434542ms)
✔ R2: the stripped artifact is materially faster than the journaling one (36.77175ms)
✔ R2: loop invariants and variants carry no runtime cost (7.848542ms)
✔ R2: the compilation report says exactly what is unchecked and why (7.977541ms)
✔ R2: with no verification result, nothing is elided (1.096166ms)
✔ R2: a contract that does fail still faults in production (7.608541ms)
✔ G4: production telemetry sampling is opt-in and rate bounded (1.082834ms)
✔ F04 integration: both runtimes route effects through durable receipts and idempotent retry (169.806583ms)
✔ F04 integration: replay produces identical transfer state without executing the sink (68.087083ms)
✔ F04 integration: unknown commit remains structured through development, production and host dispatch (243.184833ms)
✔ F04 integration: code identity and isolated fork authority are enforced before dispatch (21.422167ms)
✔ authorized broker recovery rejects altered host arguments before querying sink status (148.846291ms)
✔ independent scalar Tier 2 proof binds the exact executed declaration and runtime profile (127.576ms)
✔ conservative proof rejects edited body, missing coverage and changed full context (9.530792ms)
✔ Tier 1 faults restore shared aliases and allocator before real Tier 2 execution (266.862791ms)
✔ Tier 1 success bypasses Tier 2; both-tier faults commit only deterministic safe abort (473.548416ms)
✔ missing fallback grants and current revocation never regain authority or publish speculative state (737.3635ms)
✔ argument and exact retry identity validation precede fallback execution (394.457541ms)
✔ durable asynchronous repair outbox survives failed delivery and deduplicates by stable event ID (653.7115ms)
✔ real process death before publication restores safe state; committed result is not replayed (1848.015875ms)
✔ signature/contract mismatch, effects/tasks and altered durable state fail closed (105.665ms)
✔ noncanonical spelling of a valid fallback journal signature is refused (89.594042ms)
✔ entry/loop guard exhaustion takes the permitted fallback after restoring writes (303.282375ms)
✔ SIGKILL after repair delivery before acknowledgment redelivers the same durable event ID (610.005958ms)
✔ all declared real-runtime schedules, materialized resources, network faults and out-of-order events survive (166.131291ms)
✔ lost updates fail actual interleavings; shrinking preserves all operations and exact durable replay (286.1865ms)
✔ zero-exclusion admission refuses missing coverage even when all calls succeed (217.979167ms)
✔ complete enumeration cannot be silently capped or actor steps excluded on replay (27.841458ms)
✔ seeded failures shrink integer inputs toward a reproducing minimal boundary (124.688459ms)
✔ precondition filtering is explicit failed coverage, never success (226.702625ms)
✔ serialized success bits and mutated reports cannot issue campaign admission (267.670334ms)
✔ persisted counterexample tampering fails and caller manifest changes do not alter admitted profile (322.680667ms)
✔ live/opaque effects fail explicitly instead of inheriting implicit successful Unit dispatch (231.904458ms)
✔ real SIGKILL around immutable report publication leaves complete artifacts and permits safe replay (626.231083ms)
✔ undelivered frames, instruction exhaustion and ambiguous actor identities cannot be hidden (295.850792ms)
✔ signed exact effectful candidate executes every case with durable broker evidence and local admission (214.492167ms)
✔ a second signed module root is admitted without a fixture-specific execution path (256.542208ms)
✔ changed candidate, campaign, signed response, policy, or signer fails before dispatch (42.826083ms)
✔ unknown post-dispatch outcome and precondition filtering cannot be admitted (509.186125ms)
✔ local admission rereads durable sink evidence instead of trusting the report object (294.829917ms)
✔ effectful counterexamples replay after reopening and durable reports are admission inputs (645.953333ms)
✔ a preread effect execution cannot be counted as a fresh campaign run (103.002ms)
✔ FR-3.2: the worked example passes its micro-world suite (60.80425ms)
✔ NFR 6.1: a local module harness completes within 250ms (47.358416ms)
✔ FR-3.2: a broken implementation is rejected, not merely reported (67.256709ms)
✔ counterexamples are shrunk to something an agent can read (31.07575ms)
✔ the frame property catches a clobbered neighbouring field (37.305958ms)
✔ an unbounded loop is caught as a liveness hazard (116.053917ms)
✔ FR-3.2: the aliased case is actually generated (0.820458ms)
✔ an effect outage must surface cleanly, not as a broken postcondition (1.136125ms)
✔ a lost-update race is reported as an advisory, not a rejection (3.559291ms)
✔ NFR 6.2: a reported counterexample replays exactly from its seed (15.533042ms)
✔ generation is boundary-biased and yield is reported honestly (3.840208ms)
✔ shrinking moves strictly towards simpler values (0.092334ms)
✔ E2: systematic schedule exploration enumerates the lost-update interleaving (0.189ms)
✔ actual fallback AST lowers to native bodies and matches state, aliases and tiers (13476.395209ms)
✔ native snapshot bridge rejects stale refs and malformed direct frames (937.938333ms)
✔ checked record proof changes exact native artifact identity and preserves snapshot outcomes (4530.717834ms)
✔ native lowering refuses stale manifests, unadmitted edits and unsupported effects (76.41425ms)
✔ native packed candidate becomes one authorized, replayable correction event (147.369125ms)
✔ stale, altered, unauthorised and identity-changing candidates leave runtime state untouched (193.088334ms)
✔ v2 UTF-8 dictionary round-trips distinct bytes, duplicate values, aliases, and canonical v1 shape (4.866709ms)
✔ string mutation compacts dictionary and rejects oversize or malformed Unicode without changing state (2.327083ms)
✔ dictionary and per-field UTF-8 limits reject excess without partial output (345.604667ms)
✔ v2 rejects wrong offsets, malformed UTF-8, invalid codes, bounds, duplicate dictionary entries, and altered digests (1.917833ms)
✔ seeded 256-row string differential and layout migration preserve logical values (3311.963459ms)
✔ real resumable v2 checkpoint restores strings and aliases; rehashed dictionary tamper fails trusted logical digest (33.168375ms)
✔ bit-packed records round-trip exact values, self-cycles, and two aliases to one target (3.847459ms)
✔ bounds, offset, identity, epoch, padding, kind, and image corruption fail closed (3.821292ms)
✔ constant bounded field uses zero payload bits and refuses any other value (0.312667ms)
✔ bounded arithmetic obeys trap, wrap and saturate without partial mutation (0.989625ms)
✔ new layout migration preserves logical rows; narrow migration rejects out-of-bounds values (1.643792ms)
✔ deterministic 256-row differential preserves random aliases and mutations (37.238459ms)
✔ real resumable runtime checkpoint packs, unpacks, restores, and retains aliases after correction (47.868084ms)
✔ live rewind across committed effects consumes stable broker receipts and never redispatches the sink (353.203917ms)
✔ replay and shadow checkpoints restore the recorded effect prefix without any live adapter invocation (470.208958ms)
✔ actual process death before-effect resumes nested frames/tasks without duplicate effects (517.000625ms)
✔ actual process death after-effect resumes nested frames/tasks without duplicate effects (533.733083ms)
✔ actual process death after-sink-before-receipt resumes nested frames/tasks without duplicate effects (584.3925ms)
✔ actual process death before-event-publish leaves a complete prior or next durable checkpoint (587.936834ms)
✔ actual process death after-event-publish leaves a complete prior or next durable checkpoint (609.333208ms)
✔ actual process death before-checkpoint-publish leaves a complete prior or next durable checkpoint (595.033291ms)
✔ actual process death after-checkpoint-publish leaves a complete prior or next durable checkpoint (601.09825ms)
✔ actual process death before-head-publish leaves a complete prior or next durable checkpoint (619.2365ms)
✔ actual process death after-head-publish leaves a complete prior or next durable checkpoint (568.585417ms)
✔ precommit exception after sink success rolls back machine state and safely retries the durable receipt (205.615583ms)
✔ multiple record allocations keep replay identity after reconciled effects and across live/replay modes (342.419667ms)
✔ resume rechecks trusted host authority and rejects a forged machine effect prefix before moving broker cursor (210.3285ms)
✔ malformed string and duplicate-array capability providers cannot authorize checkpoint execution (5.820291ms)
✔ byte quota refusal after a committed effect preserves a reloadable checkpoint and its reusable receipt (231.910792ms)
✔ fresh isolated runtimes restore buffered intent outcomes and rewind their active buffers without dispatch (89.903208ms)
✔ grant and broker callbacks cannot revoke the host envelope and still reach a live sink (81.739459ms)
✔ non-Unit effect values cannot violate the language Invoke return contract (73.001291ms)
✔ production resumable factory persists active frames and resumes through public checkpoint API (265.476667ms)
✔ nonempty nested frames and a pending task resume from real durable checkpoints with identical state/events (281.443541ms)
✔ rewind restores active frames and registers and deterministically reexecutes the same continuation (133.910084ms)
✔ fresh process opens a mid-call checkpoint with pending task and completes the actual continuation (331.627291ms)
✔ closure captures retain capture-time scopes and shared sequence/result identity through resume (43.089375ms)
✔ record aliases/cycles and native inspection survive rewind and restore (8.441458ms)
✔ post-rewind externally held future references cannot alias divergent new allocations (2.597458ms)
✔ checkpoint validation rejects stale code/schema, corrupt frame PCs and altered inverse events (12.109125ms)
✔ durable checkpoint heads use generation CAS and verify separately persisted event bytes (154.803542ms)
✔ failed host allocations/corrections and precommit exceptions leave no unjournaled state (52.847417ms)
✔ asynchronous correction policy cannot authorize local or heap mutations (10.267416ms)
✔ retained rewind appends checked inverse history and cannot masquerade as version 1 (83.896ms)
✔ fresh-process replay preserves allocation identity while divergence rejects a held future handle (221.732917ms)
✔ sequence callbacks, Result matching, fixed arithmetic, strings and quantifiers survive intermediate checkpoints (1438.31925ms)
✔ Atomic preserves successful return and restores heap on faults while keeping snapshots valid (58.9715ms)
✔ cumulative checkpoint byte refusal preserves the last complete rewindable safe point (20.400375ms)
✔ typed entry/allocation boundaries and serialized generic bindings reject incompatible values (9.631167ms)
✔ step quota options and every reconstructed inverse state are validated before restore (18.228792ms)
✔ nullable generic and checkpoint fields accept only null or their declared value schema (13.760792ms)
✔ normal return commits atomic heap updates in both runtimes while faults restore them (3.839583ms)
✔ the worked example executes and satisfies its contract (0.810166ms)
✔ a violated precondition is a structured fault, not an exception to parse (0.359916ms)
✔ the aliasing case the verifier assumed away is reachable here (0.239125ms)
✔ FR-3.1: execution rewinds to an exact prior state (0.235333ms)
✔ FR-3.1: stepping back N steps lands between two writes (4.343167ms)
✔ NFR 6.1: a checkpoint rollback completes well inside 15ms (5.610083ms)
✔ FR-3.1: micro-forks explore candidate repairs independently (1.241041ms)
✔ agents read structured state, never a byte stream (0.532417ms)
✔ a capability the function does not hold is denied at runtime too (0.170125ms)
✔ §5: an operator can revoke a capability without redeploying (0.343542ms)
✔ runtime arithmetic agrees with the verifier on truncating division (0.118792ms)
✔ division by zero and the step budget are faults, not hangs (0.459458ms)
✔ a postcondition failure names the clause that broke (0.155708ms)
✔ compiled virtual forwarding retains wrapper and target guard denial timing before effects (31.095875ms)
✔ existing direct target calls do not acquire a virtual wrapper guard (18.045292ms)
✔ compiled consumer rejects a tampered descriptor and a changed candidate (2.626375ms)
✔ virtual target must be compiled locally, even when a remote call handler exists (2.575166ms)
✔ virtual forwarding cannot reuse v4 vetted admission for the candidate alone (0.880708ms)
✔ virtual forwarding cannot bind an effect router to the candidate root alone (0.914125ms)
✔ compiled virtual calls retain the checked candidate after caller mutation (2.952542ms)
✔ checked opt-in compiles exactly the source bytecode with archived wrapper frames (21.56725ms)
✔ tight bytecode quotas, effect instruction timing, direct calls and frames match source (4560.235333ms)
✔ checkpoint after entering the archived wrapper restores and resumes identically (175.663584ms)
✔ fresh process restores the archived wrapper frame and reaches the same result (309.519ms)
✔ direct replay retention keeps a virtual wrapper and target available after collection (6852.451083ms)
✔ unadmitted effect broker and ProcessHost routes reject the profile before side effects (1.787166ms)
✔ descriptor, archived declaration and manifest identity mismatches fail before execution (12.003ms)
✔ checked virtual forwarding preserves exact finite-fuel faults, frames, callbacks and effects (293.601375ms)
✔ virtual forwarding is bound to the exact candidate and leaves original direct calls alone (2.856958ms)
✔ loaded virtual forwarding retains checked AST bytes after caller mutation (2.788083ms)
✔ a target fault retains the archived wrapper frame and fault bindings (49.265791ms)
✔ virtual forwarding refuses an effect router until its manifest binds the sidecar (0.822125ms)
✔ strict topology direct pure setter denies every malformed, excess and narrowed grant without heap publication (106.198709ms)
✔ strict real worker pure setter denies the same grant matrix before recording or publishing state (1025.133625ms)
✔ D1: the topology host executes functions through their planned unit (7.600833ms)
✔ D2/D3: wire calls require sealed authority and expose partition semantics (5.164292ms)
✔ v2 topology dispatch binds grants to target function, generation and current epoch (7.810292ms)
✔ strict topology dispatch rechecks a grant after the initial boundary check (3.223166ms)
✔ pure state-changing strict topology entry requires a current audience-bound invocation grant (1.060292ms)
✔ strict topology effect callbacks recheck revocation before each sink (2.4985ms)
✔ strict topology closure entry rechecks authority after revocation (2.035458ms)
✔ strict topology router boundary rechecks revocation before the next live adapter (1.794625ms)
✔ durable grant revocation survives restart at a real topology dispatch boundary (110.991292ms)
✔ D4/D5: a quiescent function moves live and host traffic becomes slicer telemetry (4.594166ms)
✔ J4: cross-unit calls execute through isolated per-unit runtimes (0.647333ms)
✔ Mach-O load-path resolution rejects missing and ambiguous native dependencies (2.9585ms)
✔ worker manifest pins transitive non-system libraries and macOS cache identity (18248.945333ms)
✔ V4-F01/G1: ledger state, aliases and future calls survive movement and source removal (12.419583ms)
✔ V4-F01/G2: cross-unit nested calls observe the authoritative heap instead of stale duplicates (6.2515ms)
✔ V4-F01/G2: runtime-created records across units use globally coordinated local addresses (1.153709ms)
✔ V4-F01/G2: snapshots preserve cyclic record references and isolate nested containers (3.541583ms)
✔ V4-F01/G3: invalid snapshots fail atomically before replacing the current heap (1.384541ms)
✔ V4-F01/G3: no-op, stale generation, invalid target and prepare failures retain usable state (5.814875ms)
✔ V4-F01/G3: a live effect cannot move an active state domain (2.608541ms)
✔ V4-F01/G3: migration retains edge, isolation, memory and single-writer restrictions (14.627ms)
✔ V4-F01/G2: map and fold callbacks remain callable after their unit changes (1.688917ms)
✔ V4-F01/G2/G3: cross-unit opaque continuations see current state and block unsafe migration (1.066708ms)
✔ V4-F01/G2: host movement retains nested cyclic and aliased state used by other functions (3.055375ms)
✔ F07 state transfer treats JavaScript prototype names as ordinary record fields (1.274083ms)
✔ native runner validates a complete Tier 2 frame against independent exact-source execution (1037.436375ms)
✔ native runner requires exact Tier 3 rollback and rejects changed artifact and proof identities (1319.16675ms)
✔ native runner refuses symlinked and mismatched artifact bytes before launch (807.298791ms)
✔ V2 runner executes a private copy of digest-pinned bytes and binds an unforgeable native run (534.611083ms)
✔ opt-in config/15 releases active pins from the host witness and reopens with replay intact (7506.105792ms)
✔ reopen reconciles a committed host decision interrupted before active pin release (6358.91375ms)
✔ witness outage, rollback, forged terminal receipt and altered marker block released-host reopen (21894.158291ms)
﹣ child crash driver (0.122417ms) # SKIP
✔ real controller death on both sides of active release reopens from the witnessed decision (14560.455458ms)
✔ V10 Deployment postcommit recovery across real controller SIGKILL (12005.628584ms)
ℹ {"crashSignal":"SIGKILL","controllerPid":41720,"servicePids":[41598,41596,41597],"workerPids":[41640],"sinkRevision":"1","effectRevisionBefore":"4","effectRevisionAfter":"5"}
✔ V10 Deployment pre-sink recovery across real controller SIGKILL (6873.819959ms)
ℹ {"crashSignal":"SIGKILL","controllerPid":42023,"servicePids":[41925,41923,41924],"workerPids":[41967],"sinkRevision":"0","effectRevisionBefore":"0","effectRevisionAfter":"0"}
✔ V10 Deployment signed-fence recovery across real controller SIGKILL (13710.046583ms)
ℹ {"crashSignal":"SIGKILL","controllerPid":42271,"servicePids":[42104,42102,42103],"workerPids":[42146],"sinkRevision":"1","effectRevisionBefore":"4","effectRevisionAfter":"5"}
✔ V11 Deployment v11-resource-postcommit recovery across real controller SIGKILL (13354.58225ms)
ℹ {"crashSignal":"SIGKILL","controllerPid":47027,"servicePids":[46563,46442,46494],"workerPids":[46946],"sinkRevision":"1","effectRevisionBefore":"4","effectRevisionAfter":"5"}
✔ V11 Deployment v11-revoked-postcommit recovery across real controller SIGKILL (9435.736041ms)
ℹ {"crashSignal":"SIGKILL","controllerPid":47384,"servicePids":[47261,47259,47260],"workerPids":[47303],"sinkRevision":"1","effectRevisionBefore":"4","effectRevisionAfter":"5"}
✔ V11 Deployment v11-resource-pre-sink recovery across real controller SIGKILL (7190.184583ms)
ℹ {"crashSignal":"SIGKILL","controllerPid":48055,"servicePids":[47507,47505,47506],"workerPids":[47827],"sinkRevision":"0","effectRevisionBefore":"0","effectRevisionAfter":"0"}
✔ V11 Deployment v11-resource-signed-fence recovery across real controller SIGKILL (15163.781083ms)
ℹ {"crashSignal":"SIGKILL","controllerPid":48323,"servicePids":[48145,48143,48144],"workerPids":[48188],"sinkRevision":"1","effectRevisionBefore":"4","effectRevisionAfter":"5"}
✔ V11 Deployment v11-target-revoked-fence recovery across real controller SIGKILL (14082.836166ms)
ℹ {"crashSignal":"SIGKILL","controllerPid":48730,"servicePids":[48559,48557,48558],"workerPids":[48604],"sinkRevision":"1","effectRevisionBefore":"4","effectRevisionAfter":"5"}
✔ V10 and V11 ProcessHost/Deployment pin sink outcomes and target grants across promotion and restart (111578.916167ms)
✔ V12 direct ProcessHost charges one witnessed signed sink commit across retry and reopen (42683.077291ms)
✔ F07 transport: real child processes support nested cross-calls, effects and coherent heap return (322.435167ms)
✔ F07 transport: contracts remain enforced and indeterminate effects preserve recovery IDs (174.611875ms)
✔ F07 transport: C1 references reject opaque, foreign and stale state before import (154.436833ms)
✔ F07 transport: HMAC binds roles, sequences, roots and epochs with bounded framing (2.447667ms)
✔ F07 transport: authenticated-worker tampering and oversized incoming frames terminate without orphans (326.702042ms)
✔ F07 transport: timeout interrupts an actual synchronous worker and EOF rejects pending work (369.563791ms)
✔ F07 transport: killing the actual parent cannot orphan a worker executing an infinite loop (353.681ms)
✔ V2 releases active-task records after a committed checkpoint while replay remains pinned (6147.045417ms)
✔ forged receipt, stale proof and witness outage or rollback refuse release (18332.897375ms)
✔ an active checkpoint has no release proof and keeps both pin kinds (1564.248541ms)
✔ a durable release record survives a crash before physical lease retirement (5412.63825ms)
✔ another process racing a new active pin is serialized or fails closed (5584.515667ms)
✔ live ProcessDeployment refuses Artifact/3 before worker or effect dispatch (531.826916ms)
✔ legacy ProcessDeployment factory cannot inject Artifact/4 host admission (80.998416ms)
✔ legacy ProcessDeployment refuses a virtual-forward target under Artifact/1 (493.144083ms)
✔ strict process deployment carries scoped grants through the production host and sink (2116.702041ms)
✔ process deployment factory serves a signed effect resource policy bound to the admitted artifact (1177.936459ms)
✔ fresh production deployment serves exact loader-admitted adapter bytes under signed v2 policy (7581.565584ms)
✔ default effectful deployment pins independent signer across real sink, candidate and restart (10230.354625ms)
✔ explicit anchored-v4 compatibility reopens old adapter-policy bytes without silent upgrade (4879.666834ms)
✔ anchored promotion binds signer identity and refuses key substitution before activation (18610.016208ms)
✔ F08 process deployment: rejected composition, approved migration/body change and rollback preserve real ledger state (4350.807625ms)
✔ F08 process deployment: forged/stale approvals and changed schemas preserve serving state (1210.414875ms)
✔ F08 process deployment: preparation freezes source calls and postcommit activation failure blocks old-root serving until recovery (1409.987042ms)
✔ F08 process deployment: in-flight source writes drain before preparation and invalidate stale snapshot approval (1240.38525ms)
✔ F08 process deployment: actual coordinator death before/after commit reloads artifacts and follows only durable decision (17417.960125ms)
✔ F08 process deployment: receipt loss after inner durable commit recovers original invocation without another append (2994.1375ms)
✔ F08 process deployment: outer intent without inner execution needs authorized abort, while committed receipt survives observer failure (2001.637834ms)
✔ F08 review: invalid typed allocations and calls are rejected before outer intents and do not wedge the deployment (1908.196167ms)
✔ F08 review: cached receipts and fresh intents recheck revocation after the awaited source snapshot (753.288458ms)
✔ F08 review: recovery freezes strategy and rechecks permission after awaits and before receipt publication (847.685667ms)
✔ asynchronous deployment recovery policy is denied before host recovery or receipt publication (590.136708ms)
✔ F08 review: repeated manifest activation rejects historical ABA handles without changing workers or serving generation (2820.140958ms)
✔ deployment cached receipts retain historical capability authority when a later declaration weakens (1006.045167ms)
✔ deployment legacy profile adoption is explicit and preserves durable receipts (1233.509875ms)
✔ fresh production deployment requires an independent signer anchor and preserves explicit legacy histories (502.873125ms)
✔ fresh signed deployment refuses unsigned effect services before durable genesis (80.992709ms)
✔ v2 capability history needs explicit legacy adoption and retains settled calls (1156.719959ms)
✔ signed sink commit keeps proved Tier 2 idle across host and fallback reopen (19892.649875ms)
✔ separate controllers recover exact Tier 1 replay after SIGKILL between signed sink commit and fallback publication (16959.327166ms)
✔ signed noncommit fence permits independently proved pure Tier 2 after reconciliation (23725.010958ms)
✔ witness outage around Tier 1 dispatch cannot authorize pure Tier 2 (15452.983542ms)
✔ effectful Tier 1 falls through to independently proved pure Tier 2 after durable noncommit (740.191167ms)
✔ possible Tier 1 external commit blocks the proved conservative tier and preserves its sink count (442.132041ms)
✔ authority loss after host completion suppresses the supervisor receipt at both tiers (863.6355ms)
✔ a cached static abort refuses a later completed host operation under its Tier 2 identity (453.553708ms)
✔ root revocation after Tier 2 host success cannot turn that success into a terminal abort (429.4605ms)
✔ a proved Tier 2 cannot regain revoked invocation authority and an edited certificate is refused (444.288041ms)
✔ proved Tier 2 resumes after actual coordinator SIGKILL at the Tier 1 repair boundary (870.878125ms)
✔ V2 reconciles an already committed Tier 1 effect after SIGKILL and never repeats the sink (1112.293083ms)
✔ V2 starts proved Tier 2 only after the trusted adapter reports definitive noncommit (1250.780125ms)
✔ V2 keeps an unknown post-sink crash blocked and never repeats its external call (967.026625ms)
✔ pre-effect Tier 1 fault uses real ProcessHost Tier 2 and one durable sink call (991.974958ms)
✔ committed Tier 1 effect followed by fault blocks fallback and never duplicates sink (720.893875ms)
✔ both tiers fault before effects and yield deterministic Tier 3 abort (565.719083ms)
✔ a host write at the terminal decision boundary prevents a false safe-state abort (555.076ms)
✔ host expected heap CAS refuses a stale fallback base (334.680458ms)
✔ a real interleaved host writer prevents Tier 2 from starting from a changed heap (447.118875ms)
✔ repair outbox redelivers stable ID after failed async delivery and detects tamper (794.663958ms)
✔ exact signature and contract mismatch is rejected before journal creation (487.65125ms)
✔ SIGKILL after Tier 1 repair intent resumes Tier 2 with stable IDs (1029.866208ms)
✔ SIGKILL after external commit blocks Tier 2 until exact host replay resolves Tier 1 (1119.62325ms)
✔ SIGKILL after host call intent is recovered only with durable noncommit evidence (1129.694833ms)
✔ SIGKILL at effect request can abort only after the durable pre-dispatch state is inspected (1177.917625ms)
✔ SIGKILL inside the sink leaves dispatch indeterminate and never starts Tier 2 (843.2425ms)
✔ fresh Tier 2 grants are required after Tier 1 fails (407.090334ms)
✔ missing Tier 1 grant is rejected before an operation ID is claimed (586.503959ms)
✔ strict ProcessHost grants bind real worker calls to audience, generation and durable revocation (1439.292583ms)
✔ strict ProcessHost rechecks a grant after effect intent and before the external sink (619.857333ms)
✔ strict pure worker call cannot publish state after invocation grant revocation at final commit (644.014459ms)
✔ strict ProcessHost rejects pre-migration grants after a durable ownership generation change (683.821333ms)
✔ trusted effect resource policy denies a valid grant for the wrong ledger target (746.2565ms)
✔ signed resource policy binds a real process effect to its manifest and current grant epoch (825.858834ms)
✔ signed process policy refuses a changed adapter before dispatch (592.332666ms)
✔ v2 process policy requires the exact loader-admitted adapter bytes before a real sink (781.71025ms)
✔ anchored ProcessHost pins signer key in durable configuration across reopen (857.7255ms)
✔ anchored V3 ProcessHost binds import-free adapter, signer key, epoch and host-config/3 before effects (1034.411625ms)
✔ anchored V3 ProcessHost refuses a policy epoch change at effect intent without publishing heap or sink (597.367375ms)
✔ strict scoped grants remain bound through an actual cross-process nested call (721.394208ms)
✔ legacy and strict process profiles reject live closure transfer before external effects (622.90075ms)
✔ F07 coordinator: actual ledger workers preserve state, exact receipts, allocator and migration epochs (1442.893292ms)
✔ F07 coordinator: nested A→B→A passes current heap at every call/effect and preserves aliases (885.213917ms)
✔ F07 coordinator: migration failures obey the durable commit decision and retain both snapshots (1831.633834ms)
✔ F07 coordinator: uncertain calls block migration and only privileged no-effect abort can clear them (1201.236125ms)
✔ F07 coordinator: actual parent death at every migration boundary preserves the decision on same-ID retry (7442.487291ms)
✔ F07 coordinator: actual parent death after sink commit requires real receipt reconciliation and isolated replay (4309.319041ms)
✔ F07 coordinator: concurrent host instances serialize a shared canonical heap (1106.693958ms)
✔ F07 coordinator: seeded cyclic/shared logical references survive a real-worker migration from generation zero (1521.860667ms)
✔ F07 coordinator: effect dispatch rechecks invocation expiry and journal corruption cannot invent outcomes (519.401083ms)
✔ F07 coordinator: two actual parent processes retry one operation without a duplicate sink commit (1878.204958ms)
✔ F07 coordinator: an actual worker timeout remains indeterminate until privileged safe abort (1276.793541ms)
✔ F07 coordinator: mutable caller objects cannot change queued intent or authorized recovery strategy (1366.419708ms)
✔ F07 coordinator: caller operation IDs cannot collide with another call boundary path (815.010208ms)
✔ F07 coordinator: revoked recovery authorization cannot publish a safe abort or replay result (1146.864041ms)
✔ asynchronous recovery policy cannot publish an abort or replay (440.372625ms)
✔ F07 coordinator: current state is bound to retained transition receipts, including against old snapshot substitution (456.330834ms)
✔ F07 coordinator: real workers enforce declared argument/result types and sound scalar generics (426.819667ms)
✔ witnessed native fallback publishes the proved alias result and survives reopen (4005.791084ms)
✔ distinct-reference native Tier 3 abort preserves the exact host source state (3182.817083ms)
✔ native grants fail before intent and revocation at publication retains recoverable source (5678.122167ms)
✔ substituted executable leaves a witnessed native intent unresolved until exact bytes return (3506.696958ms)
✔ controller close at native intent, launch or publication cannot commit a result (12604.354167ms)
✔ witnessed v5 reopen rejects malformed empty checkpoint extension fields (4988.96075ms)
✔ native publication waits for the host witness and recovers after service restart (4778.752458ms)
✔ fresh controller recovers a witnessed native intent after SIGKILL before publication (5632.306541ms)
✔ fresh controller reads the one committed native decision after postcommit SIGKILL (4927.863583ms)
✔ exact native fallback consumes real ProcessHost state and matches durable tier decisions (2492.401458ms)
✔ actual native packed candidate is one durable ProcessHost control across retry, reopen and publication (14558.586875ms)
✔ packed control survives real controller SIGKILL before and after durable decision (24027.338125ms)
✔ checkpoint lease preserves nonempty frames/tasks and publishes state to actual production workers (10416.535417ms)
✔ stale production generations reject while explicit fresh epoch mapping preserves the same allocation (10157.53725ms)
✔ checkpoint publication requires current grants, exact origin and engine-produced progression (1039.568875ms)
✔ leased effects use the durable private C1 view, reconcile unknown outcomes and publish exactly once (13308.02325ms)
✔ checkpoint policy requires literal true and publication rechecks policy after preparation (9058.51025ms)
✔ typed local and heap controls survive restart, retain audit, and resume without rebuilding workers (15536.746125ms)
✔ correction policies reject Promise grants and revocation at the durable publication boundary (1069.429167ms)
✔ durable rewind debt replays committed effects without redispatch and blocks divergent corrections (40836.752541ms)
✔ fresh controllers recover SIGKILL at checkpoint, effect receipt and publication boundaries (130123.322583ms)
✔ host-bound semantic retention pins exact task/replay roots before checkpoint publication and survives direct collection and reopen (7807.3425ms)
✔ host-bound retention rejects removed marker, missing AST root and wrong authority on reopen (5209.57475ms)
✔ retention loss at the host publication phase blocks the durable heap decision (5814.7645ms)
✔ controller death before pin and after checkpoint decision preserves the correct AST/lease ordering (13733.600875ms)
✔ V12 witnessed sink retirement survives controller SIGKILL before durable promotion commit (29797.41825ms)
ℹ {"boundary":"before","controllerCrash":"SIGKILL","services":[23050,23047,28015],"candidateWorkerPids":[27752,27879],"deploymentWitnessRevision":"6","sinkRevision":"1"}
✔ V12 witnessed sink retirement survives controller SIGKILL after durable promotion commit (47609.025458ms)
ℹ {"boundary":"after","controllerCrash":"SIGKILL","services":[28236,28234,29414],"candidateWorkerPids":[28985,29075],"deploymentWitnessRevision":"8","sinkRevision":"2"}
✔ V12 semantic deployment artifact and effect plan preserve exact V1/V2 domains (1794.185292ms)
✔ V12 witnessed deployment retires one dead signed sink, preserves live dispatch and old receipt (24362.444792ms)
✔ V12 commit fence rejects a new active-task pin after candidate preparation (6332.273084ms)
✔ V12 rejects semantic checkpoint custody smuggled through a reloadable factory (1751.683458ms)
✔ typed process boundary enforces primitive values, exact arity and return type (3.556792ms)
✔ typed process boundary checks all IntN ranges and nominal representations without coercion (2.870708ms)
✔ typed process records validate required fields and preserve bounded cyclic/extra data (0.659375ms)
✔ typed allocation rejects missing/extra fields, inherited keys and wrong field values (0.386792ms)
✔ scalar and sequence type variables infer consistently and constrain returned values (1.632334ms)
✔ Result active variants and nested generic fields preserve independent bindings (0.863375ms)
✔ Owned requires separation of reachable graphs, including hidden aliases and sequences (1.012667ms)
✔ unsupported opaque values and excessive type nesting fail explicitly (0.373209ms)
✔ Artifact/4 signed target binds independently rebuilt V2 bundle and exact virtual proof (10337.145583ms)
✔ Artifact/4 rejects omitted input, changed tool, native library, Node and bundle identity (11169.766958ms)
✔ Artifact/4 remeasures actual current input and build-recipe bytes on decode (10895.801083ms)
✔ Artifact/4 rejects swapped descriptor, evidence and forged direct ancestry (26917.638542ms)
✔ Artifact/4 bounded launch check starts only its measured worker bundle (12494.926375ms)
✔ Artifact/4 init/3 executes the signed pure candidate and restores its real-worker snapshot (12519.160209ms)
✔ Artifact/4 pure worker cannot gain callbacks through later caller option mutation (10887.376125ms)
✔ Artifact/4 init/3 refuses tampered proof, authority, and packaged bytes before execution (13131.108917ms)
✔ Artifact/4 packaged child independently rejects altered init/3 proof (7951.348ms)
✔ Artifact/4 ProcessHost config/16 dispatches and reopens exact durable pure state (18205.366167ms)
✔ Artifact/4 ProcessHost config/18 witnesses exact signed source and real-worker state (21907.356ms)
✔ Artifact/4 witnessed source survives real controller SIGKILL on each side of call commit (36494.908083ms)
✔ Artifact/4 ProcessHost reconciles a real controller SIGKILL before commit (21743.490208ms)
✔ Artifact/4 ProcessHost config/17 witnesses pure calls and recovers controller crashes (58132.646667ms)
✔ Artifact/4 ProcessHost refuses effect services and stale signed lineage before call intent (14852.02275ms)
✔ pure Artifact/4 governor contract binds source snapshot, plan, witnesses and exact evidence (19974.841292ms)
✔ pure Artifact/4 governor deployment promotes a real host and pins same-ID replay (65399.946167ms)
✔ pure Artifact/4 deployment refuses superseded source spec before any call intent (21222.45225ms)
✔ pure Artifact/4 commit fence refuses a witnessed source call after prepare (35622.796792ms)
✔ pure Artifact/4 deployment reconciles real controller SIGKILL at prepared (60583.709083ms)
✔ pure Artifact/4 deployment reconciles real controller SIGKILL at before-activation (64419.262375ms)
✔ Artifact/3 init/2 executes source and candidate in separate real workers (1653.197916ms)
✔ Artifact/3 pure worker cannot gain callbacks through later caller option mutation (1299.55975ms)
✔ Artifact/3 launches the rebuilt closed worker bundle with its measured input set (3806.643458ms)
✔ Artifact/3 virtual worker preserves source production guard denial order (2374.49675ms)
✔ Artifact/3 worker denies altered roots, descriptor and executable bytes before dispatch (1411.294333ms)
✔ Artifact/3 worker refuses trust accessors and proxies before reading them (991.020625ms)
✔ Artifact/3 init/2 independently rejects tampered child payload before a worker call (1531.738375ms)
✔ Artifact/3 reloads exact source, candidate, wrapper, V3 evidence and measured bytes (1017.293084ms)
✔ Artifact/3 rejects altered source, candidate, descriptor, wrapper, profile and executable bytes (1039.291834ms)
✔ Artifact/3 rejects unrelated signed lineage and forged admission authority (1936.486041ms)
✔ Artifact/3 rejects effectful subjects, malformed IR and legacy version substitution (1995.394625ms)
✔ versioned pure virtual witness repairs a mirror after CAS/crash and refuses rollback (21.841083ms)
✔ pure virtual /3 witness pins source plan and operator authority across revisions (9.485792ms)
✔ pure virtual /2 journal refuses duplicate and forged same-ID receipts (9.560292ms)
✔ independent V7 clock refuses frozen-factory grant expiry and signed deadline before guest dispatch (3239.52125ms)
✔ V9 independent witness preserves a committed guest effect across controller SIGKILL and fresh reconciliation (8210.705416ms)
ℹ {"crashSignal":"SIGKILL","phases":[{"controllerPid":9594,"phase":"call-intent","operationId":"crash-v9","generation":"1"},{"controllerPid":9594,"phase":"effect-requested","operationId":"crash-v9","generation":"1"},{"controllerPid":9594,"phase":"effect-recorded","operationId":"crash-v9","generation":"1"}],"guestDispatches":[{"controllerPid":9594,"mode":"crash","requestDigest":"aether.effect/1:b3:528f816c5a5ae42ca1582267825bc9ceac98489749363e7196ac5ec3c1fa3be9"}],"brokerWitnessRevision":"5","brokerWitnessJournal":"{\"clockDomain\":\"controller-crash-clock/1\",\"format\":\"aether.effect-journal/2\",\"records\":[{\"adapterId\":\"controller-crash/1\",\"adapterSemanticsDigest\":\"aether.effect-adapter/1:b3:ecbef9efb2de242f6855b3c767a921eb65f17cb8ceb3931cb881741b5bfacec4\",\"dispatchStarted\":true,\"format\":\"aether.effect-event/1\",\"observedAt\":\"100\",\"outcome\":{\"receiptDigest\":\"aether.effect-receipt/1:b3:cb46d4371017a9f27cfd995cce07158fc76eb5f02190e7c8a616c4449c49094f\",\"state\":\"committed\",\"value\":{\"tag\":\"int\",\"value\":\"8\"}},\"prepared\":null,\"recordedAt\":\"100\",\"request\":{\"branchId\":null,\"budgetReservationId\":null,\"capabilityGrantRef\":\"aether.process-effect-grant-ref/1:b3:0e975fdcc554cac650ef83a9f6261b7607305049a6673c7693de26c720c24135\",\"deadline\":\"1000\",\"effectId\":\"operation-0\",\"executionId\":\"aether.process-boundary/1:b3:4120e6fed8e9feb007abfbd91b87b9ec4acbec57b4e7414e25d48f369ce4f2c2\",\"executionManifest\":\"aether.execution/1:b3:6846de7d7a27376a02f29c4dfde9594e9bc137184aaba3d239d6b98590dbb095\",\"format\":\"aether.effect/1\",\"payload\":{\"items\":[{\"tag\":\"string\",\"value\":\"cap:test:controller_crash\"},{\"tag\":\"int\",\"value\":\"7\"}],\"tag\":\"sequence\"},\"payloadDigest\":\"aether.effect-payload/1:b3:ad62bf3a65955ddc0155ab37acec9a8cef1e011eedfaa43e69841f1350102b4e\",\"policyEpoch\":\"0\"},\"requestDigest\":\"aether.effect/1:b3:528f816c5a5ae42ca1582267825bc9ceac98489749363e7196ac5ec3c1fa3be9\",\"sequence\":\"0\",\"state\":\"committed\",\"transitions\":[{\"dispatchStarted\":false,\"state\":\"requested\",\"time\":\"100\"},{\"dispatchStarted\":false,\"state\":\"reserved\",\"time\":\"100\"},{\"dispatchStarted\":false,\"state\":\"prepared\",\"time\":\"100\"},{\"dispatchStarted\":true,\"state\":\"prepared\",\"time\":\"100\"},{\"dispatchStarted\":true,\"state\":\"committed\",\"time\":\"100\"}]}],\"revision\":\"5\",\"witnessDigest\":\"aether.effect-journal-witness/2:b3:db57a403dc9dc83dbd9fc2fbea8346f021a1fbda509acf041d8d33a9392b7bfc\"}","recovered":{"execution":{"ok":true,"steps":0,"value":{"tag":"int","value":"7"}},"generation":"1","operationId":"crash-v9","state":"completed","unit":"worker"}}
✔ opt-in v6 deployment persists an anchored Wasm-only policy through actual process calls and reopen (4200.213292ms)
✔ anchored V4 ProcessHost runs exact isolated Wasm through a real worker and durable broker (4561.656208ms)
✔ V9 host and deployment use peer-checked external witness across service SIGKILL without redispatch (16247.871375ms)
✔ V9 protects complete host and broker history across real Wasm calls, promotion and reopen (4615.697792ms)
✔ V8 pins operator witness through real Wasm host, deployment, promotion and reopen (2862.008959ms)
✔ worker bundle is rebuilt from a closed input graph and refuses stale or tampered bytes (15883.237167ms)
✔ worker graph rejects missing and tree-shaken dynamic imports before measurement (3.426667ms)
✔ actual bundled worker launches and returns an authenticated pre-init refusal (5872.058042ms)
✔ Artifact/4 launch custody executes measured pipe JS across a real pathname swap (101.471166ms)
✔ Artifact/4 launch custody rejects bytes changed before acquisition (0.6795ms)
✔ strict deployment requires signed genesis, exact evidence and causal parent linkage for real ledger promotion/rollback (5397.276917ms)
✔ strict serving invalidates on transitive specification revision and signed repair can replace the quiescent stale source (3757.32ms)
✔ strict precommit checkpoint catches author revocation during prepare and aborts isolated candidate workers (2923.548125ms)
✔ strict actual-process crash recovery follows commit even if specification invalidation blocks serving (10550.821292ms)
✔ strict live invalidation blocks the next effect and privileged historical recovery creates no live append (2054.16125ms)
✔ strict readiness preserves malformed authority errors instead of presenting ordinary invalidation (1638.790083ms)
✔ surfaces are found with the path needed to rewrite them (5.465833ms)
✔ a domain enumerates exactly what the author allowed (2.057ms)
✔ FR-4.2: tuning descends a measured objective it cannot see into (2.229083ms)
✔ the evaluation budget is a hard ceiling, because measurements cost traffic (1.631ms)
✔ a gradient is recorded for range surfaces and not invented for choices (1.705334ms)
✔ FR-4.2: applying a tuning rewrites parameters and nothing else (4.59825ms)
✔ a tuned module still verifies and still passes its micro-worlds (88.597792ms)
✔ an objective with no better configuration converges without changing anything (2.041292ms)
✔ the tuner optimizes each surface for the objective it declares (1.528959ms)
✔ the call graph is read from the code, not from configuration (2.452708ms)
✔ FR-4.1: heavy interconnect is recombined into one in-process domain (0.847083ms)
✔ the same graph compiles to different shapes with different prices (0.464458ms)
✔ capabilities decide placement, without an annotation saying so (0.250291ms)
✔ a footprint limit blocks a merge the traffic would otherwise justify (0.293042ms)
✔ an isolated capability is never co-located (0.22ms)
✔ transport glue is derived, and forwards the capability envelope (0.308083ms)
✔ a plan renders to something a human can review (0.226708ms)
✔ E4: concurrency findings become single-writer placement constraints (0.237ms)
✔ G3: the production tokenizer uses real cl100k BPE tables (97.651ms)
✔ v4 plan exactly covers the preserved functional requirements and source digest (10.169917ms)
✔ v4 document version and generated tracker cannot drift (3.234125ms)
✔ v4 first slice is ordered and closes its dependencies; waves respect every edge (0.216708ms)
✔ v4 validator rejects cycles, dangling edges, unknown coverage and duplicate identities (1.821083ms)
✔ v4 validator rejects lost delivery ownership, missing release closure and unexplained blockers (1.147041ms)
✔ v4 completion requires exact-version evidence for every gate and all dependencies (2.213958ms)
✔ v4 ordering fails loudly if it cannot make progress (0.214ms)
ℹ tests 1206
ℹ suites 0
ℹ pass 1204
ℹ fail 0
ℹ cancelled 0
ℹ skipped 2
ℹ todo 0
ℹ duration_ms 2287472.707459
