
> @ghostlygawd/aether@0.1.0 pretest
> npm run build


> @ghostlygawd/aether@0.1.0 build
> tsc -p tsconfig.json && node scripts/copy-native-fallback-driver.mjs


> @ghostlygawd/aether@0.1.0 test
> node --test --test-concurrency=1 --experimental-strip-types "test/**/*.test.ts"

✔ G1: agent protocol frames survive arbitrary stream chunking (19.54675ms)
✔ G2: durable leases exclude competing agents and expire (26.311625ms)
✔ J3: abandoned filesystem locks are recovered after the stale threshold (1.319375ms)
✔ independent benchmark reader recounts complete messages, target rows and current source bytes (553.808417ms)
✔ verifier refuses altered verdicts, thresholds, raw messages, source list and noncanonical JSON (1959.50225ms)
✔ source commit substitution cannot pass exact-source verification (439.362958ms)
✔ changed hardware diagnostics cannot pass exact-source verification (439.87475ms)
✔ V4-F02: corpus aggregation divides summed actual counts, not averaged ratios (0.627541ms)
✔ V4-F02: real-tokenizer corpus includes cold dictionaries and complete warm message framing (103.568792ms)
✔ V4-F02: full-session arithmetic includes failed attempts, repairs, responses and dictionary deltas (18.581417ms)
✔ V4-F02: enforcement rejects misses, unmeasured, inconclusive, deleted, duplicated and fabricated pass rows (1.94975ms)
✔ V4-F02: measurement CLI succeeds while enforcement fails and emits reproducible bound evidence (857.379167ms)
✔ V3 retains an exact signed receipt and rechecks it on cached dispatch, inspect, reconcile, and replay (149.445584ms)
✔ V3 crash after sink success is indeterminate until receipt-backed read-only reconciliation (122.402458ms)
✔ V3 will not certify a forged sink commit or reuse an unsigned structural adapter (109.296708ms)
✔ legacy brokers refuse an attested sink adapter before any durable intent or sink call (4.47925ms)
✔ V3 verifies a signed durable noncommit fence before terminal abort (140.524584ms)
✔ V3 rejects forged witnessed cached records, missing signed proof, V1 witness, and downgrade (148.316208ms)
✔ trusted wrapper accepts exact signed commit, pins copied identity, and exposes a detached proof (7.47625ms)
✔ forged, mismatched, stale, and contradictory signed responses never yield a committed value (9.053416ms)
✔ reconciliation reports noncommit only from a signed terminal fence; uncertainty stays unknown (2.115083ms)
✔ broker keeps transport failure indeterminate and releases it only after signed fence (110.837459ms)
✔ V4 broker withholds a valid sink signature until the independent sink head retains it (151.07525ms)
✔ signed sink receipt reconciles a real postcommit controller SIGKILL without another external decision (2644.493875ms)
✔ V4 broker requires independent sink head across real postcommit controller SIGKILL and replay (4560.747375ms)
✔ operator process commits exactly once and retains identical signed receipt after SIGKILL/restart (594.8025ms)
✔ near-limit accepted payload retains a recoverable signed response after restart (391.433792ms)
✔ status makes a durable signed noncommit fence that permanently refuses execute (381.001958ms)
✔ lost wire response remains a committed decision; wrong auth and forged stored receipt fail closed (330.371334ms)
✔ CLI refuses a group-readable signing key before opening the sink (89.461417ms)
✔ separate sink witness restores deleted/older local state and fails closed on outage or equivocation (2685.375ms)
✔ V5 predispatch denial holds funds until an exact signed witnessed noncommit fence (1161.219208ms)
✔ V5 recovers a reserve that reached the bridge before broker publication (796.452542ms)
✔ V5 keeps funds encumbered when the bridge loses its reserve receipt (789.426917ms)
✔ V5 router pins operator bridge, grant and full recorded reservation identity (788.395375ms)
✔ signed V7 router checks its private complete adapter map before any live dispatch (282.176292ms)
✔ V5 witness outage leaves an authorized reservation encumbered (585.462375ms)
✔ V5 predispatch status can only charge an exact signed witnessed commit once (936.043916ms)
✔ V5 rejects forged budget hooks and exact bridge substitution (759.259875ms)
✔ V5 cached commits fail closed on local or witness rollback of bridge and ledger (3571.994083ms)
✔ deployment witness pins operator and namespace with exact durable CAS bytes (2.81475ms)
✔ deployment witness rejects stale writers, rollback and same-revision equivocation (0.618291ms)
✔ deployment witness rejects incomplete, wrong-revision, wrong-identity and noncanonical journals before CAS (3.455542ms)
✔ deployment witness rejects false CAS acknowledgments and can recover a lost response (1.280333ms)
✔ deployment witness rejects malformed source heads (0.315833ms)
✔ deployment witness admits exact /10 sink identity and retains canonical CAS bytes (1.128667ms)
✔ deployment witness V12 pins signed sink table fields and immutable export authority (3.014042ms)
✔ deployment witness rejects malformed /10 sink fields and profile before CAS (0.6605ms)
✔ deployment witness forbids sink identity drift and /9↔/10 switch before CAS (2.365125ms)
✔ deployment witness admits exact /11 resource-scoped sink journal and durable CAS bytes (0.553875ms)
✔ deployment witness rejects malformed /11 sink fields, namespace, and profile before CAS (0.618125ms)
✔ deployment witness prevents /11 sink identity changes and cross-version adoption before CAS (2.716958ms)
✔ namespaced V2 identities bind deployment and operation, while V1 bytes remain stable (2.413208ms)
✔ V2 catalog rejects V1, wrong deployment, operation, authority, repository, and clock (0.628625ms)
✔ V2 catalog pins the selected object for its lifetime (0.144292ms)
✔ V1 and V2 require a retained head after a falsely successful CAS response (0.171417ms)
✔ broker accepts V2 and rejects a head aliased across deployment namespaces (9.984792ms)
✔ V2 witnessed broker refuses recomputed local terminal receipts and restores deleted/older files (172.875833ms)
✔ uncertain witness response after pre-sink marker never dispatches and reopens from witnessed state (83.529833ms)
✔ same-anchor witness rollback and local V1 adoption fail closed (74.324209ms)
✔ isolated replay prefix rewind/resume checks complete ordered request/outcome bindings without callbacks (125.383625ms)
✔ isolated buffer restoration is atomic, preserves historical identities and never grants live authority (3.358666ms)
✔ F04/G2 request IDs and durable receipts survive reopening; identical retries never reexecute (98.601291ms)
✔ cached committed receipts never call current cleanup policy or release a budget (93.074458ms)
✔ F04/G2 changed payload, manifest, policy, grant, deadline and reservation cannot reuse a live effect ID (266.501916ms)
✔ F04/G1 replay consumes exact ordered outcomes, with no live adapter or current-policy callbacks (176.151125ms)
✔ F04/G1 shadow and speculative writes buffer branch intents without production adapters or grants (6.591625ms)
✔ F04 isolated branch intents require explicit selected-branch admission before live dispatch (120.743834ms)
✔ F04 denial, stale revocation, deadline and cancellation occur before the irreversible sink (199.588333ms)
✔ F04 final authorization checks catch revocation during durable dispatch preparation (80.200584ms)
✔ F04 cancellation after the sink acts preserves its committed charge and receipt (81.100875ms)
✔ F04 budget exhaustion selects refusal; retries and speculative forks cannot repeat charges (153.932584ms)
✔ F04/G3 receipt-store failure after sink success returns indeterminate and reconciles without redispatch (152.928959ms)
✔ F04/G3 actual process death after durable sink commit retains an uncertain dispatch until reconciliation (250.098667ms)
✔ F04/G3 unknown non-idempotent effects are never blindly retried or reported as aborted (122.428959ms)
✔ F04 live lock owner cannot be taken over; malformed requests and corrupt receipts fail before dispatch (122.36025ms)
✔ F04 transactional prepare commits once, and abandoned preparations recover without a sink commit (187.370292ms)
✔ F04 separate recovery authority reconciles a committed charge after original grant revocation (150.86375ms)
✔ F04 concurrent processes share a durable reservation hook without overspending its final unit (206.249541ms)
✔ F04 corrupt dispatch markers, illegal histories and recovery identities cannot cause false abort/refund (166.605625ms)
✔ F04 process crashes at every ticket publication/release boundary recover without incomplete lock owners (650.96525ms)
✔ F04 recovery process crashes cannot orphan a recovery mutex or release a later writer ticket (474.139125ms)
✔ F04 retained ticket quotas and legacy lock layouts fail explicitly instead of recycling identities (53.7555ms)
✔ F04 concurrent broker processes serialize one shared journal without overlapping sink entry (517.503083ms)
✔ v2 evidence policy binds hard SMT profile to exact manifest and reverified peer evidence (146.929959ms)
✔ F06 compiler admission consumes branded evidence and preserves every external precondition (15.719125ms)
✔ F06 compiler admission retains property-classified postconditions (5.214334ms)
✔ F06: actual local solver evidence is bound, immutable and distinguishable from peer claims (7.475208ms)
✔ F06/G1: every execution-subject field invalidates old evidence (9.381792ms)
✔ F06/G1: actual transitive external dependency content is resolved and pinned (2.497583ms)
✔ F06/G2: malformed, truncated, duplicate, hidden-assumption and forged evidence fails closed (11.933292ms)
✔ F06/G2: unchecked caller preconditions and absent frame contracts do not mint evidence (3.701959ms)
✔ F06/G3: property classification remains delegated and never becomes formal proof (3.989917ms)
✔ F06: modeled ledger record transitions and formal loops are accepted with property clauses retained (19.549292ms)
✔ F06: actual verifier alias assumptions remain explicit and cannot authorize evidence (2.033542ms)
✔ F06: type and capability validation precede proof admission (0.654875ms)
✔ F06/G2: actual exhausted solver budgets and truncated branch exploration cannot mint evidence (49.095875ms)
✔ F06: concrete nested-alias verifier gap is rejected before a false proof can authorize elision (1.417041ms)
✔ v5 host witness retains native fallback binding, before snapshot, state and terminal result across service restart (2263.152084ms)
✔ host witness pins operator, repository and stable host identity, with exact CAS bytes (1.832084ms)
✔ host witness rejects stale writers, rollback and same-revision equivocation (0.373125ms)
✔ host witness refuses malformed, noncanonical and oversized heads before advancing (1.041542ms)
✔ host witness refuses false CAS acknowledgments and can reread after a lost response (0.624459ms)
✔ host witness rejects malformed source objects and accepts prior canonical host formats (0.242041ms)
✔ host catalog pins an operator namespace and one witness object per stable host (0.292583ms)
✔ F03/G1 v1 AST and commit addresses remain unchanged across metadata observation and reopen (24.439667ms)
✔ F03/G2 execution manifest binds every execution context component and sorts complete dependency closure (2.914625ms)
✔ F03/G2 metadata is content-bound independently and domains cannot be relabeled (0.217667ms)
✔ F03/G3 tagged wire values preserve bigint, Unicode and reference identity without numeric coercion (0.508583ms)
✔ F03/G3 malformed values, duplicate map keys and unsupported versions are rejected (1.285333ms)
✔ F03/G3 schema resource limits reject byte, decompressed, depth, count and integer excess (0.338125ms)
✔ F03/G3 state envelopes preserve cycles and shared IDs and reject malformed object tables (1.828166ms)
✔ canonical identity rejects proxy-backed mutable data without executing traps (0.081541ms)
✔ F07 async journal ownership survives awaits and does not block response delivery (83.719959ms)
✔ F08 core: exact governor-approved subject commits and filesystem activation is idempotent (167.820417ms)
✔ production commit fence holds the final decision before activation and can recover a postcommit interruption (374.035125ms)
✔ production commit fence refuses omitted, late, repeated and stale-authority decisions (492.54075ms)
✔ F08 core: individually valid literal edits fail when their composed root violates a+b >= 18 (100.107875ms)
✔ F08 core: forged signatures, changed effect/migration context and stale policy/expiration cannot authorize (593.424709ms)
✔ F08 core: failed prepare, cross-subject handles and policy changes during prepare preserve old state (263.530791ms)
✔ F08 core: activation failure after commit blocks serving and recovers the committed new target (153.838125ms)
✔ F08 core: two coordinator instances racing the same parent commit at most one candidate (134.705458ms)
✔ F08 core: malformed approvals are rejected before mutation and corrupt readiness/history fails closed (100.622209ms)
✔ F08 core: real process death at each durable phase recovers before/after the commit boundary (1412.930125ms)
✔ admission profiles: strict lineage is the default and baseline is explicit and durable (199.194458ms)
✔ admission profiles: explicit legacy adoption validates and preserves exact signed history (238.322833ms)
✔ admission profiles: malformed legacy identity or approval refuses migration without rewriting bytes (226.839875ms)
✔ independent signatures form an exact-root, heterogeneous commit certificate (12.210875ms)
✔ forgery, wrong signer, phase, root, policy and epoch cannot authorize promotion (10.835792ms)
✔ enrollment refuses one-family dominance, duplicate keys and too few validators (1.145334ms)
✔ one equivocating validator cannot reach two conflicting three-of-four certificates from disjoint honest votes (5.681ms)
✔ three durable honest phases decide one ordered branch and new-view selects its highest prepare QC (5373.210375ms)
✔ a signed block cannot skip the exact candidate manifest of its parent (229.911083ms)
✔ restart and a second controller cannot double-vote or skip a locking phase (1812.318208ms)
✔ withheld votes stop decisions; increasing local timeouts rotate leader without releasing locks (2528.03975ms)
✔ a delayed validator requires checked ancestry and later decides the missing committed prefix in order (4179.606208ms)
✔ authenticated new-view reports reject stale context, wrong QC phase and equivocation (3013.59425ms)
✔ two real controllers racing one validator identity durably publish only one competing vote (781.730042ms)
✔ bounded state refuses exhaustion and rechecks historical phase logic even with a recomputed checksum (671.100125ms)
✔ a locked validator rejects a conflicting stale justification even if the leader signs it (1775.026792ms)
✔ literal application validity and malformed clock or journal state fail before voting (724.401ms)
✔ real controller death before/after vote persistence cannot acknowledge an equivocation on restart (1732.612458ms)
✔ unaudited research checker independently verifies all 40 Rust-generated group and authenticated share transcripts (1245.233917ms)
✔ group-signature-only and claimed family labels cannot replace enrolled participation attestations (37.039708ms)
✔ exact proposal, epoch, policy, phase, view, parent, expiry and enrollment bindings cannot be replayed (4.221625ms)
✔ authenticated cancelling false shares reject even when their sum and OpenSSL group signature remain valid (25.091834ms)
✔ duplicate, stale, malformed scalar and non-prime-subgroup public contributions are rejected (103.064791ms)
✔ enrollment cannot substitute mixed verifying shares or one-family/one-role membership (13.316583ms)
✔ research replay ledger rejects duplicates atomically and cannot imply durable replay protection (120.754292ms)
﹣ pinned FROST 3.0.0 independently cross-checks valid, cancelling, changed and malformed public shares (0.044709ms) # SKIP
✔ durable vote admission survives restart and never counts one signer twice (192.112417ms)
✔ equivocation is retained and quarantines the signer slot without hiding an honest quorum (275.37525ms)
✔ foreign or corrupted votes fail closed and missing established state cannot reset history (155.668209ms)
✔ an interrupted empty journal initialization resumes only behind its marker (97.631208ms)
✔ V4-F05: signed durable ingestion is idempotent, keeps occurrence identity distinct, and restores sequence after restart (481.715375ms)
✔ V4-F05: missing causal predecessors remain pending and become ready after dependency delivery (445.61325ms)
✔ V4-F05: validly signed operation-ID equivocation and descendants are quarantined in every arrival order (732.536833ms)
✔ V4-F05: signatures, hashes, versions, epochs, schema/resource limits and invalid clocks cannot admit operations (279.1325ms)
✔ V4-F05: concurrent processes sharing an author journal publish distinct complete sequence records (242.316208ms)
✔ V4-F05: process exit after durable author publication never reuses an operation ID (180.2025ms)
✔ V4-F05: ingestion failures distinguish unpublished bytes from durable commit recovered after process exit (252.704209ms)
✔ V4-F05: deterministic harness exercises reorder, duplicate, drop, partition, missing-peer requests and restart (313.307375ms)
✔ V4-F05: concurrent count/byte admission and author-ingest races cannot overfill a journal (1099.864709ms)
✔ V4-F05: exact duplicate delivery needs no extra ticket after admission quota exhaustion (122.008ms)
✔ T1-06 author identity builder fails before sequence publication and preserves its checkpoint clock floor on restart (195.094084ms)
✔ T1-06 author identity builders in concurrent processes receive distinct durable operation IDs (227.389208ms)
✔ signed sink commit binds exact request, payload, approved adapter and committed value (4.127625ms)
✔ signed terminal fence has no committed value or commit ID (1.414667ms)
✔ forgery, signed-field alteration, wrong key and signer mismatch are refused (2.810917ms)
✔ valid signature cannot be replayed into a different operation, repository, deployment, policy or value (2.698541ms)
✔ even a valid sink signature must agree with independently supplied request and grant context (2.07225ms)
✔ malformed, oversized, accessor and noncanonical receipt or anchor objects fail closed (1.013625ms)
✔ sink witness binds operator, exact anchor and adapter; advances one signed decision per revision (10.651542ms)
✔ sink witness rejects stale writers, rollback and same-revision equivocation (3.4085ms)
✔ sink witness adopts an existing matching head but rejects a changed anchor or adapter at startup (1.817958ms)
✔ sink witness refuses changed identity, wrong revision/count, invalid rows and noncanonical bytes before CAS (5.525541ms)
✔ sink witness rejects repeated effect, decision and commit identities (3.280625ms)
✔ sink witness rejects false CAS success and missing post-CAS retention (2.059875ms)
✔ independent clock is rechecked after a factory authorization callback and before the sink (125.9745ms)
✔ V5 parses visible Atomic bodies and rejects altered rollback scaffolding; V4 stays closed (111.446125ms)
✔ development reference establishes return/rollback/effect and settled-task allocation semantics (1.868625ms)
✔ actual typescript Atomic matches reference rollback and nonlocal return semantics (383.753667ms)
✔ actual python Atomic matches reference rollback and nonlocal return semantics (61.061333ms)
✔ actual rust Atomic matches reference rollback and nonlocal return semantics (1480.066916ms)
✔ actual typescript Atomic restores state and native step counter after authority and budget faults (80.224708ms)
✔ actual python Atomic restores state and native step counter after authority and budget faults (43.548375ms)
✔ actual rust Atomic restores state and native step counter after authority and budget faults (685.679416ms)
✔ V12 parses visible blockless bindings to the exact root and guards slot scaffolding (102.857542ms)
✔ each blockless If, While and Atomic shape independently selects V12 (16.830417ms)
✔ V12 reference run covers selected branches, skipped bindings, loop rebinding, Atomic, assignment and shadow fallback (1.036667ms)
✔ V12 explicitly rejects invalid blockless binding types (0.48175ms)
✔ V12 profile propagates through an exact-address import closure (25.294791ms)
✔ V12 actual typescript execution matches reference binding outcomes (402.223333ms)
✔ V12 actual python execution matches reference binding outcomes (58.52725ms)
✔ V12 actual rust execution matches reference binding outcomes (3926.408625ms)
✔ composite profiles preserve exact AST identities and parse visible collection/field edits (135.808375ms)
✔ actual typescript composite execution preserves aliasing, old records, lazy Result branches, callbacks and write order (97.721042ms)
✔ actual python composite execution preserves aliasing, old records, lazy Result branches, callbacks and write order (69.758667ms)
✔ actual rust composite execution preserves aliasing, old records, lazy Result branches, callbacks and write order (3845.4205ms)
✔ continuation source keeps bodies visible and validates capture scaffolding (128.369958ms)
✔ actual typescript closures/tasks preserve captures, identity and effect authority (91.754958ms)
✔ actual python closures/tasks preserve captures, identity and effect authority (61.493917ms)
✔ actual rust closures/tasks preserve captures, identity and effect authority (1017.180542ms)
✔ actual typescript completed tasks retain results under revocation without redispatch (105.321125ms)
✔ actual python completed tasks retain results under revocation without redispatch (55.962792ms)
✔ actual rust completed tasks retain results under revocation without redispatch (823.981125ms)
✔ unsupported contract contexts fail explicitly and blockless bindings select V12 (65.333709ms)
✔ V11 parses visible pure contract calls and preserves exact AST identities (50.095833ms)
✔ V11 rejects undeclared purity, unsynthesized and indirect paths through contract callees (8.306667ms)
✔ V11 resolves a pure contract callee through an exact-address dependency (29.382541ms)
✔ V11 actual typescript contract calls enforce pre and postconditions after mutation (391.280792ms)
✔ V11 actual python contract calls enforce pre and postconditions after mutation (50.506ms)
✔ V11 actual rust contract calls enforce pre and postconditions after mutation (3675.392917ms)
✔ V9 round-trips null bodies exactly and rejects changed executable scaffolding (29.782416ms)
✔ V9 propagates unsynthesized dependency identity through exact-address imports (27.057917ms)
✔ V9 actual typescript declaration traps while synthesized code executes (400.532042ms)
✔ V9 actual python declaration traps while synthesized code executes (44.803916ms)
✔ V9 actual rust declaration traps while synthesized code executes (3616.878916ms)
✔ scalar native profiles round-trip all emitted control flow and parse actual visible edits (122.716541ms)
✔ unsupported projected AST and host syntax reject rather than use placeholders or hidden IR (28.503667ms)
✔ actual typescript execution preserves booleans, arbitrary integers, negative division, overflow, contracts and effects (87.661625ms)
✔ actual python execution preserves booleans, arbitrary integers, negative division, overflow, contracts and effects (64.720417ms)
✔ actual rust execution preserves booleans, arbitrary integers, negative division, overflow, contracts and effects (646.927333ms)
✔ declared scalar kinds retain type declarations, surfaces, branch shape and contract metadata (22.652125ms)
✔ generic captured closures and tasks round trip and execute in typescript (97.337959ms)
✔ generic captured closures and tasks round trip and execute in python (58.264791ms)
✔ generic captured closures and tasks round trip and execute in rust (1010.644125ms)
✔ generic/nested AST identities and visible type witnesses round trip; unsupported open contexts reject (339.702083ms)
✔ reference interpreter establishes nested generic container and capability results (2.550333ms)
✔ actual typescript generic/nested source edits preserve containers and reject false witnesses before effects (493.589166ms)
✔ actual python generic/nested source edits preserve containers and reject false witnesses before effects (117.181625ms)
✔ actual rust generic/nested source edits preserve containers and reject false witnesses before effects (963.555083ms)
✔ every declared AST kind has a representative exact-root TS/Python/Rust round trip (494.887708ms)
✔ new Cond/ForAll/Surface/Un/Yield fixture matches the reference runtime (0.6635ms)
✔ free type variables without a binding are explicitly rejected in all targets (1.501084ms)
✔ actual typescript completes five missing AST kinds (364.572625ms)
✔ actual python completes five missing AST kinds (47.140584ms)
✔ actual rust completes five missing AST kinds (3772.1635ms)
✔ actual typescript standard ledger preserves aliases, transfer/settle contracts and grants (119.25975ms)
✔ actual python standard ledger preserves aliases, transfer/settle contracts and grants (70.055625ms)
✔ actual rust standard ledger preserves aliases, transfer/settle contracts and grants (3778.228209ms)
✔ H1/H2: Rust and Python projections expose the same semantic functions (2.948625ms)
✔ H4: structural diff projection renders only changed graph paths (4.140708ms)
✔ H3: projection language server applies a text edit through a branch CAS (760.311709ms)
✔ J5: every AST kind has explicit projection support metadata (2.663ms)
✔ J6: standard LSP frames decode incrementally and syntax errors become diagnostics (735.421417ms)
✔ V8 nested imports retain exact module/address identity and reject altered or missing dependencies (78.036875ms)
✔ V8 closes a transitive nested import inside an addressed dependency (1445.793959ms)
✔ actual typescript nested exact-address import executes the same result (433.463917ms)
✔ actual python nested exact-address import executes the same result (51.455083ms)
✔ actual rust nested exact-address import executes the same result (778.17825ms)
✔ edited nested TypeScript dependency rebinds its address and runs the changed program (122.8055ms)
✔ V10 keeps quantifier and Result binders local inside old snapshots (46.6ms)
✔ V10 actual typescript old-binder execution sees pre-state (451.975458ms)
✔ V10 actual python old-binder execution sees pre-state (53.508417ms)
✔ V10 actual rust old-binder execution sees pre-state (3674.953584ms)
✔ Risk R3: parse(project(x)) is the identical node, not merely an equivalent one (10.549042ms)
✔ the round trip is idempotent under repetition (1.710667ms)
✔ a human edit to the projection lands as a node mutation (7.698916ms)
✔ randomly generated expressions survive the round trip (4.671916ms)
✔ precedence is preserved without over-parenthesising (0.294041ms)
✔ an unsynthesized contract projects and parses as a body-less declaration (0.187667ms)
✔ out-of-scope identifiers are rejected rather than silently bound (0.20425ms)
✔ result and old are only special inside an ensures clause (0.04775ms)
✔ capabilities and provenance survive the projection (0.289709ms)
✔ the auditor view adds causal lineage without changing the code (5.402667ms)
✔ pinned Unicode17 tables cover every scalar mapping of the actual TypeScript reference (288.281958ms)
✔ V6 exact import closure round trips; missing, altered and unselected dependencies reject (384.666417ms)
✔ actual typescript linked imports and Unicode operations match TypeScript reference (623.651875ms)
✔ actual python linked imports and Unicode operations match TypeScript reference (725.036542ms)
✔ actual rust linked imports and Unicode operations match TypeScript reference (1670.536917ms)
✔ fresh guest qualification uses maximum of all preregistered guests and excludes controller RSS from guest scope (1.008958ms)
✔ fresh guest qualification rejects first-guest omission, repeats, malformed timing, invalid responses and incomplete cleanup (0.333291ms)
✔ fresh guest profile keeps approved numeric bounds and prohibits guest warmups/reuse (0.124209ms)
✔ initialized hypervisor campaign requires a destroyed empty VM/vCPU context and zero executed guest warmups (0.709709ms)
✔ V4-R02 native lowering explicitly rejects unbounded arithmetic, contracts and effects (2.855792ms)
✔ V4-R02 compiled native arithmetic agrees with TypeScript reference on signed limits, overflow and negative division (592.718959ms)
✔ R03: independent exact-arithmetic checker accepts an extracted nontrivial certificate (1.517667ms)
✔ R03: false, stale, malformed and oversized certificates fail without a solver (1.291ms)
✔ R03: integer-bound transformation and large exact values do not use floating point (0.515458ms)
✔ R01 finite OpSet schedules, merge algebra and quorum/equivocation campaign (224.516583ms)
✔ R01 cycles are suppressed, concurrent moves keep one occurrence, and content sharing does not alias occurrences (0.125375ms)
✔ R01 trash deletion, concurrent replacement and restoration have explicit deterministic precedence (0.093083ms)
✔ R01 exact fractional positions preserve order under concurrent allocation, moves and Lamport ties (3.973542ms)
✔ R01 fractional keys reject noncanonical and oversized values before projection mutation (7.232083ms)
✔ R01 same-ID equivocation is retained and quarantines dependents independently of first arrival (0.187958ms)
✔ R01 HotStuff requires all three certified phases; commits prevent conflicting higher-view prepare quorum (0.172584ms)
✔ R01 partitions stop quorum progress and view recovery extends highest certified branch (0.202042ms)
✔ R01 quorum intersection covers n=4 and n=7; duplicate/stale/family-monoculture votes fail (0.544125ms)
✔ R01 membership activation binds both committees to one terminal checkpoint and rejects stale epochs (0.298041ms)
✔ T1-04 actual-model evidence independently recomputes exact scores, labeled recall, timing summaries and retained artifacts (138.423583ms)
✔ I1: a mutating callee cannot make an impossible assertion prove vacuously (4.027625ms)
✔ I2: production elision rejects stale and assumption-dependent reports (6.604417ms)
✔ I3: truncated path exploration cannot report a proof (0.464083ms)
✔ I4: frame violations reject verification and architectural proofs (2.555667ms)
✔ I5: return expressions must match the declared return type (0.678208ms)
✔ I6: production compilation rejects unregistered capabilities (0.30325ms)
✔ I7: a fence only accepts a proof bound to the replacement node (0.203ms)
✔ I8: every published tier subpath resolves after the package build (83.450375ms)
✔ I9: the containers target places every unit in a container (0.614583ms)
✔ the graph is structurally sound (0.769792ms)
✔ the dependency graph is acyclic (0.073291ms)
✔ feature ids are unique and well formed (0.19225ms)
✔ the document and the graph list the same features, in the same order (1.052375ms)
✔ every epic is represented and every feature belongs to one (0.119875ms)
✔ the generated section of the document is current (1.029084ms)
✔ the recommended first slice is closed under dependencies (0.122ms)
✔ the first slice is actually startable, in order (0.092292ms)
✔ the critical path is a real path, and opinions are labelled as such (0.256958ms)
✔ C5 is off the critical path, as claimed (0.14875ms)
✔ wave numbers respect every dependency (0.097041ms)
✔ nothing is stranded: every feature is reachable from a startable one (0.097666ms)
✔ sizes are drawn from the declared scale (0.072666ms)
✔ every feature has evidence matching its completion status (4.987625ms)
✔ the two confirmed language holes agree with roadmap status (0.135833ms)
✔ the validator rejects a dependency cycle (0.137459ms)
✔ the validator rejects a dangling dependency (0.048166ms)
✔ the validator rejects an unknown epic (0.042459ms)
✔ the validator rejects a slice that is not closed (0.127167ms)
✔ the validator distinguishes a forced order from an opinion (0.11125ms)
✔ the evidence check fails when a feature has actually been built (0.116083ms)
✔ FR-2.2: a body is synthesized from a contract alone and formally proved (17.803ms)
✔ Risk R4: an unsatisfiable contract stalls and escalates to a human (8.423917ms)
✔ Risk R4: the iteration budget is a hard ceiling (1.847459ms)
✔ feedback from each stage is structured, not prose (0.950583ms)
✔ the search prefers a provable body over a merely-passing one (5.8795ms)
✔ an unprovable body is still shipped when nothing better exists (0.722208ms)
✔ a capability-using body still has to pass the capability checker (0.677916ms)
✔ FR-2.2: a body that breaks its contract is purged, not patched (4.336167ms)
✔ a purge records why the implementation was removed (2.310125ms)
✔ counterexamples accumulate across attempts (4.902375ms)
✔ binary DAG preserves grouped child identity, aliases, canonical scalar types and AE1 compatibility (14.04125ms)
✔ truncated, corrupted, trailing and noncanonical binary frames reject without any context mutation (4.651334ms)
✔ model framing rejects stale hashes, extra data, invalid versions and malformed AST scalar inputs (1.202916ms)
✔ AE2 escapes dictionary delimiters and controls without reinterpreting AE1 data (1.33025ms)
✔ AE3 preserves the exact full V7 corpus and every AST kind in both opcode profiles (1235.60325ms)
✔ reserved atoms, Unicode, leading-zero opaque IDs and AE1/AE2 archives retain identity (11.343042ms)
✔ edits preserve grouped links, paired labels, optional slots and the immutable base (197.742083ms)
✔ truncation, stale bases, redundant edits, false roots and hostile field counts fail without changing state (15.411166ms)
✔ large edit sets fall back to a complete message without dropping changes (195.42075ms)
✔ snapshot input rejects getters, proxies, dropped fields and oversized inputs before using them (0.599709ms)
✔ AE5 exact-base warm references reconstruct every paid cold declaration (212.052459ms)
✔ AE5 refuses changed, stale, wrong-index, noncanonical and oversized references (52.178458ms)
✔ a fresh receiver process reconstructs the referenced declaration from the paid cold wire (161.632333ms)
✔ every node kind survives an Agent-IR round trip (44.650625ms)
✔ the worked example round-trips exactly (1.157917ms)
✔ a session dictionary is shared and warm messages remain smaller than the cold module (104.251458ms)
✔ FR-1.2: actual tokenizer accounting reproduces the ledger reference without asserting a false target (8.803042ms)
✔ a malformed stream is rejected rather than silently truncated (0.432166ms)
✔ BLAKE3 matches official unkeyed vectors (2.263875ms)
✔ BLAKE3 matches official keyed vectors (0.239416ms)
✔ BLAKE3 matches official derive_key vectors (0.084875ms)
✔ keyed and derive_key are domain-separated from plain hashing (0.106916ms)
✔ extended output (XOF) is a prefix-consistent stream (0.072292ms)
✔ incremental updates equal one-shot hashing across chunk boundaries (2.665375ms)
✔ rejects keys that are not 32 bytes (0.220041ms)
✔ every admitted artifact and shared child resolves to all signed causal links after reopen and GC (756.480125ms)
✔ malformed lineage authority cannot authorize through string substring membership (471.703666ms)
✔ forged signatures, missing intent ancestry and mismatched evidence cannot authorize artifacts (471.5235ms)
✔ spec revisions invalidate every derived artifact, shared node and ancestor without a clear-flag bypass (704.031834ms)
✔ explicit signed reconciliation preserves historical causes while requiring new specification-bound evidence (641.735541ms)
✔ transitive specification parents propagate invalidation through derived clauses (521.905291ms)
✔ fences reject pruning, removed contracts and vacuous proofs from strengthened preconditions (886.253667ms)
✔ strict promotion adapter requires full parent lineage and an explicit fresh precommit checkpoint (885.749167ms)
✔ authority revocation during asynchronous preparation is rechecked before commit (595.908375ms)
✔ specification compare-and-swap rejects stale edits and missing initialized metadata fails closed (346.035833ms)
✔ actual SIGKILL before-state-publish preserves a complete old or new specification epoch (636.25375ms)
✔ actual SIGKILL after-state-publish preserves a complete old or new specification epoch (637.099083ms)
✔ a recomputed journal checksum cannot swap signed evidence or hide shared child lineage (873.900916ms)
✔ an actual concurrent spec editor waits for the strict promotion admission lock (870.529333ms)
✔ external dependency AST content is persisted, pinned and linked to its signed artifact (864.03475ms)
✔ strict adapters are branded and renewed artifact authorization does not erase historical causes (826.987208ms)
✔ typed task state survives restart, preserves AST identity and separates claims from verified evidence (310.518ms)
✔ ACL, compare-and-swap and retention deny unauthorized or stale changes (504.326708ms)
✔ expiry, subject binding and invalidated lineage fail closed (198.033667ms)
✔ asynchronous policy callbacks cannot become accidental authority (238.878167ms)
✔ real signed artifact lineage binds a child-node board and later marks its evidence stale (752.376792ms)
✔ durable AST retains v1 addresses, grouped children, immutable values and dedup across reopen (337.908125ms)
✔ durable path copying preserves sibling hashes and fork writes no AST objects (320.893042ms)
✔ GC preserves committed history, explicit leases and both pending promotion roots (741.327208ms)
✔ promotion commit publishes target and releases pin atomically with generation CAS (459.699959ms)
✔ archives deterministically round-trip bigints and migration preserves old hashes (539.947791ms)
✔ archive hash, duplicate keys, unsupported versions and missing children reject without publication (241.775375ms)
✔ corruption is detected on cached reads/reopen, and live corruption prevents GC deletion (290.937166ms)
✔ persisted resource profile prevents reopen limit changes and rejects excess roots (163.745084ms)
✔ separate processes serialize root CAS; exactly one stale expected update succeeds (439.8635ms)
✔ concurrent process writers and GC retain every published lease and committed root (2152.481625ms)
✔ actual SIGKILL at before-object-publish recovers lock and exposes either complete lease or no lease (306.921417ms)
✔ actual SIGKILL at after-object-publish recovers lock and exposes either complete lease or no lease (333.505291ms)
✔ actual SIGKILL at before-root-publish recovers lock and exposes either complete lease or no lease (370.713833ms)
✔ actual SIGKILL at after-root-publish recovers lock and exposes either complete lease or no lease (408.071709ms)
✔ actual SIGKILL before-gc-delete resumes sweep without losing protected roots (411.063625ms)
✔ actual SIGKILL after-gc-delete resumes sweep without losing protected roots (382.609041ms)
✔ checksummed malicious archives reject incomplete, forged, duplicate and unreachable graphs (192.845459ms)
✔ untrusted input accessors, cycles and node capacity overflow reject before object publication (82.57125ms)
✔ missing root metadata fails closed on reopen instead of resetting GC protection (132.837416ms)
✔ actual SIGKILL commit before-root-publish retains complete old or new root state (379.053542ms)
✔ actual SIGKILL commit after-root-publish retains complete old or new root state (345.759ms)
✔ actual SIGKILL promotion before-root-publish retains complete old or new root state (400.301292ms)
✔ actual SIGKILL promotion after-root-publish retains complete old or new root state (407.818833ms)
✔ retired lease and finalized promotion IDs cannot suffer delayed-release ABA after reopen (515.908166ms)
✔ actual initialization SIGKILL before-init-marker resumes only the empty genesis transaction (287.198792ms)
✔ actual initialization SIGKILL after-init-marker resumes only the empty genesis transaction (264.823708ms)
✔ actual initialization SIGKILL after-profile-publish resumes only the empty genesis transaction (263.736417ms)
✔ actual initialization SIGKILL before-root-publish resumes only the empty genesis transaction (260.307459ms)
✔ actual initialization SIGKILL after-root-publish resumes only the empty genesis transaction (267.4775ms)
✔ actual initialization SIGKILL after-init-seal resumes only the empty genesis transaction (261.221583ms)
✔ actual initialization SIGKILL before-init-clear resumes only the empty genesis transaction (267.88375ms)
✔ actual initialization SIGKILL after-init-clear resumes only the empty genesis transaction (249.799583ms)
✔ initialized stores refuse metadata deletion even with an empty object table (250.955958ms)
✔ initialization marker/profile corruption and object publication cannot be mistaken for empty genesis recovery (582.949709ms)
✔ replayed initialization marker cannot reset established state or recreate deleted roots (256.97725ms)
✔ existing initialized v1 metadata adopts a completion receipt without changing objects or roots (193.101ms)
✔ corrupt completion receipt cannot be silently replaced by legacy adoption (93.922625ms)
✔ interrupted initialization refuses checksummed nonempty root metadata instead of resetting it (187.916375ms)
✔ read-only archive validation shares complete import checks without changing objects, roots or leases (189.416291ms)
✔ Tree-CRDT fractional allocator matches D04 exact rational model and distinguishes concurrent interval edits (12.92875ms)
✔ Tree-CRDT fraction bounds reject noncanonical input and exhaustion before publishing (0.344833ms)
✔ F1/F2: durable lineage queries export a verifiable signed audit (20.442292ms)
✔ F4: property-checked fence evidence requires a durable human approval (23.831375ms)
✔ F5: structural keys are indexed incrementally and survive reopening (25.643291ms)
✔ independent edits on disjoint statements merge cleanly (2.775167ms)
✔ insertions from both agents both survive (0.943791ms)
✔ identical edits by two agents converge instead of conflicting (0.493792ms)
✔ genuinely divergent edits to one expression are reported as a node conflict (0.318667ms)
✔ an untouched subtree of any size costs one pointer comparison (16.0775ms)
✔ a reformat-only change is invisible to the merge (0.378583ms)
✔ A1: graph objects survive process-local store instances (23.916958ms)
✔ A2: named roots resolve immutable commit history (23.077916ms)
✔ A3: provenance records, bindings, and invalidation flags are durable (18.297084ms)
✔ A4: symbol names and allocator progress survive reopening (20.623625ms)
✔ A5/A6: GC keeps named history and fsck validates the repository (27.037416ms)
✔ A7: a packfile recreates objects, commits, and named roots (42.18575ms)
✔ A8: named-root updates use compare-and-swap semantics (25.603667ms)
✔ B6: exact-address imports resolve explicit symbols across modules (74.998667ms)
✔ nested exact-address imports link inside their owning module and execute without hoisting state (4.642458ms)
✔ unused declarative registration retires with independent dispatch proof, unchanged AST and retained source bytes (3842.376042ms)
✔ exported, protected and signed-fenced adapter consumers cannot be retired (3531.8935ms)
✔ active tasks, replay and unstable replication keep every referenced adapter; audit retains history without activating dead code (6004.270583ms)
✔ new retention before publication and unsigned candidate policy refuse advancement (2530.2385ms)
✔ retention publication fence serializes a task pin from another process (1276.845958ms)
✔ altered mapping, incomplete certificate and rehashed dishonest liveness fail independent validation (2011.746125ms)
✔ unresolved/dynamic retained execution and eager lifecycle registration fail closed (1372.825417ms)
✔ consumer validates with proof search physically replaced by a throwing stub (2056.843917ms)
✔ signed registry corruption and established state deletion cannot reset retired mappings (2281.328291ms)
✔ V2 sink retirement proves exact unused registration and rule removal without live mutation (1433.461542ms)
✔ exported, protected, fenced and retained sink consumers cannot retire (6738.656541ms)
✔ changed retention and dishonest liveness or table/rule edits fail independent verification (1181.825333ms)
✔ committed retirement proof remains auditable after later task pins but cannot be reused for a new commit (1250.397541ms)
✔ changed source/candidate roots, epochs and portable proof fail closed (1099.063959ms)
✔ independent verifier checks a portable proof when proof production is unavailable (1083.805083ms)
✔ semantic GC proposes real dead declaration removal and pure wrapper collapse with portable equivalence and unchanged exports/effects/contracts (1545.012625ms)
✔ semantic GC requires signed exact lineage and governor promotion; rollback is a newly authorized reverse operation (5434.426416ms)
✔ semantic GC retains audit/replay/active-task/unstable-replication roots while sweeping actual unprotected garbage (2834.258833ms)
✔ semantic GC refuses relabeled unsafe rewrites and incomplete portable certificates (1949.224708ms)
✔ semantic GC retains signed formal fence symbols/nonempty contracts and accepts only valid fence schemas (1788.527375ms)
✔ semantic GC derives portable Boolean equivalence instead of relying only on integer test examples (1578.593375ms)
✔ semantic GC refuses unsupported nonlinear equivalence without changing the production head (1393.392375ms)
✔ semantic GC revocation during prepared promotion aborts the staged target; no commit is guessed (2654.401917ms)
✔ semantic GC activation recovery follows the committed governor decision and remains idempotent (2700.04875ms)
✔ semantic GC explicit background scheduling emits a durable candidate and stops without production publication (1744.420958ms)
✔ branch profile prunes symbolic/literal unreachable arms, preserves selected scopes/effects and removes newly unreachable declarations from the candidate (2667.765042ms)
✔ legacy forwarder profile keeps branch syntax and cannot reopen a new branch-profile journal (1968.149208ms)
✔ legacy forwarder and flattened-branch proposals remain readable but cannot start new promotions (4516.879ms)
✔ historical branch flattening changes a finite-step sink outcome and is barred from new promotion (3206.993583ms)
✔ fuel-preserving branch profile removes cold If calls but keeps exact reference-runtime effects and quota faults (3709.693708ms)
✔ fuel-preserving Cond profile removes the cold effect expression without moving its guard or chosen arm (2719.25675ms)
✔ branch profile handles Cond expressions and definitely initialized local bindings without flattening blocks (1780.969583ms)
✔ branch pruning does not erase a condition call or its effects even when the callee always returns true (1941.33725ms)
✔ branch pruning does not treat an entry precondition or an earlier assigned value as a permanent branch fact (1546.109333ms)
✔ dead-branch cleanup and inverse rollback require fresh signed F08 authority and retain condition certificates through GC (8799.831875ms)
✔ branch proofs preserve contract and loop annotation identities while pruning a stable condition inside a loop (1474.002625ms)
✔ portable branch proof does not claim a partial division condition is universally total from an entry precondition (1051.630666ms)
✔ branch admission rejects missing/swapped certificates, invalid source sites, wrong-arm code and relabeled condition claims (2016.394083ms)
✔ branch analysis does not assume a local declared in only one syntactic arm is definitely bound (1047.898333ms)
✔ persisted branch witnesses are checked with the portable proof producer replaced by a throwing stub (2477.47575ms)
✔ scalar shim profile retires a non-forwarding arithmetic adapter with a portable total-equivalence certificate (2002.998333ms)
✔ scalar shim comparison handles Boolean conditional adapters that the uniform-branch profile cannot simplify (1588.917208ms)
✔ scalar shim redirection evaluates every original argument once and in order even when parameters are reused or unused (1980.991625ms)
✔ scalar shim retirement is opt-in; the branch-only profile retains non-forwarding adapters (1365.590583ms)
✔ legacy scalar shim proof remains readable but a new quota-changing promotion is refused before preparation (2384.251167ms)
✔ scalar shim comparison refuses unequal, nonempty-frame and call-bearing implementations (5872.428917ms)
✔ V2 call-bearing scalar shim proves a closed helper expansion before redirecting live callers (2377.26125ms)
✔ V2 call-bearing shim keeps a helper with runtime contract checks or partial arithmetic (2830.998667ms)
✔ V2 call-bearing shim refuses to erase an evaluated partial helper argument (1178.333375ms)
✔ scalar shim retirement preserves exports, explicit protection and signed fences even for equivalent bodies (4300.516917ms)
✔ transparent forwarding and general scalar shim proofs compose without target cycles (2211.097709ms)
✔ scalar shim admission rejects missing proofs, changed declaration identity and alternate result code (2017.04425ms)
✔ scalar shim certificates remain independently checkable with proof search disabled (1759.057666ms)
✔ indexed creation computes newly exposed nodes before generation publication and preserves exact AST hashes (406.495459ms)
✔ typed filters enforce declared purity, return type, capability, parent/child and nominal type dependency constraints (427.211459ms)
✔ context/spec/model changes cannot reuse stale vectors; explicit backfill switches complete snapshots (430.887833ms)
✔ failed inference retains old complete generation; finite canonical float32 encoding rejects malformed provider/wire values (551.540083ms)
✔ actual inference/update process SIGKILL at after-embeddings exposes old or complete new index generation (648.656542ms)
✔ actual inference/update process SIGKILL at before-generation-commit exposes old or complete new index generation (630.834167ms)
✔ actual inference/update process SIGKILL at after-generation-commit exposes old or complete new index generation (682.985083ms)
✔ self-consistent sidecar forgery cannot substitute stale structural/input metadata on reopen (318.60375ms)
✔ concurrent backfills serialize publication and reject a stale writer before its inference can overwrite the winner (394.705375ms)
✔ vector capture rejects accessor/proxy/sparse arrays without publishing and safely normalizes finite subnormals and maxima (597.986125ms)
✔ expectedInput binds the current indexed source, input digest and exact vector bytes (380.811167ms)
✔ actual initialization SIGKILL at after-init-marker resumes only the prepared empty index (314.044208ms)
✔ actual initialization SIGKILL at after-init-profile resumes only the prepared empty index (295.452ms)
✔ actual initialization SIGKILL at before-init-head resumes only the prepared empty index (295.799042ms)
✔ actual initialization SIGKILL at rename-before-head resumes only the prepared empty index (305.352125ms)
✔ actual initialization SIGKILL at after-init-head resumes only the prepared empty index (308.799375ms)
✔ actual initialization SIGKILL at after-init-seal resumes only the prepared empty index (305.135042ms)
✔ actual initialization SIGKILL at before-init-clear resumes only the prepared empty index (295.986583ms)
✔ actual initialization SIGKILL at after-init-clear resumes only the prepared empty index (294.899416ms)
✔ completion receipt refuses established-head deletion and replayed initialization markers; legacy adoption never rewrites a head (274.069542ms)
✔ canonical encoding is order-independent and unambiguous (0.517334ms)
✔ hashing is deterministic and content-derived (2.465ms)
✔ grouped child hashing keeps ambiguous shapes distinct (0.342708ms)
✔ FR-1.1: renaming a symbol invalidates no expression hash (1.330959ms)
✔ alpha-equivalent code shares a structural key but not an address (1.089ms)
✔ structural sharing deduplicates repeated subtrees (0.872375ms)
✔ FR-1.1: mutation is a hash-tree update touching only the spine (7.260625ms)
✔ hydrate is the exact inverse of intern (0.368708ms)
✔ record literal field order does not affect identity (0.202208ms)
✔ unknown refs fail loudly rather than returning undefined (0.236708ms)
✔ Tree-CRDT refuses an imported content frame before it can become durable when its AST is absent (929.205125ms)
✔ Tree-CRDT reopens a historically published frame lacking a lease by rebuilding current epoch roots before GC (1012.152584ms)
✔ Tree-CRDT reopen fails closed on a durable frame whose required AST content is missing (1009.562542ms)
✔ Tree-CRDT SIGKILL after inbound frame publication leaves its AST pinned for direct GC and reopened materialization (1178.919ms)
✔ Tree-CRDT materializes actual CAS roots; shared content has independent occurrences and concurrent edits converge (5696.790084ms)
✔ Tree-CRDT suppresses concurrent cycles deterministically and trash deletion remains restorable until certified collection (2053.15425ms)
✔ Tree-CRDT unanimous signed checkpoint reindexes and collects live tombstones without obsolete edit resurrection (3076.708084ms)
✔ Tree-CRDT invalid grouped roles, duplicate scalar children and invalid literal types stay candidates (1009.175625ms)
✔ checkpoint ACK validates full audit closure, canonical cut, exact projection, floor, roster and signatures before writing authority (1392.769459ms)
✔ actual SIGKILL at after-fence preserves durable fencing or certified epoch; same certificate retry is idempotent (2462.853709ms)
✔ actual SIGKILL at checkpoint-prepared preserves durable fencing or certified epoch; same certificate retry is idempotent (3090.314708ms)
✔ actual SIGKILL at checkpoint-committed preserves durable fencing or certified epoch; same certificate retry is idempotent (3025.8985ms)
✔ actual SIGKILL at checkpoint-collected preserves durable fencing or certified epoch; same certificate retry is idempotent (3244.271584ms)
✔ late equivocation and predecessors recompute the candidate deterministically after duplicate and reversed delivery (2101.124792ms)
✔ grouped While children remain distinct and converged semantic failures do not publish a production root (5262.767ms)
✔ repeated certified epochs preserve live identity and clocks while stale archived restores cannot resurrect collected occurrences (5302.677167ms)
✔ missing causal predecessors prevent checkpoint certification and durable fence receipts resist metadata rollback (1311.276375ms)
✔ known post-fence signed extras prevent fresh certification while historical certified cuts remain arrival independent (2061.372709ms)
✔ honest partitioned inserts beyond the occurrence bound converge deterministically and leave deletion/checkpoint repair available (4769.841875ms)
✔ V3 Wasm descriptor binds bytes, fixed read-only semantics and finite resource limits (2.272291ms)
✔ V3 approved Wasm bytes run through a branded isolated adapter and actual durable broker (225.15525ms)
✔ approved exact adapter bytes mint one immutable code-provenance identity (78.891208ms)
✔ changed or malformed source fails before execution; descriptor mismatch cannot mint provenance (0.9215ms)
✔ caller mutation during asynchronous module import cannot relabel admitted source bytes (0.686084ms)
✔ V2 signs an import-free profile and admits local exports with import text in comments and strings (2.078ms)
✔ dependency syntax is refused before either the adapter or imported module can run (2.895666ms)
✔ old V1 identity keeps import-capable behavior only through the explicit legacy admission profile (1.065834ms)
✔ unsupported adapter module syntax fails before top-level execution (0.347792ms)
✔ real witnessed sink settles one fixed charge, signed fence refund, and unknown reservation (5021.526792ms)
✔ one signed commit and one signed fence settle fixed charge and terminal refund (21.908ms)
✔ policy digest is stable on reopen and changes with charge, trust roots and full request inventory (5.376209ms)
✔ outer settlement binds exact request, result, charge, owner and inner receipt (10.839459ms)
✔ witness outage and rollback never authorize charge or refund (4.822625ms)
✔ helper requires the branded witness and exact independently pinned identity (1.432542ms)
✔ direct-ledger alias cannot settle a different signed grant or reservation under the same five-field binding (8.427417ms)
✔ operator budget authority pins a real bridge and exact full requests before host config (133.282541ms)
✔ budgeted grant reference v3 binds host, target, reservation and signed policy without host config (0.882791ms)
✔ V2 sink table and signed V7 policy bind the same complete branded live map (9.605416ms)
✔ V2 sink table refuses forged, unmatched and re-signed registration identities (3.678667ms)
✔ empty V2 table admits only an exact-root module without any Invoke (3.153208ms)
✔ V5 policy binds an idempotent external write to signed deployment, sink and witness context (13.461834ms)
✔ V5 rejects variable targets, changed semantics, malformed context and unsorted rules (6.144333ms)
✔ V5 verification rejects stale or foreign manifests, signer, epoch and signature domains (5.1255ms)
✔ V6 signed dynamic segment selects exactly one tagged argument and preserves fixed rules (13.812333ms)
✔ V6 rejects missing, non-string, unsafe and malformed tagged path arguments (5.818333ms)
✔ V6 policy validates sorted bounded rules, write semantics and independent sink context (5.879709ms)
✔ V6 signatures and manifest binding cannot be substituted by V5 or another signer (4.660666ms)
✔ V7 signs the table digest and preserves V6 dynamic sink rule semantics (12.466041ms)
✔ V7 rejects stale table, AST, epoch, signer and V6 domain substitution (7.290125ms)
✔ V7 empty rules require a checked exact-root module with no Invoke anywhere (14.431875ms)
✔ V7 keeps V6 rule bounds and rejects malformed table identities (3.776583ms)
✔ signed resource policy binds extraction to exact manifest, repository, epoch, and Ed25519 signer (12.165166ms)
✔ v2 signed resource policy binds loader-admitted code bytes and refuses descriptor-only copies (6.195083ms)
✔ v3 policy signs import-free adapter artifact identity with independent signature domain (7.374292ms)
✔ durable revocation and policy epochs prevent old grants regaining authority after restore/restart (217.746083ms)
✔ scope revocation covers descendants and preserves siblings (78.892666ms)
✔ missing or corrupted established epoch state fails closed; interrupted empty initialization recovers (173.183083ms)
✔ v4 isolated SMT path returns exact easy proofs and independently checked counterexamples (138.920333ms)
✔ short v4 deadline kills a child before it can return an unchecked answer (29.941291ms)
✔ an actual hard unsatisfiable query is cancelled without fabricating a proof (132.446958ms)
✔ bounded input validation rejects cycles, accessors, bad scalars and oversized literals before spawning (0.427833ms)
✔ opt-in v4 function verification uses the process cutoff and refuses a wider budget (71.949375ms)
✔ bounded import-free i32 guest executes through an EffectAdapter with exact source identity (147.664417ms)
✔ imports, unbounded/oversized memory and wrong function signature fail at admission (285.121208ms)
✔ memory.grow respects the declared maximum and malicious infinite loop is killed (716.885083ms)
✔ worker rejects forged or tampered IPC identity before running guest code (277.308084ms)
✔ durable broker records child crash as indeterminate, then reconciles pure computation and allows new effect ID (377.302ms)
✔ Wasm preflight rejects invalid i32 before dispatch while valid requests still execute (296.1605ms)
✔ authorization denies before pure preflight; adapters without preflight keep their existing dispatch behavior (124.445667ms)
✔ B1: Result constructors and exhaustive matching execute in both runtimes (2.91625ms)
✔ B2: immutable sequences support index, length, map, and fold (3.51325ms)
✔ B3: closures capture lexical values and carry an explicit capability type (0.886459ms)
✔ B4: generic functions infer and consistently substitute type variables (1.073625ms)
✔ B5: string operations are Unicode-aware and available in both runtimes (0.689584ms)
✔ B7: fixed-width integers enforce wrap, saturate, and trap policies (0.80475ms)
✔ E1/E3: spawned tasks await deterministically and atomic faults roll back writes (0.804791ms)
✔ legacy sealed tokens reject malformed shape, wrong scope and exact expiry (0.830375ms)
✔ legacy opaque scope attenuation cannot mint a different audience or outlive parent (0.290709ms)
✔ invalid trusted clocks fail closed before token issue or verification (0.095708ms)
✔ portable kernel derives complete integer and propositional counterexample coverage (10.01025ms)
✔ portable kernel splits conditional arithmetic and uses exact large signed integers (1.955709ms)
✔ portable kernel rejects altered subjects, missing cases, trust fields and false multipliers (1.403292ms)
✔ portable kernel keeps unsupported theories and resource exhaustion unproved (1.539875ms)
✔ portable raw formula boundary rejects changing goals and malformed nodes without invoking getters or traps (0.290708ms)
✔ portable certificates agree with concrete integer/Boolean evaluation on a varied formula corpus (20.752291ms)
✔ portable formula consumer runs in an isolated process with no producer or solver files (81.343125ms)
✔ independent derivation binds full AST/spec/manifest and produces deterministic checked increment obligations (8.256041ms)
✔ false postconditions remain false under concrete counterexamples and cannot receive certificates (1.235166ms)
✔ both if branches and missing-return paths are represented (3.069458ms)
✔ short-circuit evaluation guards call preconditions on only the evaluated path (3.652875ms)
✔ modular calls bind old input separately from mutable callee post-state parameters (5.251125ms)
✔ loop induction derives initialization, preservation, ranking and postcondition proofs without unrolling (6.283ms)
✔ loop havoc prevents proving exit values from stale pre-loop mutable bindings (1.9845ms)
✔ external declarations are hashed and complete transitive local/external closure is mandatory (3.103125ms)
✔ property clauses, recursion, missing ranking and unsupported heap/fixed-width types stay unproved (2.733958ms)
✔ lexical locals do not escape their block and malformed scalar bindings cannot hide behind certificates (0.511ms)
✔ resource limits tighten only and independent source has no verifier/solver/evidence dependency (0.62275ms)
✔ an assertion is a required proof obligation before its condition may be assumed (0.985875ms)
✔ input accessors, path explosion and aggregate formula budgets reject deterministically (1.137209ms)
✔ certified arithmetic, branching, scoped mutation and loop programs agree with actual reference execution (27.653083ms)
✔ unreachable statements still require lexical binding, scalar sorts and valid assignment targets (3.877375ms)
✔ malformed declaration arrays and unknown AST fields cannot receive portable certificates (0.747125ms)
✔ dead nonlinear arithmetic remains unsupported while constant-factor arithmetic is certified (1.791584ms)
✔ portable bundle round-trips and admits a closed compiled artifact with entry checks retained (18.487542ms)
✔ portable bundle refuses stale execution dimensions, incomplete coverage and exchanged formula proofs (13.47125ms)
✔ portable proof consumer resolves actual dependency bodies and compilation rejects external replacement hooks (10.501583ms)
✔ portable certificates cannot be relabeled for a semantically false edited AST (10.465458ms)
✔ independent AST certificate consumption works with original solver, verifier and producer absent (100.924666ms)
✔ C5: proofs are reused by exact declaration address across processes (11.396084ms)
✔ C6: incremental verification rechecks changed functions and transitive callers only (3.014917ms)
✔ portable certificate proves bounded alias success and exact distinct-reference classification (100.355375ms)
✔ proof cannot authorize a changed selected declaration or a false alias contract (72.162125ms)
✔ proof excludes arbitrary signed i64 and nonterminating or faulting syntax (50.391416ms)
✔ portable range goals refuse a source edit that can overflow signed i64 (53.419125ms)
✔ distinct postcondition admits right = old left + 1 and aborts on right = old left + 100 (1144.834167ms)
✔ actual broker dispatch reserves before sink, charges once, and returns only unused handles across restart (736.903542ms)
✔ declared exhaustion outcome selects a host fallback and never dispatches a second sink operation (648.570083ms)
✔ transactional revocation abort writes terminal evidence before refunding the inflight reservation (583.883625ms)
✔ nontransactional predispatch refusal refunds only after durable broker noncommit (575.853209ms)
✔ missing sink and missing terminal broker decision leave nontransactional funds inflight (355.575292ms)
✔ process death at each terminal refund handoff recovers the exact broker noncommit (3223.645542ms)
✔ sink-committed uncertainty reconciles the same effect without a second dispatch or charge (770.660791ms)
✔ actual replay/shadow/speculative brokers do not call budget hooks, and direct isolated hooks refuse (868.517292ms)
✔ changed request/result and forged bridge journal are refused without billing another effect (498.02075ms)
✔ noncanonical base64 spelling of a valid journal signature is rejected (136.296209ms)
✔ actual SIGKILL at bridge/ledger handoff boundaries preserves reservations and terminal charges (4122.638167ms)
✔ external budget heads restore old local copies and reject same-revision edits (4204.108ms)
✔ budget witness outage refuses read, reserve and fresh reopen (2554.371667ms)
✔ SIGKILL after ledger or bridge witness CAS restores a reservation before retry (6541.507666ms)
✔ SIGKILL after witnessed charge intent or ledger charge never bills twice (7100.572334ms)
✔ signed linear split, transfer and merge preserve all four resource units and invalidate copied inputs (402.206209ms)
✔ reserved/start/consume charges each dimension exactly and returns only unused balance (457.989875ms)
✔ inflight refund requires independently stored terminal noncommit evidence; unknown and timeout claims stay encumbered (310.402792ms)
✔ unused reservation refunds without dispatch; overcharges and forged settlements cannot free funds (314.582416ms)
✔ exhaustion is durable and retry-bound, without consuming or inventing units (315.87725ms)
✔ amount, owner, signature, epoch, cross-ledger and split-conservation violations fail before debit (226.233458ms)
✔ current authority and settlement evidence are rechecked immediately before publication and on retries (313.93475ms)
✔ committed charge persists across actual Aether heap rewind and fresh ledger instances (234.59475ms)
✔ actual process deaths at each initialization publication recover without minting another genesis (794.622542ms)
✔ actual SIGKILL at every mutation publication boundary recovers old-or-new state and exact retry (1982.218417ms)
✔ sink-committed charge survives a death before receipt acknowledgment; retry never bills twice or refunds (712.946ms)
✔ four real processes contending with copied handles cannot double-spend any resource (393.822708ms)
✔ four processes retry one exact intent, while disjoint split reservations remain independently usable (693.355792ms)
✔ signed journal tampering, established deletion and copied authority directories fail closed (182.177458ms)
✔ settlement evidence is checked again after journal preparation; disappearance cannot refund or charge (257.156292ms)
✔ dispatch-start versus unused-reservation cancellation has only one linear winner across processes (460.914167ms)
✔ large exact values and structured effect identities avoid rounding and delimiter collisions (232.104ms)
✔ F3: the operator console persists revocation state and its audit trail (10.378542ms)
✔ v2 grants bind audience, resource, lifetime and policy before dispatch (2.421125ms)
✔ attenuation requires a declared call edge, narrower scope and no longer lifetime (1.540209ms)
✔ forged, revoked, narrowed-scope revoked and stale-policy grants fail before a sink action (0.527541ms)
✔ malformed grants and invalid issuance inputs fail closed (0.269834ms)
✔ propositional reasoning (1.284625ms)
✔ linear arithmetic: valid implications are proved (1.029125ms)
✔ linear arithmetic: invalid implications yield a runnable counterexample (0.234583ms)
✔ integer tightening beats rational reasoning (0.218541ms)
✔ unsatisfiable conjunctions are detected (0.517125ms)
✔ satisfiable systems return a validated model (0.176375ms)
✔ the PRD transfer contract is discharged (0.257375ms)
✔ nonlinear terms are abstracted congruently and stay sound (0.262958ms)
✔ ite is encoded exactly, not abstracted (0.275792ms)
✔ the solver honours its time budget (251.284ms)
✔ SMT-LIB output is a runnable script (0.244708ms)
✔ C1: external SMT fallback is capability-bounded and only trusts proofs (0.374958ms)
✔ C4: uninterpreted applications obey congruence (0.147333ms)
✔ FR-2.1: a business rule parses into mathematical relations (3.53375ms)
✔ FR-2.1: one rule propagates to every layer it names (1.073917ms)
✔ FR-2.1: compiled clauses are verifiable contracts, not documentation (3.564292ms)
✔ FR-1.3: changing a rule invalidates every subtree derived from it (3.570208ms)
✔ an architectural guard from a spec blocks unexplained deletion (1.086333ms)
✔ comments are ignored without shifting clause positions (0.326833ms)
✔ a comment marker inside a string literal is not treated as a comment (0.171ms)
✔ malformed specifications are rejected with a line number (0.274ms)
✔ clock identity binds the operator authority and domain, and cannot be forged structurally (1.7065ms)
✔ grant interval and signed broker deadline use the independent ms clock at exact boundaries (0.347042ms)
✔ each check reads one synchronous independent time and revision sample (0.385667ms)
✔ unavailable, asynchronous and invalid clock sources fail closed (0.696375ms)
✔ time and revision rollback fail closed without accepting the bad sample (0.133958ms)
✔ an already provisioned anchor retains its operator callbacks (0.09425ms)
✔ the worked example type-checks clean (3.590208ms)
✔ FR-2.3: an ungranted capability is a compile error, not a runtime check (0.49925ms)
✔ FR-2.3: authority cannot be escalated across a call (0.370209ms)
✔ FR-2.3: a pure function may not hold capabilities at all (0.235083ms)
✔ a sandboxed envelope grants nothing but pure computation (0.062834ms)
✔ nominal money types do not silently mix with bare integers (0.270708ms)
✔ scaling a dimensioned value by a scalar is allowed; squaring it is not (0.236958ms)
✔ old() and result are rejected outside an ensures clause (0.211166ms)
✔ unknown fields and missing returns are caught with a usable path (0.242791ms)
✔ C8: owned parameters enforce separation at call sites (0.384083ms)
✔ FR-2.2: the PRD transfer contract is discharged formally (6.45825ms)
✔ a broken implementation is refuted with a runnable counterexample (1.792375ms)
✔ frame conditions catch writes the contract did not declare (1.157041ms)
✔ an un-ruled-out aliasing assumption is reported, not hidden (1.233458ms)
✔ loop invariants and a variant are verified without unrolling (3.651375ms)
✔ a loop with a non-decreasing variant is refuted (0.373125ms)
✔ tiered rigor: property clauses never reach the solver (2.638125ms)
✔ NFR 6.2: verification stays inside its per-function budget (3.838292ms)
✔ a callee contract is used modularly at the call site (1.003667ms)
✔ every obligation carries a runnable SMT-LIB script (1.090791ms)
✔ C2: finite sequence length and constant select reduce exactly (0.360459ms)
✔ C3: bounded quantifiers expand into finite proof obligations (12.835833ms)
✔ C9: a monotone loop gets an inferred variant and an opaque loop is delegated (0.637833ms)
✔ R2: the two runtimes agree on every generated case (468.148ms)
✔ R2: a proved clause is elided; an unproved one is kept (13.49725ms)
✔ R2: eliding a proved clause cannot change an observable outcome (1125.328292ms)
✔ R2: a precondition is elided only when every call site proved it (11.69825ms)
✔ R2: security is not telemetry — capabilities survive stripping (4.636834ms)
✔ R2: an ungranted capability fails to compile, not at runtime (0.397375ms)
✔ R2: the stripped artifact is materially faster than the journaling one (36.421125ms)
✔ R2: loop invariants and variants carry no runtime cost (8.522583ms)
✔ R2: the compilation report says exactly what is unchecked and why (8.129167ms)
✔ R2: with no verification result, nothing is elided (1.175542ms)
✔ R2: a contract that does fail still faults in production (7.934458ms)
✔ G4: production telemetry sampling is opt-in and rate bounded (1.283833ms)
✔ F04 integration: both runtimes route effects through durable receipts and idempotent retry (163.948625ms)
✔ F04 integration: replay produces identical transfer state without executing the sink (66.185167ms)
✔ F04 integration: unknown commit remains structured through development, production and host dispatch (236.871292ms)
✔ F04 integration: code identity and isolated fork authority are enforced before dispatch (23.209333ms)
✔ authorized broker recovery rejects altered host arguments before querying sink status (144.053167ms)
✔ independent scalar Tier 2 proof binds the exact executed declaration and runtime profile (128.785667ms)
✔ conservative proof rejects edited body, missing coverage and changed full context (10.886792ms)
✔ Tier 1 faults restore shared aliases and allocator before real Tier 2 execution (281.974625ms)
✔ Tier 1 success bypasses Tier 2; both-tier faults commit only deterministic safe abort (475.999917ms)
✔ missing fallback grants and current revocation never regain authority or publish speculative state (722.188625ms)
✔ argument and exact retry identity validation precede fallback execution (407.931ms)
✔ durable asynchronous repair outbox survives failed delivery and deduplicates by stable event ID (669.332459ms)
✔ real process death before publication restores safe state; committed result is not replayed (1800.234667ms)
✔ signature/contract mismatch, effects/tasks and altered durable state fail closed (112.899542ms)
✔ noncanonical spelling of a valid fallback journal signature is refused (83.786ms)
✔ entry/loop guard exhaustion takes the permitted fallback after restoring writes (234.536083ms)
✔ SIGKILL after repair delivery before acknowledgment redelivers the same durable event ID (597.585375ms)
✔ all declared real-runtime schedules, materialized resources, network faults and out-of-order events survive (181.443084ms)
✔ lost updates fail actual interleavings; shrinking preserves all operations and exact durable replay (293.062625ms)
✔ zero-exclusion admission refuses missing coverage even when all calls succeed (213.134ms)
✔ complete enumeration cannot be silently capped or actor steps excluded on replay (28.318042ms)
✔ seeded failures shrink integer inputs toward a reproducing minimal boundary (113.966875ms)
✔ precondition filtering is explicit failed coverage, never success (200.854875ms)
✔ serialized success bits and mutated reports cannot issue campaign admission (259.746875ms)
✔ persisted counterexample tampering fails and caller manifest changes do not alter admitted profile (332.617042ms)
✔ live/opaque effects fail explicitly instead of inheriting implicit successful Unit dispatch (219.0235ms)
✔ real SIGKILL around immutable report publication leaves complete artifacts and permits safe replay (658.90925ms)
✔ undelivered frames, instruction exhaustion and ambiguous actor identities cannot be hidden (299.451125ms)
✔ FR-3.2: the worked example passes its micro-world suite (60.617541ms)
✔ NFR 6.1: a local module harness completes within 250ms (50.643625ms)
✔ FR-3.2: a broken implementation is rejected, not merely reported (66.321166ms)
✔ counterexamples are shrunk to something an agent can read (30.937583ms)
✔ the frame property catches a clobbered neighbouring field (37.093625ms)
✔ an unbounded loop is caught as a liveness hazard (116.825375ms)
✔ FR-3.2: the aliased case is actually generated (0.912458ms)
✔ an effect outage must surface cleanly, not as a broken postcondition (1.346208ms)
✔ a lost-update race is reported as an advisory, not a rejection (3.235833ms)
✔ NFR 6.2: a reported counterexample replays exactly from its seed (13.897375ms)
✔ generation is boundary-biased and yield is reported honestly (3.533792ms)
✔ shrinking moves strictly towards simpler values (0.093459ms)
✔ E2: systematic schedule exploration enumerates the lost-update interleaving (0.202125ms)
✔ actual fallback AST lowers to native bodies and matches state, aliases and tiers (13432.264417ms)
✔ native snapshot bridge rejects stale refs and malformed direct frames (659.195417ms)
✔ checked record proof changes exact native artifact identity and preserves snapshot outcomes (3378.52ms)
✔ native lowering refuses stale manifests, unadmitted edits and unsupported effects (52.710584ms)
✔ native packed candidate becomes one authorized, replayable correction event (157.377583ms)
✔ stale, altered, unauthorised and identity-changing candidates leave runtime state untouched (209.057834ms)
✔ v2 UTF-8 dictionary round-trips distinct bytes, duplicate values, aliases, and canonical v1 shape (5.348083ms)
✔ string mutation compacts dictionary and rejects oversize or malformed Unicode without changing state (2.652625ms)
✔ dictionary and per-field UTF-8 limits reject excess without partial output (362.359292ms)
✔ v2 rejects wrong offsets, malformed UTF-8, invalid codes, bounds, duplicate dictionary entries, and altered digests (1.964042ms)
✔ seeded 256-row string differential and layout migration preserve logical values (3390.411375ms)
✔ real resumable v2 checkpoint restores strings and aliases; rehashed dictionary tamper fails trusted logical digest (33.824625ms)
✔ bit-packed records round-trip exact values, self-cycles, and two aliases to one target (3.96675ms)
✔ bounds, offset, identity, epoch, padding, kind, and image corruption fail closed (3.986209ms)
✔ constant bounded field uses zero payload bits and refuses any other value (0.337084ms)
✔ bounded arithmetic obeys trap, wrap and saturate without partial mutation (1.118416ms)
✔ new layout migration preserves logical rows; narrow migration rejects out-of-bounds values (1.91425ms)
✔ deterministic 256-row differential preserves random aliases and mutations (37.100833ms)
✔ real resumable runtime checkpoint packs, unpacks, restores, and retains aliases after correction (47.838375ms)
✔ live rewind across committed effects consumes stable broker receipts and never redispatches the sink (353.823708ms)
✔ replay and shadow checkpoints restore the recorded effect prefix without any live adapter invocation (462.187875ms)
✔ actual process death before-effect resumes nested frames/tasks without duplicate effects (491.109917ms)
✔ actual process death after-effect resumes nested frames/tasks without duplicate effects (501.766583ms)
✔ actual process death after-sink-before-receipt resumes nested frames/tasks without duplicate effects (573.41425ms)
✔ actual process death before-event-publish leaves a complete prior or next durable checkpoint (550.336833ms)
✔ actual process death after-event-publish leaves a complete prior or next durable checkpoint (566.580166ms)
✔ actual process death before-checkpoint-publish leaves a complete prior or next durable checkpoint (558.9945ms)
✔ actual process death after-checkpoint-publish leaves a complete prior or next durable checkpoint (595.757333ms)
✔ actual process death before-head-publish leaves a complete prior or next durable checkpoint (576.062542ms)
✔ actual process death after-head-publish leaves a complete prior or next durable checkpoint (569.605417ms)
✔ precommit exception after sink success rolls back machine state and safely retries the durable receipt (209.855292ms)
✔ multiple record allocations keep replay identity after reconciled effects and across live/replay modes (362.358042ms)
✔ resume rechecks trusted host authority and rejects a forged machine effect prefix before moving broker cursor (220.002792ms)
✔ malformed string and duplicate-array capability providers cannot authorize checkpoint execution (5.768375ms)
✔ byte quota refusal after a committed effect preserves a reloadable checkpoint and its reusable receipt (221.466625ms)
✔ fresh isolated runtimes restore buffered intent outcomes and rewind their active buffers without dispatch (86.312792ms)
✔ grant and broker callbacks cannot revoke the host envelope and still reach a live sink (82.937708ms)
✔ non-Unit effect values cannot violate the language Invoke return contract (69.566167ms)
✔ production resumable factory persists active frames and resumes through public checkpoint API (280.66525ms)
✔ nonempty nested frames and a pending task resume from real durable checkpoints with identical state/events (302.530583ms)
✔ rewind restores active frames and registers and deterministically reexecutes the same continuation (133.003625ms)
✔ fresh process opens a mid-call checkpoint with pending task and completes the actual continuation (318.613625ms)
✔ closure captures retain capture-time scopes and shared sequence/result identity through resume (42.711959ms)
✔ record aliases/cycles and native inspection survive rewind and restore (9.481333ms)
✔ post-rewind externally held future references cannot alias divergent new allocations (2.668166ms)
✔ checkpoint validation rejects stale code/schema, corrupt frame PCs and altered inverse events (12.752125ms)
✔ durable checkpoint heads use generation CAS and verify separately persisted event bytes (162.485792ms)
✔ failed host allocations/corrections and precommit exceptions leave no unjournaled state (56.061958ms)
✔ asynchronous correction policy cannot authorize local or heap mutations (10.367417ms)
✔ retained rewind appends checked inverse history and cannot masquerade as version 1 (81.639375ms)
✔ fresh-process replay preserves allocation identity while divergence rejects a held future handle (204.448125ms)
✔ sequence callbacks, Result matching, fixed arithmetic, strings and quantifiers survive intermediate checkpoints (1437.22175ms)
✔ Atomic preserves successful return and restores heap on faults while keeping snapshots valid (59.576209ms)
✔ cumulative checkpoint byte refusal preserves the last complete rewindable safe point (20.647ms)
✔ typed entry/allocation boundaries and serialized generic bindings reject incompatible values (9.82475ms)
✔ step quota options and every reconstructed inverse state are validated before restore (18.633666ms)
✔ nullable generic and checkpoint fields accept only null or their declared value schema (13.7295ms)
✔ normal return commits atomic heap updates in both runtimes while faults restore them (3.856709ms)
✔ the worked example executes and satisfies its contract (0.7635ms)
✔ a violated precondition is a structured fault, not an exception to parse (0.339417ms)
✔ the aliasing case the verifier assumed away is reachable here (0.218125ms)
✔ FR-3.1: execution rewinds to an exact prior state (0.230583ms)
✔ FR-3.1: stepping back N steps lands between two writes (3.96175ms)
✔ NFR 6.1: a checkpoint rollback completes well inside 15ms (3.921ms)
✔ FR-3.1: micro-forks explore candidate repairs independently (1.085416ms)
✔ agents read structured state, never a byte stream (0.697458ms)
✔ a capability the function does not hold is denied at runtime too (0.17975ms)
✔ §5: an operator can revoke a capability without redeploying (0.334ms)
✔ runtime arithmetic agrees with the verifier on truncating division (0.109791ms)
✔ division by zero and the step budget are faults, not hangs (0.44075ms)
✔ a postcondition failure names the clause that broke (0.161458ms)
✔ strict topology direct pure setter denies every malformed, excess and narrowed grant without heap publication (109.043958ms)
✔ strict real worker pure setter denies the same grant matrix before recording or publishing state (1035.654333ms)
✔ D1: the topology host executes functions through their planned unit (8.011333ms)
✔ D2/D3: wire calls require sealed authority and expose partition semantics (4.4845ms)
✔ v2 topology dispatch binds grants to target function, generation and current epoch (7.310667ms)
✔ strict topology dispatch rechecks a grant after the initial boundary check (3.710208ms)
✔ pure state-changing strict topology entry requires a current audience-bound invocation grant (1.02675ms)
✔ strict topology effect callbacks recheck revocation before each sink (2.038584ms)
✔ strict topology closure entry rechecks authority after revocation (2.277583ms)
✔ strict topology router boundary rechecks revocation before the next live adapter (1.918417ms)
✔ durable grant revocation survives restart at a real topology dispatch boundary (122.228084ms)
✔ D4/D5: a quiescent function moves live and host traffic becomes slicer telemetry (5.637334ms)
✔ J4: cross-unit calls execute through isolated per-unit runtimes (0.562875ms)
✔ V4-F01/G1: ledger state, aliases and future calls survive movement and source removal (11.667917ms)
✔ V4-F01/G2: cross-unit nested calls observe the authoritative heap instead of stale duplicates (5.636208ms)
✔ V4-F01/G2: runtime-created records across units use globally coordinated local addresses (1.349708ms)
✔ V4-F01/G2: snapshots preserve cyclic record references and isolate nested containers (4.044583ms)
✔ V4-F01/G3: invalid snapshots fail atomically before replacing the current heap (1.406375ms)
✔ V4-F01/G3: no-op, stale generation, invalid target and prepare failures retain usable state (6.1475ms)
✔ V4-F01/G3: a live effect cannot move an active state domain (2.793542ms)
✔ V4-F01/G3: migration retains edge, isolation, memory and single-writer restrictions (15.476791ms)
✔ V4-F01/G2: map and fold callbacks remain callable after their unit changes (1.683417ms)
✔ V4-F01/G2/G3: cross-unit opaque continuations see current state and block unsafe migration (0.876458ms)
✔ V4-F01/G2: host movement retains nested cyclic and aliased state used by other functions (3.100708ms)
✔ F07 state transfer treats JavaScript prototype names as ordinary record fields (1.161291ms)
✔ native runner validates a complete Tier 2 frame against independent exact-source execution (1145.714834ms)
✔ native runner requires exact Tier 3 rollback and rejects changed artifact and proof identities (1290.297792ms)
✔ native runner refuses symlinked and mismatched artifact bytes before launch (832.803042ms)
✔ V2 runner executes a private copy of digest-pinned bytes and binds an unforgeable native run (524.515792ms)
✔ V10 Deployment postcommit recovery across real controller SIGKILL (12559.181875ms)
ℹ {"crashSignal":"SIGKILL","controllerPid":41727,"servicePids":[41248,41246,41247],"workerPids":[41290],"sinkRevision":"1","effectRevisionBefore":"4","effectRevisionAfter":"5"}
✔ V10 Deployment pre-sink recovery across real controller SIGKILL (7280.578875ms)
ℹ {"crashSignal":"SIGKILL","controllerPid":42109,"servicePids":[42011,42009,42010],"workerPids":[42053],"sinkRevision":"0","effectRevisionBefore":"0","effectRevisionAfter":"0"}
✔ V10 Deployment signed-fence recovery across real controller SIGKILL (12688.147375ms)
ℹ {"crashSignal":"SIGKILL","controllerPid":42323,"servicePids":[42189,42187,42188],"workerPids":[42232],"sinkRevision":"1","effectRevisionBefore":"4","effectRevisionAfter":"5"}
✔ V11 Deployment v11-resource-postcommit recovery across real controller SIGKILL (13520.638208ms)
ℹ {"crashSignal":"SIGKILL","controllerPid":44634,"servicePids":[42522,42520,42521],"workerPids":[42598],"sinkRevision":"1","effectRevisionBefore":"4","effectRevisionAfter":"5"}
✔ V11 Deployment v11-revoked-postcommit recovery across real controller SIGKILL (9717.15675ms)
ℹ {"crashSignal":"SIGKILL","controllerPid":47425,"servicePids":[47303,47301,47302],"workerPids":[47345],"sinkRevision":"1","effectRevisionBefore":"4","effectRevisionAfter":"5"}
✔ V10 and V11 ProcessHost/Deployment pin sink outcomes and target grants across promotion and restart (110994.185958ms)
✔ V12 direct ProcessHost charges one witnessed signed sink commit across retry and reopen (42980.527458ms)
✔ F07 transport: real child processes support nested cross-calls, effects and coherent heap return (311.288916ms)
✔ F07 transport: contracts remain enforced and indeterminate effects preserve recovery IDs (148.906709ms)
✔ F07 transport: C1 references reject opaque, foreign and stale state before import (150.490208ms)
✔ F07 transport: HMAC binds roles, sequences, roots and epochs with bounded framing (2.36525ms)
✔ F07 transport: authenticated-worker tampering and oversized incoming frames terminate without orphans (291.3535ms)
✔ F07 transport: timeout interrupts an actual synchronous worker and EOF rejects pending work (343.983417ms)
✔ F07 transport: killing the actual parent cannot orphan a worker executing an infinite loop (326.405875ms)
✔ strict process deployment carries scoped grants through the production host and sink (2151.869541ms)
✔ process deployment factory serves a signed effect resource policy bound to the admitted artifact (1083.016083ms)
✔ fresh production deployment serves exact loader-admitted adapter bytes under signed v2 policy (7211.221208ms)
✔ default effectful deployment pins independent signer across real sink, candidate and restart (10209.482042ms)
✔ explicit anchored-v4 compatibility reopens old adapter-policy bytes without silent upgrade (4854.075083ms)
✔ anchored promotion binds signer identity and refuses key substitution before activation (18645.927416ms)
✔ F08 process deployment: rejected composition, approved migration/body change and rollback preserve real ledger state (4570.179291ms)
✔ F08 process deployment: forged/stale approvals and changed schemas preserve serving state (1217.48225ms)
✔ F08 process deployment: preparation freezes source calls and postcommit activation failure blocks old-root serving until recovery (1481.538375ms)
✔ F08 process deployment: in-flight source writes drain before preparation and invalidate stale snapshot approval (1262.454416ms)
✔ F08 process deployment: actual coordinator death before/after commit reloads artifacts and follows only durable decision (17193.098167ms)
✔ F08 process deployment: receipt loss after inner durable commit recovers original invocation without another append (3093.805708ms)
✔ F08 process deployment: outer intent without inner execution needs authorized abort, while committed receipt survives observer failure (2034.091125ms)
✔ F08 review: invalid typed allocations and calls are rejected before outer intents and do not wedge the deployment (1940.836458ms)
✔ F08 review: cached receipts and fresh intents recheck revocation after the awaited source snapshot (742.390792ms)
✔ F08 review: recovery freezes strategy and rechecks permission after awaits and before receipt publication (850.254875ms)
✔ asynchronous deployment recovery policy is denied before host recovery or receipt publication (596.132584ms)
✔ F08 review: repeated manifest activation rejects historical ABA handles without changing workers or serving generation (2774.065ms)
✔ deployment cached receipts retain historical capability authority when a later declaration weakens (1084.874ms)
✔ deployment legacy profile adoption is explicit and preserves durable receipts (1271.600791ms)
✔ fresh production deployment requires an independent signer anchor and preserves explicit legacy histories (480.357959ms)
✔ fresh signed deployment refuses unsigned effect services before durable genesis (80.287334ms)
✔ v2 capability history needs explicit legacy adoption and retains settled calls (1111.12975ms)
✔ signed sink commit keeps proved Tier 2 idle across host and fallback reopen (20323.29675ms)
✔ separate controllers recover exact Tier 1 replay after SIGKILL between signed sink commit and fallback publication (16822.196334ms)
✔ signed noncommit fence permits independently proved pure Tier 2 after reconciliation (23179.811875ms)
✔ witness outage around Tier 1 dispatch cannot authorize pure Tier 2 (14945.1295ms)
✔ effectful Tier 1 falls through to independently proved pure Tier 2 after durable noncommit (778.762125ms)
✔ possible Tier 1 external commit blocks the proved conservative tier and preserves its sink count (470.989667ms)
✔ authority loss after host completion suppresses the supervisor receipt at both tiers (979.698917ms)
✔ a cached static abort refuses a later completed host operation under its Tier 2 identity (491.782792ms)
✔ root revocation after Tier 2 host success cannot turn that success into a terminal abort (450.296917ms)
✔ a proved Tier 2 cannot regain revoked invocation authority and an edited certificate is refused (440.430084ms)
✔ proved Tier 2 resumes after actual coordinator SIGKILL at the Tier 1 repair boundary (880.198583ms)
✔ V2 reconciles an already committed Tier 1 effect after SIGKILL and never repeats the sink (1073.297459ms)
✔ V2 starts proved Tier 2 only after the trusted adapter reports definitive noncommit (1206.398458ms)
✔ V2 keeps an unknown post-sink crash blocked and never repeats its external call (939.619083ms)
✔ pre-effect Tier 1 fault uses real ProcessHost Tier 2 and one durable sink call (988.002583ms)
✔ committed Tier 1 effect followed by fault blocks fallback and never duplicates sink (715.386916ms)
✔ both tiers fault before effects and yield deterministic Tier 3 abort (576.323167ms)
✔ a host write at the terminal decision boundary prevents a false safe-state abort (567.028167ms)
✔ host expected heap CAS refuses a stale fallback base (347.958417ms)
✔ a real interleaved host writer prevents Tier 2 from starting from a changed heap (427.816291ms)
✔ repair outbox redelivers stable ID after failed async delivery and detects tamper (797.190791ms)
✔ exact signature and contract mismatch is rejected before journal creation (450.151083ms)
✔ SIGKILL after Tier 1 repair intent resumes Tier 2 with stable IDs (1028.077125ms)
✔ SIGKILL after external commit blocks Tier 2 until exact host replay resolves Tier 1 (1072.764042ms)
✔ SIGKILL after host call intent is recovered only with durable noncommit evidence (1055.110042ms)
✔ SIGKILL at effect request can abort only after the durable pre-dispatch state is inspected (1101.01075ms)
✔ SIGKILL inside the sink leaves dispatch indeterminate and never starts Tier 2 (827.037625ms)
✔ fresh Tier 2 grants are required after Tier 1 fails (392.03275ms)
✔ missing Tier 1 grant is rejected before an operation ID is claimed (636.867291ms)
✔ strict ProcessHost grants bind real worker calls to audience, generation and durable revocation (1446.282375ms)
✔ strict ProcessHost rechecks a grant after effect intent and before the external sink (572.012333ms)
✔ strict pure worker call cannot publish state after invocation grant revocation at final commit (560.984625ms)
✔ strict ProcessHost rejects pre-migration grants after a durable ownership generation change (665.482417ms)
✔ trusted effect resource policy denies a valid grant for the wrong ledger target (673.122375ms)
✔ signed resource policy binds a real process effect to its manifest and current grant epoch (704.294292ms)
✔ signed process policy refuses a changed adapter before dispatch (536.383917ms)
✔ v2 process policy requires the exact loader-admitted adapter bytes before a real sink (668.0635ms)
✔ anchored ProcessHost pins signer key in durable configuration across reopen (786.235791ms)
✔ anchored V3 ProcessHost binds import-free adapter, signer key, epoch and host-config/3 before effects (883.588958ms)
✔ anchored V3 ProcessHost refuses a policy epoch change at effect intent without publishing heap or sink (556.852542ms)
✔ strict scoped grants remain bound through an actual cross-process nested call (611.467333ms)
✔ legacy and strict process profiles reject live closure transfer before external effects (605.204167ms)
✔ F07 coordinator: actual ledger workers preserve state, exact receipts, allocator and migration epochs (1461.80075ms)
✔ F07 coordinator: nested A→B→A passes current heap at every call/effect and preserves aliases (938.435542ms)
✔ F07 coordinator: migration failures obey the durable commit decision and retain both snapshots (1715.051667ms)
✔ F07 coordinator: uncertain calls block migration and only privileged no-effect abort can clear them (1135.184416ms)
✔ F07 coordinator: actual parent death at every migration boundary preserves the decision on same-ID retry (7024.710917ms)
✔ F07 coordinator: actual parent death after sink commit requires real receipt reconciliation and isolated replay (4153.711041ms)
✔ F07 coordinator: concurrent host instances serialize a shared canonical heap (1099.84325ms)
✔ F07 coordinator: seeded cyclic/shared logical references survive a real-worker migration from generation zero (1487.011791ms)
✔ F07 coordinator: effect dispatch rechecks invocation expiry and journal corruption cannot invent outcomes (502.254792ms)
✔ F07 coordinator: two actual parent processes retry one operation without a duplicate sink commit (1837.105417ms)
✔ F07 coordinator: an actual worker timeout remains indeterminate until privileged safe abort (1258.526542ms)
✔ F07 coordinator: mutable caller objects cannot change queued intent or authorized recovery strategy (1264.262083ms)
✔ F07 coordinator: caller operation IDs cannot collide with another call boundary path (863.397583ms)
✔ F07 coordinator: revoked recovery authorization cannot publish a safe abort or replay result (1098.668834ms)
✔ asynchronous recovery policy cannot publish an abort or replay (414.231333ms)
✔ F07 coordinator: current state is bound to retained transition receipts, including against old snapshot substitution (451.416959ms)
✔ F07 coordinator: real workers enforce declared argument/result types and sound scalar generics (420.876417ms)
✔ witnessed native fallback publishes the proved alias result and survives reopen (4175.4655ms)
✔ distinct-reference native Tier 3 abort preserves the exact host source state (3350.300875ms)
✔ native grants fail before intent and revocation at publication retains recoverable source (5511.497125ms)
✔ substituted executable leaves a witnessed native intent unresolved until exact bytes return (3424.197583ms)
✔ controller close at native intent, launch or publication cannot commit a result (12010.917625ms)
✔ witnessed v5 reopen rejects malformed empty checkpoint extension fields (4715.826417ms)
✔ native publication waits for the host witness and recovers after service restart (4722.679167ms)
✔ fresh controller recovers a witnessed native intent after SIGKILL before publication (5594.108291ms)
✔ fresh controller reads the one committed native decision after postcommit SIGKILL (4905.068875ms)
✔ exact native fallback consumes real ProcessHost state and matches durable tier decisions (2604.255167ms)
✔ actual native packed candidate is one durable ProcessHost control across retry, reopen and publication (14532.571875ms)
✔ packed control survives real controller SIGKILL before and after durable decision (24426.731958ms)
✔ checkpoint lease preserves nonempty frames/tasks and publishes state to actual production workers (10516.489791ms)
✔ stale production generations reject while explicit fresh epoch mapping preserves the same allocation (10282.579917ms)
✔ checkpoint publication requires current grants, exact origin and engine-produced progression (1007.517584ms)
✔ leased effects use the durable private C1 view, reconcile unknown outcomes and publish exactly once (13241.705667ms)
✔ checkpoint policy requires literal true and publication rechecks policy after preparation (9045.424958ms)
✔ typed local and heap controls survive restart, retain audit, and resume without rebuilding workers (15743.961458ms)
✔ correction policies reject Promise grants and revocation at the durable publication boundary (1045.299333ms)
✔ durable rewind debt replays committed effects without redispatch and blocks divergent corrections (41766.604667ms)
✔ fresh controllers recover SIGKILL at checkpoint, effect receipt and publication boundaries (131930.486459ms)
✔ host-bound semantic retention pins exact task/replay roots before checkpoint publication and survives direct collection and reopen (7452.310291ms)
✔ host-bound retention rejects removed marker, missing AST root and wrong authority on reopen (5895.1795ms)
✔ retention loss at the host publication phase blocks the durable heap decision (6031.16225ms)
✔ controller death before pin and after checkpoint decision preserves the correct AST/lease ordering (13786.273625ms)
✔ V12 witnessed sink retirement survives controller SIGKILL before durable promotion commit (30510.716834ms)
ℹ {"boundary":"before","controllerCrash":"SIGKILL","services":[15371,15369,15826],"candidateWorkerPids":[15627,15718],"deploymentWitnessRevision":"6","sinkRevision":"1"}
✔ V12 witnessed sink retirement survives controller SIGKILL after durable promotion commit (47187.205292ms)
ℹ {"boundary":"after","controllerCrash":"SIGKILL","services":[18808,18687,21545],"candidateWorkerPids":[20744,20833],"deploymentWitnessRevision":"8","sinkRevision":"2"}
✔ V12 semantic deployment artifact and effect plan preserve exact V1/V2 domains (1908.6725ms)
✔ V12 witnessed deployment retires one dead signed sink, preserves live dispatch and old receipt (23805.148875ms)
✔ V12 commit fence rejects a new active-task pin after candidate preparation (6460.529458ms)
✔ V12 rejects semantic checkpoint custody smuggled through a reloadable factory (1912.733ms)
✔ typed process boundary enforces primitive values, exact arity and return type (3.452958ms)
✔ typed process boundary checks all IntN ranges and nominal representations without coercion (2.799791ms)
✔ typed process records validate required fields and preserve bounded cyclic/extra data (0.645458ms)
✔ typed allocation rejects missing/extra fields, inherited keys and wrong field values (0.383708ms)
✔ scalar and sequence type variables infer consistently and constrain returned values (1.75925ms)
✔ Result active variants and nested generic fields preserve independent bindings (0.845541ms)
✔ Owned requires separation of reachable graphs, including hidden aliases and sequences (0.997459ms)
✔ unsupported opaque values and excessive type nesting fail explicitly (0.374209ms)
✔ independent V7 clock refuses frozen-factory grant expiry and signed deadline before guest dispatch (3186.424792ms)
✔ V9 independent witness preserves a committed guest effect across controller SIGKILL and fresh reconciliation (8116.763542ms)
ℹ {"crashSignal":"SIGKILL","phases":[{"controllerPid":26539,"phase":"call-intent","operationId":"crash-v9","generation":"1"},{"controllerPid":26539,"phase":"effect-requested","operationId":"crash-v9","generation":"1"},{"controllerPid":26539,"phase":"effect-recorded","operationId":"crash-v9","generation":"1"}],"guestDispatches":[{"controllerPid":26539,"mode":"crash","requestDigest":"aether.effect/1:b3:49512301c116aca2da720f6a463e5eb050bdb9d335fd9f17bc1e82d2b53e0d5a"}],"brokerWitnessRevision":"5","brokerWitnessJournal":"{\"clockDomain\":\"controller-crash-clock/1\",\"format\":\"aether.effect-journal/2\",\"records\":[{\"adapterId\":\"controller-crash/1\",\"adapterSemanticsDigest\":\"aether.effect-adapter/1:b3:ecbef9efb2de242f6855b3c767a921eb65f17cb8ceb3931cb881741b5bfacec4\",\"dispatchStarted\":true,\"format\":\"aether.effect-event/1\",\"observedAt\":\"100\",\"outcome\":{\"receiptDigest\":\"aether.effect-receipt/1:b3:e48e1b9ab614c7ad0b89f3f4c3be841571162a07a1be7b0b3ee0497bf7fed7e3\",\"state\":\"committed\",\"value\":{\"tag\":\"int\",\"value\":\"8\"}},\"prepared\":null,\"recordedAt\":\"100\",\"request\":{\"branchId\":null,\"budgetReservationId\":null,\"capabilityGrantRef\":\"aether.process-effect-grant-ref/1:b3:f4e387b35c7932df9a602a8c85d4fe425cf4ec5413c57c56b5508aabe175dfcf\",\"deadline\":\"1000\",\"effectId\":\"operation-0\",\"executionId\":\"aether.process-boundary/1:b3:6fb401918bd1759bc8b772592a1c353dfdfa73f29c5e208aa43a3bbd3b744447\",\"executionManifest\":\"aether.execution/1:b3:6846de7d7a27376a02f29c4dfde9594e9bc137184aaba3d239d6b98590dbb095\",\"format\":\"aether.effect/1\",\"payload\":{\"items\":[{\"tag\":\"string\",\"value\":\"cap:test:controller_crash\"},{\"tag\":\"int\",\"value\":\"7\"}],\"tag\":\"sequence\"},\"payloadDigest\":\"aether.effect-payload/1:b3:ad62bf3a65955ddc0155ab37acec9a8cef1e011eedfaa43e69841f1350102b4e\",\"policyEpoch\":\"0\"},\"requestDigest\":\"aether.effect/1:b3:49512301c116aca2da720f6a463e5eb050bdb9d335fd9f17bc1e82d2b53e0d5a\",\"sequence\":\"0\",\"state\":\"committed\",\"transitions\":[{\"dispatchStarted\":false,\"state\":\"requested\",\"time\":\"100\"},{\"dispatchStarted\":false,\"state\":\"reserved\",\"time\":\"100\"},{\"dispatchStarted\":false,\"state\":\"prepared\",\"time\":\"100\"},{\"dispatchStarted\":true,\"state\":\"prepared\",\"time\":\"100\"},{\"dispatchStarted\":true,\"state\":\"committed\",\"time\":\"100\"}]}],\"revision\":\"5\",\"witnessDigest\":\"aether.effect-journal-witness/2:b3:a205f4cca2ad50e1a29ad51d8d8868e239382f0c22d7fa5703a4e6b7110ea8fa\"}","recovered":{"execution":{"ok":true,"steps":0,"value":{"tag":"int","value":"7"}},"generation":"1","operationId":"crash-v9","state":"completed","unit":"worker"}}
✔ opt-in v6 deployment persists an anchored Wasm-only policy through actual process calls and reopen (4135.06975ms)
✔ anchored V4 ProcessHost runs exact isolated Wasm through a real worker and durable broker (4499.60475ms)
✔ V9 host and deployment use peer-checked external witness across service SIGKILL without redispatch (15658.231834ms)
✔ V9 protects complete host and broker history across real Wasm calls, promotion and reopen (4585.615083ms)
✔ V8 pins operator witness through real Wasm host, deployment, promotion and reopen (2836.005125ms)
✔ strict deployment requires signed genesis, exact evidence and causal parent linkage for real ledger promotion/rollback (5393.444334ms)
✔ strict serving invalidates on transitive specification revision and signed repair can replace the quiescent stale source (3706.579791ms)
✔ strict precommit checkpoint catches author revocation during prepare and aborts isolated candidate workers (3099.966708ms)
✔ strict actual-process crash recovery follows commit even if specification invalidation blocks serving (10471.411625ms)
✔ strict live invalidation blocks the next effect and privileged historical recovery creates no live append (2217.270666ms)
✔ strict readiness preserves malformed authority errors instead of presenting ordinary invalidation (1753.175542ms)
✔ surfaces are found with the path needed to rewrite them (5.938916ms)
✔ a domain enumerates exactly what the author allowed (2.352041ms)
✔ FR-4.2: tuning descends a measured objective it cannot see into (2.360667ms)
✔ the evaluation budget is a hard ceiling, because measurements cost traffic (1.957041ms)
✔ a gradient is recorded for range surfaces and not invented for choices (2.016375ms)
✔ FR-4.2: applying a tuning rewrites parameters and nothing else (5.447708ms)
✔ a tuned module still verifies and still passes its micro-worlds (73.421333ms)
✔ an objective with no better configuration converges without changing anything (1.753333ms)
✔ the tuner optimizes each surface for the objective it declares (1.497666ms)
✔ the call graph is read from the code, not from configuration (2.481625ms)
✔ FR-4.1: heavy interconnect is recombined into one in-process domain (0.875125ms)
✔ the same graph compiles to different shapes with different prices (0.57875ms)
✔ capabilities decide placement, without an annotation saying so (0.274333ms)
✔ a footprint limit blocks a merge the traffic would otherwise justify (0.308042ms)
✔ an isolated capability is never co-located (0.208584ms)
✔ transport glue is derived, and forwards the capability envelope (0.310292ms)
✔ a plan renders to something a human can review (0.23475ms)
✔ E4: concurrency findings become single-writer placement constraints (0.2435ms)
✔ G3: the production tokenizer uses real cl100k BPE tables (93.831958ms)
✔ v4 plan exactly covers the preserved functional requirements and source digest (9.912458ms)
✔ v4 document version and generated tracker cannot drift (3.5235ms)
✔ v4 first slice is ordered and closes its dependencies; waves respect every edge (0.2535ms)
✔ v4 validator rejects cycles, dangling edges, unknown coverage and duplicate identities (1.733459ms)
✔ v4 validator rejects lost delivery ownership, missing release closure and unexplained blockers (1.037959ms)
✔ v4 completion requires exact-version evidence for every gate and all dependencies (2.216459ms)
✔ v4 ordering fails loudly if it cannot make progress (0.212292ms)
ℹ tests 1048
ℹ suites 0
ℹ pass 1047
ℹ fail 0
ℹ cancelled 0
ℹ skipped 1
ℹ todo 0
ℹ duration_ms 1425079.432042
