
> @ghostlygawd/aether@0.1.0 pretest
> npm run build


> @ghostlygawd/aether@0.1.0 build
> tsc -p tsconfig.json && node scripts/copy-native-fallback-driver.mjs


> @ghostlygawd/aether@0.1.0 test
> node --test --test-concurrency=1 --experimental-strip-types "test/**/*.test.ts"

✔ G1: agent protocol frames survive arbitrary stream chunking (19.776458ms)
✔ G2: durable leases exclude competing agents and expire (31.3065ms)
✔ J3: abandoned filesystem locks are recovered after the stale threshold (1.138584ms)
✔ independent benchmark reader recounts complete messages, target rows and current source bytes (535.789875ms)
✔ verifier refuses altered verdicts, thresholds, raw messages, source list and noncanonical JSON (1903.656708ms)
✔ source commit substitution cannot pass exact-source verification (444.921083ms)
✔ changed hardware diagnostics cannot pass exact-source verification (449.748541ms)
✔ V4-F02: corpus aggregation divides summed actual counts, not averaged ratios (0.646625ms)
✔ V4-F02: real-tokenizer corpus includes cold dictionaries and complete warm message framing (97.789459ms)
✔ V4-F02: full-session arithmetic includes failed attempts, repairs, responses and dictionary deltas (17.450708ms)
✔ V4-F02: enforcement rejects misses, unmeasured, inconclusive, deleted, duplicated and fabricated pass rows (0.322916ms)
✔ V4-F02: measurement CLI succeeds while enforcement fails and emits reproducible bound evidence (833.280292ms)
✔ V3 retains an exact signed receipt and rechecks it on cached dispatch, inspect, reconcile, and replay (138.368459ms)
✔ V3 crash after sink success is indeterminate until receipt-backed read-only reconciliation (104.26325ms)
✔ V3 will not certify a forged sink commit or reuse an unsigned structural adapter (77.730625ms)
✔ legacy brokers refuse an attested sink adapter before any durable intent or sink call (0.664584ms)
✔ V3 verifies a signed durable noncommit fence before terminal abort (85.301084ms)
✔ V3 rejects forged witnessed cached records, missing signed proof, V1 witness, and downgrade (90.339375ms)
✔ trusted wrapper accepts exact signed commit, pins copied identity, and exposes a detached proof (7.551292ms)
✔ forged, mismatched, stale, and contradictory signed responses never yield a committed value (8.862208ms)
✔ reconciliation reports noncommit only from a signed terminal fence; uncertainty stays unknown (2.210833ms)
✔ broker keeps transport failure indeterminate and releases it only after signed fence (102.579417ms)
✔ V4 broker withholds a valid sink signature until the independent sink head retains it (125.102125ms)
✔ signed sink receipt reconciles a real postcommit controller SIGKILL without another external decision (2475.969875ms)
✔ V4 broker requires independent sink head across real postcommit controller SIGKILL and replay (4703.623542ms)
✔ operator process commits exactly once and retains identical signed receipt after SIGKILL/restart (655.183458ms)
✔ near-limit accepted payload retains a recoverable signed response after restart (416.823667ms)
✔ status makes a durable signed noncommit fence that permanently refuses execute (384.077833ms)
✔ lost wire response remains a committed decision; wrong auth and forged stored receipt fail closed (332.47575ms)
✔ CLI refuses a group-readable signing key before opening the sink (89.233333ms)
✔ separate sink witness restores deleted/older local state and fails closed on outage or equivocation (2726.033584ms)
✔ V5 predispatch denial holds funds until an exact signed witnessed noncommit fence (1175.235583ms)
✔ V5 recovers a reserve that reached the bridge before broker publication (838.101125ms)
✔ V5 keeps funds encumbered when the bridge loses its reserve receipt (812.387583ms)
✔ V5 router pins operator bridge, grant and full recorded reservation identity (688.484958ms)
✔ V5 witness outage leaves an authorized reservation encumbered (598.96ms)
✔ V5 predispatch status can only charge an exact signed witnessed commit once (1074.430416ms)
✔ V5 rejects forged budget hooks and exact bridge substitution (1134.157084ms)
✔ V5 cached commits fail closed on local or witness rollback of bridge and ledger (3503.924458ms)
✔ deployment witness pins operator and namespace with exact durable CAS bytes (2.832209ms)
✔ deployment witness rejects stale writers, rollback and same-revision equivocation (0.608ms)
✔ deployment witness rejects incomplete, wrong-revision, wrong-identity and noncanonical journals before CAS (3.089958ms)
✔ deployment witness rejects false CAS acknowledgments and can recover a lost response (1.375ms)
✔ deployment witness rejects malformed source heads (0.293833ms)
✔ deployment witness admits exact /10 sink identity and retains canonical CAS bytes (1.195959ms)
✔ deployment witness rejects malformed /10 sink fields and profile before CAS (1.293209ms)
✔ deployment witness forbids sink identity drift and /9↔/10 switch before CAS (2.315125ms)
✔ deployment witness admits exact /11 resource-scoped sink journal and durable CAS bytes (0.641041ms)
✔ deployment witness rejects malformed /11 sink fields, namespace, and profile before CAS (0.544459ms)
✔ deployment witness prevents /11 sink identity changes and cross-version adoption before CAS (2.634917ms)
✔ namespaced V2 identities bind deployment and operation, while V1 bytes remain stable (2.32225ms)
✔ V2 catalog rejects V1, wrong deployment, operation, authority, repository, and clock (0.613458ms)
✔ V2 catalog pins the selected object for its lifetime (0.135375ms)
✔ V1 and V2 require a retained head after a falsely successful CAS response (0.159792ms)
✔ broker accepts V2 and rejects a head aliased across deployment namespaces (10.29325ms)
✔ V2 witnessed broker refuses recomputed local terminal receipts and restores deleted/older files (185.978459ms)
✔ uncertain witness response after pre-sink marker never dispatches and reopens from witnessed state (102.3285ms)
✔ same-anchor witness rollback and local V1 adoption fail closed (79.463708ms)
✔ isolated replay prefix rewind/resume checks complete ordered request/outcome bindings without callbacks (135.191791ms)
✔ isolated buffer restoration is atomic, preserves historical identities and never grants live authority (3.447416ms)
✔ F04/G2 request IDs and durable receipts survive reopening; identical retries never reexecute (98.527291ms)
✔ cached committed receipts never call current cleanup policy or release a budget (94.954584ms)
✔ F04/G2 changed payload, manifest, policy, grant, deadline and reservation cannot reuse a live effect ID (269.993667ms)
✔ F04/G1 replay consumes exact ordered outcomes, with no live adapter or current-policy callbacks (183.9525ms)
✔ F04/G1 shadow and speculative writes buffer branch intents without production adapters or grants (5.544375ms)
✔ F04 isolated branch intents require explicit selected-branch admission before live dispatch (114.4565ms)
✔ F04 denial, stale revocation, deadline and cancellation occur before the irreversible sink (210.273625ms)
✔ F04 final authorization checks catch revocation during durable dispatch preparation (79.460458ms)
✔ F04 cancellation after the sink acts preserves its committed charge and receipt (81.238333ms)
✔ F04 budget exhaustion selects refusal; retries and speculative forks cannot repeat charges (161.1915ms)
✔ F04/G3 receipt-store failure after sink success returns indeterminate and reconciles without redispatch (157.96775ms)
✔ F04/G3 actual process death after durable sink commit retains an uncertain dispatch until reconciliation (267.456916ms)
✔ F04/G3 unknown non-idempotent effects are never blindly retried or reported as aborted (144.332542ms)
✔ F04 live lock owner cannot be taken over; malformed requests and corrupt receipts fail before dispatch (134.888583ms)
✔ F04 transactional prepare commits once, and abandoned preparations recover without a sink commit (211.413208ms)
✔ F04 separate recovery authority reconciles a committed charge after original grant revocation (174.791542ms)
✔ F04 concurrent processes share a durable reservation hook without overspending its final unit (223.865583ms)
✔ F04 corrupt dispatch markers, illegal histories and recovery identities cannot cause false abort/refund (211.205ms)
✔ F04 process crashes at every ticket publication/release boundary recover without incomplete lock owners (711.954583ms)
✔ F04 recovery process crashes cannot orphan a recovery mutex or release a later writer ticket (500.773542ms)
✔ F04 retained ticket quotas and legacy lock layouts fail explicitly instead of recycling identities (63.797083ms)
✔ F04 concurrent broker processes serialize one shared journal without overlapping sink entry (517.720458ms)
✔ v2 evidence policy binds hard SMT profile to exact manifest and reverified peer evidence (147.008166ms)
✔ F06 compiler admission consumes branded evidence and preserves every external precondition (15.622583ms)
✔ F06 compiler admission retains property-classified postconditions (5.00475ms)
✔ F06: actual local solver evidence is bound, immutable and distinguishable from peer claims (7.141917ms)
✔ F06/G1: every execution-subject field invalidates old evidence (7.24925ms)
✔ F06/G1: actual transitive external dependency content is resolved and pinned (2.278792ms)
✔ F06/G2: malformed, truncated, duplicate, hidden-assumption and forged evidence fails closed (12.70875ms)
✔ F06/G2: unchecked caller preconditions and absent frame contracts do not mint evidence (3.64825ms)
✔ F06/G3: property classification remains delegated and never becomes formal proof (3.644666ms)
✔ F06: modeled ledger record transitions and formal loops are accepted with property clauses retained (19.622375ms)
✔ F06: actual verifier alias assumptions remain explicit and cannot authorize evidence (2.063333ms)
✔ F06: type and capability validation precede proof admission (0.670583ms)
✔ F06/G2: actual exhausted solver budgets and truncated branch exploration cannot mint evidence (47.428ms)
✔ F06: concrete nested-alias verifier gap is rejected before a false proof can authorize elision (1.16825ms)
✔ v5 host witness retains native fallback binding, before snapshot, state and terminal result across service restart (2248.414708ms)
✔ host witness pins operator, repository and stable host identity, with exact CAS bytes (1.853542ms)
✔ host witness rejects stale writers, rollback and same-revision equivocation (0.355625ms)
✔ host witness refuses malformed, noncanonical and oversized heads before advancing (0.998417ms)
✔ host witness refuses false CAS acknowledgments and can reread after a lost response (0.615375ms)
✔ host witness rejects malformed source objects and accepts prior canonical host formats (0.23375ms)
✔ host catalog pins an operator namespace and one witness object per stable host (0.314792ms)
✔ F03/G1 v1 AST and commit addresses remain unchanged across metadata observation and reopen (28.031875ms)
✔ F03/G2 execution manifest binds every execution context component and sorts complete dependency closure (2.913625ms)
✔ F03/G2 metadata is content-bound independently and domains cannot be relabeled (0.212292ms)
✔ F03/G3 tagged wire values preserve bigint, Unicode and reference identity without numeric coercion (0.510666ms)
✔ F03/G3 malformed values, duplicate map keys and unsupported versions are rejected (1.234125ms)
✔ F03/G3 schema resource limits reject byte, decompressed, depth, count and integer excess (0.348792ms)
✔ F03/G3 state envelopes preserve cycles and shared IDs and reject malformed object tables (1.790125ms)
✔ canonical identity rejects proxy-backed mutable data without executing traps (0.082958ms)
✔ F07 async journal ownership survives awaits and does not block response delivery (87.037667ms)
✔ F08 core: exact governor-approved subject commits and filesystem activation is idempotent (182.825ms)
✔ F08 core: individually valid literal edits fail when their composed root violates a+b >= 18 (78.309084ms)
✔ F08 core: forged signatures, changed effect/migration context and stale policy/expiration cannot authorize (634.548708ms)
✔ F08 core: failed prepare, cross-subject handles and policy changes during prepare preserve old state (450.226917ms)
✔ F08 core: activation failure after commit blocks serving and recovers the committed new target (277.054583ms)
✔ F08 core: two coordinator instances racing the same parent commit at most one candidate (241.531959ms)
✔ F08 core: malformed approvals are rejected before mutation and corrupt readiness/history fails closed (160.486791ms)
✔ F08 core: real process death at each durable phase recovers before/after the commit boundary (1604.671334ms)
✔ admission profiles: strict lineage is the default and baseline is explicit and durable (219.549833ms)
✔ admission profiles: explicit legacy adoption validates and preserves exact signed history (248.869833ms)
✔ admission profiles: malformed legacy identity or approval refuses migration without rewriting bytes (242.743167ms)
✔ independent signatures form an exact-root, heterogeneous commit certificate (11.734542ms)
✔ forgery, wrong signer, phase, root, policy and epoch cannot authorize promotion (10.208417ms)
✔ enrollment refuses one-family dominance, duplicate keys and too few validators (1.05475ms)
✔ one equivocating validator cannot reach two conflicting three-of-four certificates from disjoint honest votes (5.453833ms)
✔ three durable honest phases decide one ordered branch and new-view selects its highest prepare QC (5564.006625ms)
✔ a signed block cannot skip the exact candidate manifest of its parent (237.584875ms)
✔ restart and a second controller cannot double-vote or skip a locking phase (1808.591333ms)
✔ withheld votes stop decisions; increasing local timeouts rotate leader without releasing locks (2768.184209ms)
✔ a delayed validator requires checked ancestry and later decides the missing committed prefix in order (4408.4035ms)
✔ authenticated new-view reports reject stale context, wrong QC phase and equivocation (3183.663083ms)
✔ two real controllers racing one validator identity durably publish only one competing vote (852.203709ms)
✔ bounded state refuses exhaustion and rechecks historical phase logic even with a recomputed checksum (774.672708ms)
✔ a locked validator rejects a conflicting stale justification even if the leader signs it (1901.328375ms)
✔ literal application validity and malformed clock or journal state fail before voting (792.062084ms)
✔ real controller death before/after vote persistence cannot acknowledge an equivocation on restart (1627.496125ms)
✔ unaudited research checker independently verifies all 40 Rust-generated group and authenticated share transcripts (1220.6905ms)
✔ group-signature-only and claimed family labels cannot replace enrolled participation attestations (36.079791ms)
✔ exact proposal, epoch, policy, phase, view, parent, expiry and enrollment bindings cannot be replayed (4.035333ms)
✔ authenticated cancelling false shares reject even when their sum and OpenSSL group signature remain valid (24.684167ms)
✔ duplicate, stale, malformed scalar and non-prime-subgroup public contributions are rejected (102.857875ms)
✔ enrollment cannot substitute mixed verifying shares or one-family/one-role membership (13.01375ms)
✔ research replay ledger rejects duplicates atomically and cannot imply durable replay protection (119.979542ms)
﹣ pinned FROST 3.0.0 independently cross-checks valid, cancelling, changed and malformed public shares (0.049083ms) # SKIP
✔ durable vote admission survives restart and never counts one signer twice (185.517375ms)
✔ equivocation is retained and quarantines the signer slot without hiding an honest quorum (223.335416ms)
✔ foreign or corrupted votes fail closed and missing established state cannot reset history (117.357333ms)
✔ an interrupted empty journal initialization resumes only behind its marker (68.160667ms)
✔ V4-F05: signed durable ingestion is idempotent, keeps occurrence identity distinct, and restores sequence after restart (368.964167ms)
✔ V4-F05: missing causal predecessors remain pending and become ready after dependency delivery (281.979041ms)
✔ V4-F05: validly signed operation-ID equivocation and descendants are quarantined in every arrival order (522.894416ms)
✔ V4-F05: signatures, hashes, versions, epochs, schema/resource limits and invalid clocks cannot admit operations (268.229292ms)
✔ V4-F05: concurrent processes sharing an author journal publish distinct complete sequence records (221.123208ms)
✔ V4-F05: process exit after durable author publication never reuses an operation ID (174.6845ms)
✔ V4-F05: ingestion failures distinguish unpublished bytes from durable commit recovered after process exit (247.125166ms)
✔ V4-F05: deterministic harness exercises reorder, duplicate, drop, partition, missing-peer requests and restart (311.510625ms)
✔ V4-F05: concurrent count/byte admission and author-ingest races cannot overfill a journal (1078.680125ms)
✔ V4-F05: exact duplicate delivery needs no extra ticket after admission quota exhaustion (124.224125ms)
✔ T1-06 author identity builder fails before sequence publication and preserves its checkpoint clock floor on restart (259.606916ms)
✔ T1-06 author identity builders in concurrent processes receive distinct durable operation IDs (276.3605ms)
✔ signed sink commit binds exact request, payload, approved adapter and committed value (3.813375ms)
✔ signed terminal fence has no committed value or commit ID (1.444875ms)
✔ forgery, signed-field alteration, wrong key and signer mismatch are refused (5.160667ms)
✔ valid signature cannot be replayed into a different operation, repository, deployment, policy or value (2.794167ms)
✔ even a valid sink signature must agree with independently supplied request and grant context (2.218083ms)
✔ malformed, oversized, accessor and noncanonical receipt or anchor objects fail closed (1.022833ms)
✔ sink witness binds operator, exact anchor and adapter; advances one signed decision per revision (10.057667ms)
✔ sink witness rejects stale writers, rollback and same-revision equivocation (3.2335ms)
✔ sink witness adopts an existing matching head but rejects a changed anchor or adapter at startup (1.661583ms)
✔ sink witness refuses changed identity, wrong revision/count, invalid rows and noncanonical bytes before CAS (5.227875ms)
✔ sink witness rejects repeated effect, decision and commit identities (3.394125ms)
✔ sink witness rejects false CAS success and missing post-CAS retention (2.031ms)
✔ independent clock is rechecked after a factory authorization callback and before the sink (139.988292ms)
✔ V5 parses visible Atomic bodies and rejects altered rollback scaffolding; V4 stays closed (105.62875ms)
✔ development reference establishes return/rollback/effect and settled-task allocation semantics (1.771541ms)
✔ actual typescript Atomic matches reference rollback and nonlocal return semantics (384.113ms)
✔ actual python Atomic matches reference rollback and nonlocal return semantics (57.973584ms)
✔ actual rust Atomic matches reference rollback and nonlocal return semantics (1469.619417ms)
✔ actual typescript Atomic restores state and native step counter after authority and budget faults (118.395084ms)
✔ actual python Atomic restores state and native step counter after authority and budget faults (55.890875ms)
✔ actual rust Atomic restores state and native step counter after authority and budget faults (751.666708ms)
✔ V12 parses visible blockless bindings to the exact root and guards slot scaffolding (98.184792ms)
✔ each blockless If, While and Atomic shape independently selects V12 (16.106833ms)
✔ V12 reference run covers selected branches, skipped bindings, loop rebinding, Atomic, assignment and shadow fallback (0.992917ms)
✔ V12 explicitly rejects invalid blockless binding types (0.663584ms)
✔ V12 profile propagates through an exact-address import closure (24.505375ms)
✔ V12 actual typescript execution matches reference binding outcomes (391.861375ms)
✔ V12 actual python execution matches reference binding outcomes (59.654875ms)
✔ V12 actual rust execution matches reference binding outcomes (3744.834458ms)
✔ composite profiles preserve exact AST identities and parse visible collection/field edits (131.927917ms)
✔ actual typescript composite execution preserves aliasing, old records, lazy Result branches, callbacks and write order (94.525042ms)
✔ actual python composite execution preserves aliasing, old records, lazy Result branches, callbacks and write order (72.248833ms)
✔ actual rust composite execution preserves aliasing, old records, lazy Result branches, callbacks and write order (3563.63ms)
✔ continuation source keeps bodies visible and validates capture scaffolding (115.913667ms)
✔ actual typescript closures/tasks preserve captures, identity and effect authority (94.328375ms)
✔ actual python closures/tasks preserve captures, identity and effect authority (63.059792ms)
✔ actual rust closures/tasks preserve captures, identity and effect authority (953.840875ms)
✔ actual typescript completed tasks retain results under revocation without redispatch (96.401042ms)
✔ actual python completed tasks retain results under revocation without redispatch (56.215583ms)
✔ actual rust completed tasks retain results under revocation without redispatch (793.254916ms)
✔ unsupported contract contexts fail explicitly and blockless bindings select V12 (58.324667ms)
✔ V11 parses visible pure contract calls and preserves exact AST identities (49.231292ms)
✔ V11 rejects undeclared purity, unsynthesized and indirect paths through contract callees (8.085916ms)
✔ V11 resolves a pure contract callee through an exact-address dependency (27.003416ms)
✔ V11 actual typescript contract calls enforce pre and postconditions after mutation (373.627ms)
✔ V11 actual python contract calls enforce pre and postconditions after mutation (52.727875ms)
✔ V11 actual rust contract calls enforce pre and postconditions after mutation (3718.016917ms)
✔ V9 round-trips null bodies exactly and rejects changed executable scaffolding (26.869708ms)
✔ V9 propagates unsynthesized dependency identity through exact-address imports (24.342167ms)
✔ V9 actual typescript declaration traps while synthesized code executes (374.725125ms)
✔ V9 actual python declaration traps while synthesized code executes (51.271125ms)
✔ V9 actual rust declaration traps while synthesized code executes (3500.8665ms)
✔ scalar native profiles round-trip all emitted control flow and parse actual visible edits (124.513541ms)
✔ unsupported projected AST and host syntax reject rather than use placeholders or hidden IR (28.670625ms)
✔ actual typescript execution preserves booleans, arbitrary integers, negative division, overflow, contracts and effects (84.266792ms)
✔ actual python execution preserves booleans, arbitrary integers, negative division, overflow, contracts and effects (43.263584ms)
✔ actual rust execution preserves booleans, arbitrary integers, negative division, overflow, contracts and effects (631.750625ms)
✔ declared scalar kinds retain type declarations, surfaces, branch shape and contract metadata (22.443792ms)
✔ generic captured closures and tasks round trip and execute in typescript (90.808917ms)
✔ generic captured closures and tasks round trip and execute in python (56.175084ms)
✔ generic captured closures and tasks round trip and execute in rust (930.662042ms)
✔ generic/nested AST identities and visible type witnesses round trip; unsupported open contexts reject (314.55225ms)
✔ reference interpreter establishes nested generic container and capability results (2.622458ms)
✔ actual typescript generic/nested source edits preserve containers and reject false witnesses before effects (449.12925ms)
✔ actual python generic/nested source edits preserve containers and reject false witnesses before effects (122.034834ms)
✔ actual rust generic/nested source edits preserve containers and reject false witnesses before effects (899.972042ms)
✔ every declared AST kind has a representative exact-root TS/Python/Rust round trip (444.477458ms)
✔ new Cond/ForAll/Surface/Un/Yield fixture matches the reference runtime (0.616833ms)
✔ free type variables without a binding are explicitly rejected in all targets (1.459417ms)
✔ actual typescript completes five missing AST kinds (318.904583ms)
✔ actual python completes five missing AST kinds (41.347542ms)
✔ actual rust completes five missing AST kinds (3516.061375ms)
✔ actual typescript standard ledger preserves aliases, transfer/settle contracts and grants (106.651042ms)
✔ actual python standard ledger preserves aliases, transfer/settle contracts and grants (69.637958ms)
✔ actual rust standard ledger preserves aliases, transfer/settle contracts and grants (3696.898333ms)
✔ H1/H2: Rust and Python projections expose the same semantic functions (2.67925ms)
✔ H4: structural diff projection renders only changed graph paths (3.802333ms)
✔ H3: projection language server applies a text edit through a branch CAS (802.063334ms)
✔ J5: every AST kind has explicit projection support metadata (3.530667ms)
✔ J6: standard LSP frames decode incrementally and syntax errors become diagnostics (780.385417ms)
✔ V8 nested imports retain exact module/address identity and reject altered or missing dependencies (69.768542ms)
✔ V8 closes a transitive nested import inside an addressed dependency (1312.896791ms)
✔ actual typescript nested exact-address import executes the same result (412.293958ms)
✔ actual python nested exact-address import executes the same result (51.1555ms)
✔ actual rust nested exact-address import executes the same result (708.664042ms)
✔ edited nested TypeScript dependency rebinds its address and runs the changed program (117.598209ms)
✔ V10 keeps quantifier and Result binders local inside old snapshots (42.212167ms)
✔ V10 actual typescript old-binder execution sees pre-state (378.583458ms)
✔ V10 actual python old-binder execution sees pre-state (52.7975ms)
✔ V10 actual rust old-binder execution sees pre-state (3747.073542ms)
✔ Risk R3: parse(project(x)) is the identical node, not merely an equivalent one (9.518125ms)
✔ the round trip is idempotent under repetition (1.635ms)
✔ a human edit to the projection lands as a node mutation (7.096584ms)
✔ randomly generated expressions survive the round trip (4.328209ms)
✔ precedence is preserved without over-parenthesising (0.115708ms)
✔ an unsynthesized contract projects and parses as a body-less declaration (0.170333ms)
✔ out-of-scope identifiers are rejected rather than silently bound (0.202417ms)
✔ result and old are only special inside an ensures clause (0.053167ms)
✔ capabilities and provenance survive the projection (0.304334ms)
✔ the auditor view adds causal lineage without changing the code (3.312834ms)
✔ pinned Unicode17 tables cover every scalar mapping of the actual TypeScript reference (242.469667ms)
✔ V6 exact import closure round trips; missing, altered and unselected dependencies reject (353.579416ms)
✔ actual typescript linked imports and Unicode operations match TypeScript reference (554.274875ms)
✔ actual python linked imports and Unicode operations match TypeScript reference (683.74825ms)
✔ actual rust linked imports and Unicode operations match TypeScript reference (1558.283541ms)
✔ fresh guest qualification uses maximum of all preregistered guests and excludes controller RSS from guest scope (0.944041ms)
✔ fresh guest qualification rejects first-guest omission, repeats, malformed timing, invalid responses and incomplete cleanup (0.304333ms)
✔ fresh guest profile keeps approved numeric bounds and prohibits guest warmups/reuse (0.106416ms)
✔ initialized hypervisor campaign requires a destroyed empty VM/vCPU context and zero executed guest warmups (0.765875ms)
✔ V4-R02 native lowering explicitly rejects unbounded arithmetic, contracts and effects (2.281541ms)
✔ V4-R02 compiled native arithmetic agrees with TypeScript reference on signed limits, overflow and negative division (457.589708ms)
✔ R03: independent exact-arithmetic checker accepts an extracted nontrivial certificate (1.442792ms)
✔ R03: false, stale, malformed and oversized certificates fail without a solver (1.068291ms)
✔ R03: integer-bound transformation and large exact values do not use floating point (0.438791ms)
✔ R01 finite OpSet schedules, merge algebra and quorum/equivocation campaign (208.616667ms)
✔ R01 cycles are suppressed, concurrent moves keep one occurrence, and content sharing does not alias occurrences (0.114125ms)
✔ R01 trash deletion, concurrent replacement and restoration have explicit deterministic precedence (0.099ms)
✔ R01 exact fractional positions preserve order under concurrent allocation, moves and Lamport ties (3.171208ms)
✔ R01 fractional keys reject noncanonical and oversized values before projection mutation (6.754792ms)
✔ R01 same-ID equivocation is retained and quarantines dependents independently of first arrival (0.173375ms)
✔ R01 HotStuff requires all three certified phases; commits prevent conflicting higher-view prepare quorum (0.152875ms)
✔ R01 partitions stop quorum progress and view recovery extends highest certified branch (0.197417ms)
✔ R01 quorum intersection covers n=4 and n=7; duplicate/stale/family-monoculture votes fail (0.279292ms)
✔ R01 membership activation binds both committees to one terminal checkpoint and rejects stale epochs (0.19875ms)
✔ T1-04 actual-model evidence independently recomputes exact scores, labeled recall, timing summaries and retained artifacts (130.229459ms)
✔ I1: a mutating callee cannot make an impossible assertion prove vacuously (3.39225ms)
✔ I2: production elision rejects stale and assumption-dependent reports (6.589292ms)
✔ I3: truncated path exploration cannot report a proof (0.33625ms)
✔ I4: frame violations reject verification and architectural proofs (2.330584ms)
✔ I5: return expressions must match the declared return type (0.57975ms)
✔ I6: production compilation rejects unregistered capabilities (0.246583ms)
✔ I7: a fence only accepts a proof bound to the replacement node (0.185ms)
✔ I8: every published tier subpath resolves after the package build (56.23225ms)
✔ I9: the containers target places every unit in a container (0.589667ms)
✔ the graph is structurally sound (0.724375ms)
✔ the dependency graph is acyclic (0.0655ms)
✔ feature ids are unique and well formed (0.194666ms)
✔ the document and the graph list the same features, in the same order (0.444459ms)
✔ every epic is represented and every feature belongs to one (0.085334ms)
✔ the generated section of the document is current (0.81825ms)
✔ the recommended first slice is closed under dependencies (0.079875ms)
✔ the first slice is actually startable, in order (0.071833ms)
✔ the critical path is a real path, and opinions are labelled as such (0.222667ms)
✔ C5 is off the critical path, as claimed (0.130208ms)
✔ wave numbers respect every dependency (0.096333ms)
✔ nothing is stranded: every feature is reachable from a startable one (0.098375ms)
✔ sizes are drawn from the declared scale (0.061459ms)
✔ every feature has evidence matching its completion status (2.596542ms)
✔ the two confirmed language holes agree with roadmap status (0.070125ms)
✔ the validator rejects a dependency cycle (0.086666ms)
✔ the validator rejects a dangling dependency (0.034833ms)
✔ the validator rejects an unknown epic (0.037291ms)
✔ the validator rejects a slice that is not closed (0.065834ms)
✔ the validator distinguishes a forced order from an opinion (0.064083ms)
✔ the evidence check fails when a feature has actually been built (0.065167ms)
✔ FR-2.2: a body is synthesized from a contract alone and formally proved (17.028417ms)
✔ Risk R4: an unsatisfiable contract stalls and escalates to a human (8.524458ms)
✔ Risk R4: the iteration budget is a hard ceiling (2.061542ms)
✔ feedback from each stage is structured, not prose (0.917208ms)
✔ the search prefers a provable body over a merely-passing one (5.397208ms)
✔ an unprovable body is still shipped when nothing better exists (0.781417ms)
✔ a capability-using body still has to pass the capability checker (0.61925ms)
✔ FR-2.2: a body that breaks its contract is purged, not patched (2.593166ms)
✔ a purge records why the implementation was removed (2.166208ms)
✔ counterexamples accumulate across attempts (4.194209ms)
✔ binary DAG preserves grouped child identity, aliases, canonical scalar types and AE1 compatibility (11.249834ms)
✔ truncated, corrupted, trailing and noncanonical binary frames reject without any context mutation (4.212334ms)
✔ model framing rejects stale hashes, extra data, invalid versions and malformed AST scalar inputs (1.062208ms)
✔ AE2 escapes dictionary delimiters and controls without reinterpreting AE1 data (1.30075ms)
✔ AE3 preserves the exact full V7 corpus and every AST kind in both opcode profiles (1135.101709ms)
✔ reserved atoms, Unicode, leading-zero opaque IDs and AE1/AE2 archives retain identity (11.06325ms)
✔ edits preserve grouped links, paired labels, optional slots and the immutable base (186.631625ms)
✔ truncation, stale bases, redundant edits, false roots and hostile field counts fail without changing state (14.379833ms)
✔ large edit sets fall back to a complete message without dropping changes (183.420625ms)
✔ snapshot input rejects getters, proxies, dropped fields and oversized inputs before using them (0.555292ms)
✔ AE5 exact-base warm references reconstruct every paid cold declaration (184.430875ms)
✔ AE5 refuses changed, stale, wrong-index, noncanonical and oversized references (48.0725ms)
✔ a fresh receiver process reconstructs the referenced declaration from the paid cold wire (158.492709ms)
✔ every node kind survives an Agent-IR round trip (42.557084ms)
✔ the worked example round-trips exactly (1.10225ms)
✔ a session dictionary is shared and warm messages remain smaller than the cold module (87.659083ms)
✔ FR-1.2: actual tokenizer accounting reproduces the ledger reference without asserting a false target (7.845959ms)
✔ a malformed stream is rejected rather than silently truncated (0.386625ms)
✔ BLAKE3 matches official unkeyed vectors (1.540542ms)
✔ BLAKE3 matches official keyed vectors (0.253083ms)
✔ BLAKE3 matches official derive_key vectors (0.078583ms)
✔ keyed and derive_key are domain-separated from plain hashing (0.101458ms)
✔ extended output (XOF) is a prefix-consistent stream (0.074375ms)
✔ incremental updates equal one-shot hashing across chunk boundaries (2.4485ms)
✔ rejects keys that are not 32 bytes (0.206125ms)
✔ every admitted artifact and shared child resolves to all signed causal links after reopen and GC (766.362583ms)
✔ malformed lineage authority cannot authorize through string substring membership (422.755042ms)
✔ forged signatures, missing intent ancestry and mismatched evidence cannot authorize artifacts (440.872041ms)
✔ spec revisions invalidate every derived artifact, shared node and ancestor without a clear-flag bypass (671.865875ms)
✔ explicit signed reconciliation preserves historical causes while requiring new specification-bound evidence (630.221ms)
✔ transitive specification parents propagate invalidation through derived clauses (534.176875ms)
✔ fences reject pruning, removed contracts and vacuous proofs from strengthened preconditions (869.542667ms)
✔ strict promotion adapter requires full parent lineage and an explicit fresh precommit checkpoint (858.268792ms)
✔ authority revocation during asynchronous preparation is rechecked before commit (615.488708ms)
✔ specification compare-and-swap rejects stale edits and missing initialized metadata fails closed (351.008083ms)
✔ actual SIGKILL before-state-publish preserves a complete old or new specification epoch (630.701333ms)
✔ actual SIGKILL after-state-publish preserves a complete old or new specification epoch (737.47ms)
✔ a recomputed journal checksum cannot swap signed evidence or hide shared child lineage (1349.151083ms)
✔ an actual concurrent spec editor waits for the strict promotion admission lock (1276.303ms)
✔ external dependency AST content is persisted, pinned and linked to its signed artifact (979.055ms)
✔ strict adapters are branded and renewed artifact authorization does not erase historical causes (911.894167ms)
✔ typed task state survives restart, preserves AST identity and separates claims from verified evidence (336.448625ms)
✔ ACL, compare-and-swap and retention deny unauthorized or stale changes (520.873125ms)
✔ expiry, subject binding and invalidated lineage fail closed (216.862ms)
✔ asynchronous policy callbacks cannot become accidental authority (264.128833ms)
✔ real signed artifact lineage binds a child-node board and later marks its evidence stale (833.53875ms)
✔ durable AST retains v1 addresses, grouped children, immutable values and dedup across reopen (339.78925ms)
✔ durable path copying preserves sibling hashes and fork writes no AST objects (361.815542ms)
✔ GC preserves committed history, explicit leases and both pending promotion roots (782.280667ms)
✔ promotion commit publishes target and releases pin atomically with generation CAS (505.356208ms)
✔ archives deterministically round-trip bigints and migration preserves old hashes (551.756166ms)
✔ archive hash, duplicate keys, unsupported versions and missing children reject without publication (248.9925ms)
✔ corruption is detected on cached reads/reopen, and live corruption prevents GC deletion (330.305042ms)
✔ persisted resource profile prevents reopen limit changes and rejects excess roots (176.393917ms)
✔ separate processes serialize root CAS; exactly one stale expected update succeeds (453.328375ms)
✔ concurrent process writers and GC retain every published lease and committed root (2281.413958ms)
✔ actual SIGKILL at before-object-publish recovers lock and exposes either complete lease or no lease (342.793125ms)
✔ actual SIGKILL at after-object-publish recovers lock and exposes either complete lease or no lease (370.163292ms)
✔ actual SIGKILL at before-root-publish recovers lock and exposes either complete lease or no lease (394.598667ms)
✔ actual SIGKILL at after-root-publish recovers lock and exposes either complete lease or no lease (464.664375ms)
✔ actual SIGKILL before-gc-delete resumes sweep without losing protected roots (481.659459ms)
✔ actual SIGKILL after-gc-delete resumes sweep without losing protected roots (427.547083ms)
✔ checksummed malicious archives reject incomplete, forged, duplicate and unreachable graphs (221.13575ms)
✔ untrusted input accessors, cycles and node capacity overflow reject before object publication (90.769875ms)
✔ missing root metadata fails closed on reopen instead of resetting GC protection (164.861292ms)
✔ actual SIGKILL commit before-root-publish retains complete old or new root state (427.815292ms)
✔ actual SIGKILL commit after-root-publish retains complete old or new root state (373.172542ms)
✔ actual SIGKILL promotion before-root-publish retains complete old or new root state (462.133666ms)
✔ actual SIGKILL promotion after-root-publish retains complete old or new root state (461.205167ms)
✔ retired lease and finalized promotion IDs cannot suffer delayed-release ABA after reopen (607.191792ms)
✔ actual initialization SIGKILL before-init-marker resumes only the empty genesis transaction (316.517542ms)
✔ actual initialization SIGKILL after-init-marker resumes only the empty genesis transaction (294.089542ms)
✔ actual initialization SIGKILL after-profile-publish resumes only the empty genesis transaction (287.563542ms)
✔ actual initialization SIGKILL before-root-publish resumes only the empty genesis transaction (286.647042ms)
✔ actual initialization SIGKILL after-root-publish resumes only the empty genesis transaction (281.561084ms)
✔ actual initialization SIGKILL after-init-seal resumes only the empty genesis transaction (280.786292ms)
✔ actual initialization SIGKILL before-init-clear resumes only the empty genesis transaction (287.834625ms)
✔ actual initialization SIGKILL after-init-clear resumes only the empty genesis transaction (288.102792ms)
✔ initialized stores refuse metadata deletion even with an empty object table (307.36125ms)
✔ initialization marker/profile corruption and object publication cannot be mistaken for empty genesis recovery (611.358709ms)
✔ replayed initialization marker cannot reset established state or recreate deleted roots (267.989625ms)
✔ existing initialized v1 metadata adopts a completion receipt without changing objects or roots (228.372792ms)
✔ corrupt completion receipt cannot be silently replaced by legacy adoption (109.839334ms)
✔ interrupted initialization refuses checksummed nonempty root metadata instead of resetting it (188.651875ms)
✔ read-only archive validation shares complete import checks without changing objects, roots or leases (230.141542ms)
✔ Tree-CRDT fractional allocator matches D04 exact rational model and distinguishes concurrent interval edits (11.375459ms)
✔ Tree-CRDT fraction bounds reject noncanonical input and exhaustion before publishing (0.315791ms)
✔ F1/F2: durable lineage queries export a verifiable signed audit (20.22775ms)
✔ F4: property-checked fence evidence requires a durable human approval (23.869ms)
✔ F5: structural keys are indexed incrementally and survive reopening (23.6455ms)
✔ independent edits on disjoint statements merge cleanly (2.786458ms)
✔ insertions from both agents both survive (0.8255ms)
✔ identical edits by two agents converge instead of conflicting (0.422833ms)
✔ genuinely divergent edits to one expression are reported as a node conflict (0.30175ms)
✔ an untouched subtree of any size costs one pointer comparison (14.394292ms)
✔ a reformat-only change is invisible to the merge (0.388667ms)
✔ A1: graph objects survive process-local store instances (24.019167ms)
✔ A2: named roots resolve immutable commit history (25.771ms)
✔ A3: provenance records, bindings, and invalidation flags are durable (17.191916ms)
✔ A4: symbol names and allocator progress survive reopening (18.614917ms)
✔ A5/A6: GC keeps named history and fsck validates the repository (25.46875ms)
✔ A7: a packfile recreates objects, commits, and named roots (40.542042ms)
✔ A8: named-root updates use compare-and-swap semantics (24.729417ms)
✔ B6: exact-address imports resolve explicit symbols across modules (64.179167ms)
✔ nested exact-address imports link inside their owning module and execute without hoisting state (1.416167ms)
✔ unused declarative registration retires with independent dispatch proof, unchanged AST and retained source bytes (4171.224333ms)
✔ exported, protected and signed-fenced adapter consumers cannot be retired (3896.124208ms)
✔ active tasks, replay and unstable replication keep every referenced adapter; audit retains history without activating dead code (6291.910583ms)
✔ new retention before publication and unsigned candidate policy refuse advancement (2677.777334ms)
✔ retention publication fence serializes a task pin from another process (1366.785333ms)
✔ altered mapping, incomplete certificate and rehashed dishonest liveness fail independent validation (2122.515083ms)
✔ unresolved/dynamic retained execution and eager lifecycle registration fail closed (1425.59175ms)
✔ consumer validates with proof search physically replaced by a throwing stub (2199.504292ms)
✔ signed registry corruption and established state deletion cannot reset retired mappings (2426.813792ms)
✔ semantic GC proposes real dead declaration removal and pure wrapper collapse with portable equivalence and unchanged exports/effects/contracts (2136.533167ms)
✔ semantic GC requires signed exact lineage and governor promotion; rollback is a newly authorized reverse operation (5255.800708ms)
✔ semantic GC retains audit/replay/active-task/unstable-replication roots while sweeping actual unprotected garbage (2097.712042ms)
✔ semantic GC refuses relabeled unsafe rewrites and incomplete portable certificates (1965.239083ms)
✔ semantic GC retains signed formal fence symbols/nonempty contracts and accepts only valid fence schemas (2083.295458ms)
✔ semantic GC derives portable Boolean equivalence instead of relying only on integer test examples (1684.297208ms)
✔ semantic GC refuses unsupported nonlinear equivalence without changing the production head (1410.080208ms)
✔ semantic GC revocation during prepared promotion aborts the staged target; no commit is guessed (2652.513583ms)
✔ semantic GC activation recovery follows the committed governor decision and remains idempotent (2744.564917ms)
✔ semantic GC explicit background scheduling emits a durable candidate and stops without production publication (1762.247666ms)
✔ branch profile prunes symbolic/literal unreachable arms, preserves selected scopes/effects and removes newly unreachable declarations from the candidate (3081.538458ms)
✔ legacy forwarder profile keeps branch syntax and cannot reopen a new branch-profile journal (1992.300042ms)
✔ legacy forwarder and flattened-branch proposals remain readable but cannot start new promotions (4448.767709ms)
✔ historical branch flattening changes a finite-step sink outcome and is barred from new promotion (3110.626333ms)
✔ fuel-preserving branch profile removes cold If calls but keeps exact reference-runtime effects and quota faults (3841.540667ms)
✔ fuel-preserving Cond profile removes the cold effect expression without moving its guard or chosen arm (2862.349583ms)
✔ branch profile handles Cond expressions and definitely initialized local bindings without flattening blocks (1845.421208ms)
✔ branch pruning does not erase a condition call or its effects even when the callee always returns true (1995.818708ms)
✔ branch pruning does not treat an entry precondition or an earlier assigned value as a permanent branch fact (1598.63875ms)
✔ dead-branch cleanup and inverse rollback require fresh signed F08 authority and retain condition certificates through GC (9145.190709ms)
✔ branch proofs preserve contract and loop annotation identities while pruning a stable condition inside a loop (2075.141041ms)
✔ portable branch proof does not claim a partial division condition is universally total from an entry precondition (1526.374667ms)
✔ branch admission rejects missing/swapped certificates, invalid source sites, wrong-arm code and relabeled condition claims (2446.205625ms)
✔ branch analysis does not assume a local declared in only one syntactic arm is definitely bound (1073.287041ms)
✔ persisted branch witnesses are checked with the portable proof producer replaced by a throwing stub (1772.649042ms)
✔ scalar shim profile retires a non-forwarding arithmetic adapter with a portable total-equivalence certificate (1431.385333ms)
✔ scalar shim comparison handles Boolean conditional adapters that the uniform-branch profile cannot simplify (1091.465ms)
✔ scalar shim redirection evaluates every original argument once and in order even when parameters are reused or unused (1913.374791ms)
✔ scalar shim retirement is opt-in; the branch-only profile retains non-forwarding adapters (1399.791917ms)
✔ legacy scalar shim proof remains readable but a new quota-changing promotion is refused before preparation (2495.617708ms)
✔ scalar shim comparison refuses unequal, nonempty-frame and call-bearing implementations (6029.441792ms)
✔ V2 call-bearing scalar shim proves a closed helper expansion before redirecting live callers (2472.793625ms)
✔ V2 call-bearing shim keeps a helper with runtime contract checks or partial arithmetic (3038.877375ms)
✔ V2 call-bearing shim refuses to erase an evaluated partial helper argument (1601.143875ms)
✔ scalar shim retirement preserves exports, explicit protection and signed fences even for equivalent bodies (4139.8345ms)
✔ transparent forwarding and general scalar shim proofs compose without target cycles (1768.762125ms)
✔ scalar shim admission rejects missing proofs, changed declaration identity and alternate result code (2121.623959ms)
✔ scalar shim certificates remain independently checkable with proof search disabled (1869.347125ms)
✔ indexed creation computes newly exposed nodes before generation publication and preserves exact AST hashes (415.641584ms)
✔ typed filters enforce declared purity, return type, capability, parent/child and nominal type dependency constraints (420.607541ms)
✔ context/spec/model changes cannot reuse stale vectors; explicit backfill switches complete snapshots (444.597833ms)
✔ failed inference retains old complete generation; finite canonical float32 encoding rejects malformed provider/wire values (534.694125ms)
✔ actual inference/update process SIGKILL at after-embeddings exposes old or complete new index generation (667.398291ms)
✔ actual inference/update process SIGKILL at before-generation-commit exposes old or complete new index generation (656.239417ms)
✔ actual inference/update process SIGKILL at after-generation-commit exposes old or complete new index generation (662.393333ms)
✔ self-consistent sidecar forgery cannot substitute stale structural/input metadata on reopen (319.509375ms)
✔ concurrent backfills serialize publication and reject a stale writer before its inference can overwrite the winner (414.233917ms)
✔ vector capture rejects accessor/proxy/sparse arrays without publishing and safely normalizes finite subnormals and maxima (604.873417ms)
✔ expectedInput binds the current indexed source, input digest and exact vector bytes (392.564583ms)
✔ actual initialization SIGKILL at after-init-marker resumes only the prepared empty index (322.6975ms)
✔ actual initialization SIGKILL at after-init-profile resumes only the prepared empty index (304.520625ms)
✔ actual initialization SIGKILL at before-init-head resumes only the prepared empty index (306.014791ms)
✔ actual initialization SIGKILL at rename-before-head resumes only the prepared empty index (314.534916ms)
✔ actual initialization SIGKILL at after-init-head resumes only the prepared empty index (322.146791ms)
✔ actual initialization SIGKILL at after-init-seal resumes only the prepared empty index (314.849542ms)
✔ actual initialization SIGKILL at before-init-clear resumes only the prepared empty index (315.646ms)
✔ actual initialization SIGKILL at after-init-clear resumes only the prepared empty index (316.738708ms)
✔ completion receipt refuses established-head deletion and replayed initialization markers; legacy adoption never rewrites a head (388.173291ms)
✔ canonical encoding is order-independent and unambiguous (0.506ms)
✔ hashing is deterministic and content-derived (2.365833ms)
✔ grouped child hashing keeps ambiguous shapes distinct (0.321166ms)
✔ FR-1.1: renaming a symbol invalidates no expression hash (1.231583ms)
✔ alpha-equivalent code shares a structural key but not an address (1.155208ms)
✔ structural sharing deduplicates repeated subtrees (0.825542ms)
✔ FR-1.1: mutation is a hash-tree update touching only the spine (6.971292ms)
✔ hydrate is the exact inverse of intern (0.302375ms)
✔ record literal field order does not affect identity (0.173916ms)
✔ unknown refs fail loudly rather than returning undefined (0.202083ms)
✔ Tree-CRDT refuses an imported content frame before it can become durable when its AST is absent (989.626666ms)
✔ Tree-CRDT reopens a historically published frame lacking a lease by rebuilding current epoch roots before GC (1026.923875ms)
✔ Tree-CRDT reopen fails closed on a durable frame whose required AST content is missing (1021.187834ms)
✔ Tree-CRDT SIGKILL after inbound frame publication leaves its AST pinned for direct GC and reopened materialization (1184.473375ms)
✔ Tree-CRDT materializes actual CAS roots; shared content has independent occurrences and concurrent edits converge (5762.539834ms)
✔ Tree-CRDT suppresses concurrent cycles deterministically and trash deletion remains restorable until certified collection (2890.683167ms)
✔ Tree-CRDT unanimous signed checkpoint reindexes and collects live tombstones without obsolete edit resurrection (4039.846625ms)
✔ Tree-CRDT invalid grouped roles, duplicate scalar children and invalid literal types stay candidates (993.426209ms)
✔ checkpoint ACK validates full audit closure, canonical cut, exact projection, floor, roster and signatures before writing authority (1406.464583ms)
✔ actual SIGKILL at after-fence preserves durable fencing or certified epoch; same certificate retry is idempotent (1725.788583ms)
✔ actual SIGKILL at checkpoint-prepared preserves durable fencing or certified epoch; same certificate retry is idempotent (2374.835583ms)
✔ actual SIGKILL at checkpoint-committed preserves durable fencing or certified epoch; same certificate retry is idempotent (3120.828959ms)
✔ actual SIGKILL at checkpoint-collected preserves durable fencing or certified epoch; same certificate retry is idempotent (3337.253333ms)
✔ late equivocation and predecessors recompute the candidate deterministically after duplicate and reversed delivery (2152.432958ms)
✔ grouped While children remain distinct and converged semantic failures do not publish a production root (4977.953958ms)
✔ repeated certified epochs preserve live identity and clocks while stale archived restores cannot resurrect collected occurrences (6015.691125ms)
✔ missing causal predecessors prevent checkpoint certification and durable fence receipts resist metadata rollback (1357.455542ms)
✔ known post-fence signed extras prevent fresh certification while historical certified cuts remain arrival independent (1884.209416ms)
✔ honest partitioned inserts beyond the occurrence bound converge deterministically and leave deletion/checkpoint repair available (4909.427583ms)
✔ V3 Wasm descriptor binds bytes, fixed read-only semantics and finite resource limits (2.387625ms)
✔ V3 approved Wasm bytes run through a branded isolated adapter and actual durable broker (237.174625ms)
✔ approved exact adapter bytes mint one immutable code-provenance identity (79.486208ms)
✔ changed or malformed source fails before execution; descriptor mismatch cannot mint provenance (1.005667ms)
✔ caller mutation during asynchronous module import cannot relabel admitted source bytes (0.748875ms)
✔ V2 signs an import-free profile and admits local exports with import text in comments and strings (2.373917ms)
✔ dependency syntax is refused before either the adapter or imported module can run (3.378667ms)
✔ old V1 identity keeps import-capable behavior only through the explicit legacy admission profile (1.150125ms)
✔ unsupported adapter module syntax fails before top-level execution (0.384041ms)
✔ real witnessed sink settles one fixed charge, signed fence refund, and unknown reservation (5221.849917ms)
✔ one signed commit and one signed fence settle fixed charge and terminal refund (21.547417ms)
✔ policy digest is stable on reopen and changes with charge, trust roots and full request inventory (5.289875ms)
✔ outer settlement binds exact request, result, charge, owner and inner receipt (10.447958ms)
✔ witness outage and rollback never authorize charge or refund (4.627917ms)
✔ helper requires the branded witness and exact independently pinned identity (1.216875ms)
✔ direct-ledger alias cannot settle a different signed grant or reservation under the same five-field binding (8.249083ms)
✔ operator budget authority pins a real bridge and exact full requests before host config (136.509917ms)
✔ budgeted grant reference v3 binds host, target, reservation and signed policy without host config (0.899625ms)
✔ V5 policy binds an idempotent external write to signed deployment, sink and witness context (13.108667ms)
✔ V5 rejects variable targets, changed semantics, malformed context and unsorted rules (5.946958ms)
✔ V5 verification rejects stale or foreign manifests, signer, epoch and signature domains (4.738625ms)
✔ V6 signed dynamic segment selects exactly one tagged argument and preserves fixed rules (13.461459ms)
✔ V6 rejects missing, non-string, unsafe and malformed tagged path arguments (5.842084ms)
✔ V6 policy validates sorted bounded rules, write semantics and independent sink context (5.519666ms)
✔ V6 signatures and manifest binding cannot be substituted by V5 or another signer (4.520875ms)
✔ signed resource policy binds extraction to exact manifest, repository, epoch, and Ed25519 signer (12.006125ms)
✔ v2 signed resource policy binds loader-admitted code bytes and refuses descriptor-only copies (5.911083ms)
✔ v3 policy signs import-free adapter artifact identity with independent signature domain (7.067541ms)
✔ durable revocation and policy epochs prevent old grants regaining authority after restore/restart (220.525583ms)
✔ scope revocation covers descendants and preserves siblings (85.432625ms)
✔ missing or corrupted established epoch state fails closed; interrupted empty initialization recovers (182.361125ms)
✔ v4 isolated SMT path returns exact easy proofs and independently checked counterexamples (143.542833ms)
✔ short v4 deadline kills a child before it can return an unchecked answer (32.279708ms)
✔ an actual hard unsatisfiable query is cancelled without fabricating a proof (134.354291ms)
✔ bounded input validation rejects cycles, accessors, bad scalars and oversized literals before spawning (0.406792ms)
✔ opt-in v4 function verification uses the process cutoff and refuses a wider budget (73.430708ms)
✔ bounded import-free i32 guest executes through an EffectAdapter with exact source identity (150.729167ms)
✔ imports, unbounded/oversized memory and wrong function signature fail at admission (281.726375ms)
✔ memory.grow respects the declared maximum and malicious infinite loop is killed (716.520292ms)
✔ worker rejects forged or tampered IPC identity before running guest code (281.391ms)
✔ durable broker records child crash as indeterminate, then reconciles pure computation and allows new effect ID (386.766042ms)
✔ Wasm preflight rejects invalid i32 before dispatch while valid requests still execute (292.824416ms)
✔ authorization denies before pure preflight; adapters without preflight keep their existing dispatch behavior (127.487083ms)
✔ B1: Result constructors and exhaustive matching execute in both runtimes (2.692458ms)
✔ B2: immutable sequences support index, length, map, and fold (3.521959ms)
✔ B3: closures capture lexical values and carry an explicit capability type (0.815ms)
✔ B4: generic functions infer and consistently substitute type variables (0.764292ms)
✔ B5: string operations are Unicode-aware and available in both runtimes (0.799791ms)
✔ B7: fixed-width integers enforce wrap, saturate, and trap policies (0.717458ms)
✔ E1/E3: spawned tasks await deterministically and atomic faults roll back writes (0.728541ms)
✔ legacy sealed tokens reject malformed shape, wrong scope and exact expiry (0.824625ms)
✔ legacy opaque scope attenuation cannot mint a different audience or outlive parent (0.2965ms)
✔ invalid trusted clocks fail closed before token issue or verification (0.111708ms)
✔ portable kernel derives complete integer and propositional counterexample coverage (9.837792ms)
✔ portable kernel splits conditional arithmetic and uses exact large signed integers (1.592875ms)
✔ portable kernel rejects altered subjects, missing cases, trust fields and false multipliers (1.22275ms)
✔ portable kernel keeps unsupported theories and resource exhaustion unproved (1.37975ms)
✔ portable raw formula boundary rejects changing goals and malformed nodes without invoking getters or traps (0.249917ms)
✔ portable certificates agree with concrete integer/Boolean evaluation on a varied formula corpus (19.855958ms)
✔ portable formula consumer runs in an isolated process with no producer or solver files (77.070208ms)
✔ independent derivation binds full AST/spec/manifest and produces deterministic checked increment obligations (8.108208ms)
✔ false postconditions remain false under concrete counterexamples and cannot receive certificates (1.291292ms)
✔ both if branches and missing-return paths are represented (2.8045ms)
✔ short-circuit evaluation guards call preconditions on only the evaluated path (3.477292ms)
✔ modular calls bind old input separately from mutable callee post-state parameters (4.583208ms)
✔ loop induction derives initialization, preservation, ranking and postcondition proofs without unrolling (5.912083ms)
✔ loop havoc prevents proving exit values from stale pre-loop mutable bindings (1.800083ms)
✔ external declarations are hashed and complete transitive local/external closure is mandatory (2.731167ms)
✔ property clauses, recursion, missing ranking and unsupported heap/fixed-width types stay unproved (2.720833ms)
✔ lexical locals do not escape their block and malformed scalar bindings cannot hide behind certificates (0.513541ms)
✔ resource limits tighten only and independent source has no verifier/solver/evidence dependency (0.46375ms)
✔ an assertion is a required proof obligation before its condition may be assumed (1.015917ms)
✔ input accessors, path explosion and aggregate formula budgets reject deterministically (0.964875ms)
✔ certified arithmetic, branching, scoped mutation and loop programs agree with actual reference execution (26.213209ms)
✔ unreachable statements still require lexical binding, scalar sorts and valid assignment targets (3.604459ms)
✔ malformed declaration arrays and unknown AST fields cannot receive portable certificates (0.844292ms)
✔ dead nonlinear arithmetic remains unsupported while constant-factor arithmetic is certified (1.614875ms)
✔ portable bundle round-trips and admits a closed compiled artifact with entry checks retained (18.0605ms)
✔ portable bundle refuses stale execution dimensions, incomplete coverage and exchanged formula proofs (13.14225ms)
✔ portable proof consumer resolves actual dependency bodies and compilation rejects external replacement hooks (9.937208ms)
✔ portable certificates cannot be relabeled for a semantically false edited AST (10.244791ms)
✔ independent AST certificate consumption works with original solver, verifier and producer absent (97.544625ms)
✔ C5: proofs are reused by exact declaration address across processes (10.639042ms)
✔ C6: incremental verification rechecks changed functions and transitive callers only (3.082167ms)
✔ portable certificate proves bounded alias success and exact distinct-reference classification (95.694667ms)
✔ proof cannot authorize a changed selected declaration or a false alias contract (71.656208ms)
✔ proof excludes arbitrary signed i64 and nonterminating or faulting syntax (49.515875ms)
✔ portable range goals refuse a source edit that can overflow signed i64 (52.069666ms)
✔ distinct postcondition admits right = old left + 1 and aborts on right = old left + 100 (1194.778917ms)
✔ actual broker dispatch reserves before sink, charges once, and returns only unused handles across restart (773.3705ms)
✔ declared exhaustion outcome selects a host fallback and never dispatches a second sink operation (685.4965ms)
✔ transactional revocation abort writes terminal evidence before refunding the inflight reservation (626.66175ms)
✔ nontransactional predispatch refusal refunds only after durable broker noncommit (624.011125ms)
✔ missing sink and missing terminal broker decision leave nontransactional funds inflight (373.085958ms)
✔ process death at each terminal refund handoff recovers the exact broker noncommit (3385.764667ms)
✔ sink-committed uncertainty reconciles the same effect without a second dispatch or charge (830.09775ms)
✔ actual replay/shadow/speculative brokers do not call budget hooks, and direct isolated hooks refuse (910.572667ms)
✔ changed request/result and forged bridge journal are refused without billing another effect (738.216667ms)
✔ noncanonical base64 spelling of a valid journal signature is rejected (209.466375ms)
✔ actual SIGKILL at bridge/ledger handoff boundaries preserves reservations and terminal charges (4983.336084ms)
✔ external budget heads restore old local copies and reject same-revision edits (3946.119417ms)
✔ budget witness outage refuses read, reserve and fresh reopen (2618.080167ms)
✔ SIGKILL after ledger or bridge witness CAS restores a reservation before retry (6775.331125ms)
✔ SIGKILL after witnessed charge intent or ledger charge never bills twice (7132.028541ms)
✔ signed linear split, transfer and merge preserve all four resource units and invalidate copied inputs (394.007125ms)
✔ reserved/start/consume charges each dimension exactly and returns only unused balance (523.307125ms)
✔ inflight refund requires independently stored terminal noncommit evidence; unknown and timeout claims stay encumbered (407.67675ms)
✔ unused reservation refunds without dispatch; overcharges and forged settlements cannot free funds (385.766166ms)
✔ exhaustion is durable and retry-bound, without consuming or inventing units (398.735ms)
✔ amount, owner, signature, epoch, cross-ledger and split-conservation violations fail before debit (262.179625ms)
✔ current authority and settlement evidence are rechecked immediately before publication and on retries (369.985458ms)
✔ committed charge persists across actual Aether heap rewind and fresh ledger instances (270.014125ms)
✔ actual process deaths at each initialization publication recover without minting another genesis (806.047708ms)
✔ actual SIGKILL at every mutation publication boundary recovers old-or-new state and exact retry (1915.731708ms)
✔ sink-committed charge survives a death before receipt acknowledgment; retry never bills twice or refunds (892.335084ms)
✔ four real processes contending with copied handles cannot double-spend any resource (423.199875ms)
✔ four processes retry one exact intent, while disjoint split reservations remain independently usable (698.385667ms)
✔ signed journal tampering, established deletion and copied authority directories fail closed (153.17075ms)
✔ settlement evidence is checked again after journal preparation; disappearance cannot refund or charge (214.036125ms)
✔ dispatch-start versus unused-reservation cancellation has only one linear winner across processes (459.758625ms)
✔ large exact values and structured effect identities avoid rounding and delimiter collisions (308.650291ms)
✔ F3: the operator console persists revocation state and its audit trail (12.816042ms)
✔ v2 grants bind audience, resource, lifetime and policy before dispatch (2.498917ms)
✔ attenuation requires a declared call edge, narrower scope and no longer lifetime (1.442667ms)
✔ forged, revoked, narrowed-scope revoked and stale-policy grants fail before a sink action (0.479459ms)
✔ malformed grants and invalid issuance inputs fail closed (0.286667ms)
✔ propositional reasoning (1.087792ms)
✔ linear arithmetic: valid implications are proved (0.939458ms)
✔ linear arithmetic: invalid implications yield a runnable counterexample (0.215375ms)
✔ integer tightening beats rational reasoning (0.151333ms)
✔ unsatisfiable conjunctions are detected (0.356375ms)
✔ satisfiable systems return a validated model (0.153834ms)
✔ the PRD transfer contract is discharged (0.279ms)
✔ nonlinear terms are abstracted congruently and stay sound (0.23425ms)
✔ ite is encoded exactly, not abstracted (0.304209ms)
✔ the solver honours its time budget (250.955167ms)
✔ SMT-LIB output is a runnable script (0.242625ms)
✔ C1: external SMT fallback is capability-bounded and only trusts proofs (0.350583ms)
✔ C4: uninterpreted applications obey congruence (0.150625ms)
✔ FR-2.1: a business rule parses into mathematical relations (3.284209ms)
✔ FR-2.1: one rule propagates to every layer it names (1.026375ms)
✔ FR-2.1: compiled clauses are verifiable contracts, not documentation (3.496083ms)
✔ FR-1.3: changing a rule invalidates every subtree derived from it (3.383958ms)
✔ an architectural guard from a spec blocks unexplained deletion (0.949875ms)
✔ comments are ignored without shifting clause positions (0.292458ms)
✔ a comment marker inside a string literal is not treated as a comment (0.156ms)
✔ malformed specifications are rejected with a line number (0.298625ms)
✔ clock identity binds the operator authority and domain, and cannot be forged structurally (1.610958ms)
✔ grant interval and signed broker deadline use the independent ms clock at exact boundaries (0.277833ms)
✔ each check reads one synchronous independent time and revision sample (0.341875ms)
✔ unavailable, asynchronous and invalid clock sources fail closed (0.631125ms)
✔ time and revision rollback fail closed without accepting the bad sample (0.121458ms)
✔ an already provisioned anchor retains its operator callbacks (0.088833ms)
✔ the worked example type-checks clean (3.404ms)
✔ FR-2.3: an ungranted capability is a compile error, not a runtime check (0.485792ms)
✔ FR-2.3: authority cannot be escalated across a call (0.346875ms)
✔ FR-2.3: a pure function may not hold capabilities at all (0.227375ms)
✔ a sandboxed envelope grants nothing but pure computation (0.06125ms)
✔ nominal money types do not silently mix with bare integers (0.263709ms)
✔ scaling a dimensioned value by a scalar is allowed; squaring it is not (0.23025ms)
✔ old() and result are rejected outside an ensures clause (0.204542ms)
✔ unknown fields and missing returns are caught with a usable path (0.253541ms)
✔ C8: owned parameters enforce separation at call sites (0.157084ms)
✔ FR-2.2: the PRD transfer contract is discharged formally (6.272791ms)
✔ a broken implementation is refuted with a runnable counterexample (1.626208ms)
✔ frame conditions catch writes the contract did not declare (1.114042ms)
✔ an un-ruled-out aliasing assumption is reported, not hidden (0.981667ms)
✔ loop invariants and a variant are verified without unrolling (3.439959ms)
✔ a loop with a non-decreasing variant is refuted (0.374583ms)
✔ tiered rigor: property clauses never reach the solver (2.513ms)
✔ NFR 6.2: verification stays inside its per-function budget (3.721291ms)
✔ a callee contract is used modularly at the call site (1.001333ms)
✔ every obligation carries a runnable SMT-LIB script (0.956833ms)
✔ C2: finite sequence length and constant select reduce exactly (0.297791ms)
✔ C3: bounded quantifiers expand into finite proof obligations (12.344125ms)
✔ C9: a monotone loop gets an inferred variant and an opaque loop is delegated (0.552959ms)
✔ R2: the two runtimes agree on every generated case (448.468125ms)
✔ R2: a proved clause is elided; an unproved one is kept (12.890333ms)
✔ R2: eliding a proved clause cannot change an observable outcome (1069.664ms)
✔ R2: a precondition is elided only when every call site proved it (11.121417ms)
✔ R2: security is not telemetry — capabilities survive stripping (4.129875ms)
✔ R2: an ungranted capability fails to compile, not at runtime (0.373042ms)
✔ R2: the stripped artifact is materially faster than the journaling one (35.889667ms)
✔ R2: loop invariants and variants carry no runtime cost (7.841667ms)
✔ R2: the compilation report says exactly what is unchecked and why (7.93675ms)
✔ R2: with no verification result, nothing is elided (1.139041ms)
✔ R2: a contract that does fail still faults in production (7.571ms)
✔ G4: production telemetry sampling is opt-in and rate bounded (1.365666ms)
✔ F04 integration: both runtimes route effects through durable receipts and idempotent retry (190.146875ms)
✔ F04 integration: replay produces identical transfer state without executing the sink (76.509667ms)
✔ F04 integration: unknown commit remains structured through development, production and host dispatch (263.415916ms)
✔ F04 integration: code identity and isolated fork authority are enforced before dispatch (24.01275ms)
✔ authorized broker recovery rejects altered host arguments before querying sink status (162.940916ms)
✔ independent scalar Tier 2 proof binds the exact executed declaration and runtime profile (134.101625ms)
✔ conservative proof rejects edited body, missing coverage and changed full context (11.251667ms)
✔ Tier 1 faults restore shared aliases and allocator before real Tier 2 execution (297.245583ms)
✔ Tier 1 success bypasses Tier 2; both-tier faults commit only deterministic safe abort (539.040792ms)
✔ missing fallback grants and current revocation never regain authority or publish speculative state (770.384417ms)
✔ argument and exact retry identity validation precede fallback execution (410.85275ms)
✔ durable asynchronous repair outbox survives failed delivery and deduplicates by stable event ID (695.747208ms)
✔ real process death before publication restores safe state; committed result is not replayed (1914.306542ms)
✔ signature/contract mismatch, effects/tasks and altered durable state fail closed (116.059125ms)
✔ noncanonical spelling of a valid fallback journal signature is refused (93.18025ms)
✔ entry/loop guard exhaustion takes the permitted fallback after restoring writes (346.831458ms)
✔ SIGKILL after repair delivery before acknowledgment redelivers the same durable event ID (633.096041ms)
✔ all declared real-runtime schedules, materialized resources, network faults and out-of-order events survive (180.451ms)
✔ lost updates fail actual interleavings; shrinking preserves all operations and exact durable replay (293.617541ms)
✔ zero-exclusion admission refuses missing coverage even when all calls succeed (224.542334ms)
✔ complete enumeration cannot be silently capped or actor steps excluded on replay (27.733667ms)
✔ seeded failures shrink integer inputs toward a reproducing minimal boundary (115.443083ms)
✔ precondition filtering is explicit failed coverage, never success (236.157083ms)
✔ serialized success bits and mutated reports cannot issue campaign admission (276.259334ms)
✔ persisted counterexample tampering fails and caller manifest changes do not alter admitted profile (343.073667ms)
✔ live/opaque effects fail explicitly instead of inheriting implicit successful Unit dispatch (229.836334ms)
✔ real SIGKILL around immutable report publication leaves complete artifacts and permits safe replay (641.679917ms)
✔ undelivered frames, instruction exhaustion and ambiguous actor identities cannot be hidden (331.132667ms)
✔ FR-3.2: the worked example passes its micro-world suite (57.035416ms)
✔ NFR 6.1: a local module harness completes within 250ms (47.270667ms)
✔ FR-3.2: a broken implementation is rejected, not merely reported (64.011375ms)
✔ counterexamples are shrunk to something an agent can read (29.040709ms)
✔ the frame property catches a clobbered neighbouring field (36.043333ms)
✔ an unbounded loop is caught as a liveness hazard (113.519209ms)
✔ FR-3.2: the aliased case is actually generated (0.813875ms)
✔ an effect outage must surface cleanly, not as a broken postcondition (1.065208ms)
✔ a lost-update race is reported as an advisory, not a rejection (3.149125ms)
✔ NFR 6.2: a reported counterexample replays exactly from its seed (13.210417ms)
✔ generation is boundary-biased and yield is reported honestly (3.504958ms)
✔ shrinking moves strictly towards simpler values (0.074ms)
✔ E2: systematic schedule exploration enumerates the lost-update interleaving (0.18275ms)
✔ actual fallback AST lowers to native bodies and matches state, aliases and tiers (14475.28875ms)
✔ native snapshot bridge rejects stale refs and malformed direct frames (789.99475ms)
✔ checked record proof changes exact native artifact identity and preserves snapshot outcomes (3435.029709ms)
✔ native lowering refuses stale manifests, unadmitted edits and unsupported effects (55.331917ms)
✔ native packed candidate becomes one authorized, replayable correction event (147.463541ms)
✔ stale, altered, unauthorised and identity-changing candidates leave runtime state untouched (196.199375ms)
✔ v2 UTF-8 dictionary round-trips distinct bytes, duplicate values, aliases, and canonical v1 shape (5.078959ms)
✔ string mutation compacts dictionary and rejects oversize or malformed Unicode without changing state (2.310542ms)
✔ dictionary and per-field UTF-8 limits reject excess without partial output (341.269458ms)
✔ v2 rejects wrong offsets, malformed UTF-8, invalid codes, bounds, duplicate dictionary entries, and altered digests (2.098333ms)
✔ seeded 256-row string differential and layout migration preserve logical values (3276.395958ms)
✔ real resumable v2 checkpoint restores strings and aliases; rehashed dictionary tamper fails trusted logical digest (32.311417ms)
✔ bit-packed records round-trip exact values, self-cycles, and two aliases to one target (3.913041ms)
✔ bounds, offset, identity, epoch, padding, kind, and image corruption fail closed (3.70925ms)
✔ constant bounded field uses zero payload bits and refuses any other value (0.287875ms)
✔ bounded arithmetic obeys trap, wrap and saturate without partial mutation (0.984917ms)
✔ new layout migration preserves logical rows; narrow migration rejects out-of-bounds values (1.857167ms)
✔ deterministic 256-row differential preserves random aliases and mutations (37.173458ms)
✔ real resumable runtime checkpoint packs, unpacks, restores, and retains aliases after correction (46.245458ms)
✔ live rewind across committed effects consumes stable broker receipts and never redispatches the sink (355.959583ms)
✔ replay and shadow checkpoints restore the recorded effect prefix without any live adapter invocation (483.641834ms)
✔ actual process death before-effect resumes nested frames/tasks without duplicate effects (528.086166ms)
✔ actual process death after-effect resumes nested frames/tasks without duplicate effects (541.357125ms)
✔ actual process death after-sink-before-receipt resumes nested frames/tasks without duplicate effects (579.094417ms)
✔ actual process death before-event-publish leaves a complete prior or next durable checkpoint (609.595917ms)
✔ actual process death after-event-publish leaves a complete prior or next durable checkpoint (622.911208ms)
✔ actual process death before-checkpoint-publish leaves a complete prior or next durable checkpoint (653.895792ms)
✔ actual process death after-checkpoint-publish leaves a complete prior or next durable checkpoint (644.969875ms)
✔ actual process death before-head-publish leaves a complete prior or next durable checkpoint (655.029875ms)
✔ actual process death after-head-publish leaves a complete prior or next durable checkpoint (646.645208ms)
✔ precommit exception after sink success rolls back machine state and safely retries the durable receipt (248.28375ms)
✔ multiple record allocations keep replay identity after reconciled effects and across live/replay modes (454.466542ms)
✔ resume rechecks trusted host authority and rejects a forged machine effect prefix before moving broker cursor (255.060834ms)
✔ malformed string and duplicate-array capability providers cannot authorize checkpoint execution (5.294ms)
✔ byte quota refusal after a committed effect preserves a reloadable checkpoint and its reusable receipt (256.907125ms)
✔ fresh isolated runtimes restore buffered intent outcomes and rewind their active buffers without dispatch (84.836542ms)
✔ grant and broker callbacks cannot revoke the host envelope and still reach a live sink (96.794791ms)
✔ non-Unit effect values cannot violate the language Invoke return contract (83.060625ms)
✔ production resumable factory persists active frames and resumes through public checkpoint API (279.675917ms)
✔ nonempty nested frames and a pending task resume from real durable checkpoints with identical state/events (293.50675ms)
✔ rewind restores active frames and registers and deterministically reexecutes the same continuation (129.844792ms)
✔ fresh process opens a mid-call checkpoint with pending task and completes the actual continuation (316.03775ms)
✔ closure captures retain capture-time scopes and shared sequence/result identity through resume (43.531292ms)
✔ record aliases/cycles and native inspection survive rewind and restore (8.232958ms)
✔ post-rewind externally held future references cannot alias divergent new allocations (2.607084ms)
✔ checkpoint validation rejects stale code/schema, corrupt frame PCs and altered inverse events (11.866625ms)
✔ durable checkpoint heads use generation CAS and verify separately persisted event bytes (168.143792ms)
✔ failed host allocations/corrections and precommit exceptions leave no unjournaled state (58.044917ms)
✔ asynchronous correction policy cannot authorize local or heap mutations (10.038625ms)
✔ retained rewind appends checked inverse history and cannot masquerade as version 1 (81.1015ms)
✔ fresh-process replay preserves allocation identity while divergence rejects a held future handle (209.907792ms)
✔ sequence callbacks, Result matching, fixed arithmetic, strings and quantifiers survive intermediate checkpoints (1385.396291ms)
✔ Atomic preserves successful return and restores heap on faults while keeping snapshots valid (57.72975ms)
✔ cumulative checkpoint byte refusal preserves the last complete rewindable safe point (19.778583ms)
✔ typed entry/allocation boundaries and serialized generic bindings reject incompatible values (9.364625ms)
✔ step quota options and every reconstructed inverse state are validated before restore (17.842708ms)
✔ nullable generic and checkpoint fields accept only null or their declared value schema (13.451917ms)
✔ normal return commits atomic heap updates in both runtimes while faults restore them (3.572667ms)
✔ the worked example executes and satisfies its contract (0.752459ms)
✔ a violated precondition is a structured fault, not an exception to parse (0.353875ms)
✔ the aliasing case the verifier assumed away is reachable here (0.220541ms)
✔ FR-3.1: execution rewinds to an exact prior state (0.236333ms)
✔ FR-3.1: stepping back N steps lands between two writes (4.033583ms)
✔ NFR 6.1: a checkpoint rollback completes well inside 15ms (3.914083ms)
✔ FR-3.1: micro-forks explore candidate repairs independently (1.082042ms)
✔ agents read structured state, never a byte stream (0.47675ms)
✔ a capability the function does not hold is denied at runtime too (0.144708ms)
✔ §5: an operator can revoke a capability without redeploying (0.277375ms)
✔ runtime arithmetic agrees with the verifier on truncating division (0.110125ms)
✔ division by zero and the step budget are faults, not hangs (0.383334ms)
✔ a postcondition failure names the clause that broke (0.142666ms)
✔ strict topology direct pure setter denies every malformed, excess and narrowed grant without heap publication (107.858084ms)
✔ strict real worker pure setter denies the same grant matrix before recording or publishing state (1103.18725ms)
✔ D1: the topology host executes functions through their planned unit (7.444125ms)
✔ D2/D3: wire calls require sealed authority and expose partition semantics (4.103416ms)
✔ v2 topology dispatch binds grants to target function, generation and current epoch (6.914625ms)
✔ strict topology dispatch rechecks a grant after the initial boundary check (3.071125ms)
✔ pure state-changing strict topology entry requires a current audience-bound invocation grant (1.094125ms)
✔ strict topology effect callbacks recheck revocation before each sink (1.966584ms)
✔ strict topology closure entry rechecks authority after revocation (2.0185ms)
✔ strict topology router boundary rechecks revocation before the next live adapter (1.686834ms)
✔ durable grant revocation survives restart at a real topology dispatch boundary (126.155667ms)
✔ D4/D5: a quiescent function moves live and host traffic becomes slicer telemetry (6.155708ms)
✔ J4: cross-unit calls execute through isolated per-unit runtimes (0.450541ms)
✔ V4-F01/G1: ledger state, aliases and future calls survive movement and source removal (11.075166ms)
✔ V4-F01/G2: cross-unit nested calls observe the authoritative heap instead of stale duplicates (5.505667ms)
✔ V4-F01/G2: runtime-created records across units use globally coordinated local addresses (0.999333ms)
✔ V4-F01/G2: snapshots preserve cyclic record references and isolate nested containers (3.095041ms)
✔ V4-F01/G3: invalid snapshots fail atomically before replacing the current heap (1.34475ms)
✔ V4-F01/G3: no-op, stale generation, invalid target and prepare failures retain usable state (5.635333ms)
✔ V4-F01/G3: a live effect cannot move an active state domain (2.71075ms)
✔ V4-F01/G3: migration retains edge, isolation, memory and single-writer restrictions (15.923958ms)
✔ V4-F01/G2: map and fold callbacks remain callable after their unit changes (1.940042ms)
✔ V4-F01/G2/G3: cross-unit opaque continuations see current state and block unsafe migration (0.817959ms)
✔ V4-F01/G2: host movement retains nested cyclic and aliased state used by other functions (3.315666ms)
✔ F07 state transfer treats JavaScript prototype names as ordinary record fields (1.191917ms)
✔ native runner validates a complete Tier 2 frame against independent exact-source execution (1145.272916ms)
✔ native runner requires exact Tier 3 rollback and rejects changed artifact and proof identities (1358.619292ms)
✔ native runner refuses symlinked and mismatched artifact bytes before launch (807.399917ms)
✔ V2 runner executes a private copy of digest-pinned bytes and binds an unforgeable native run (532.867375ms)
✔ V10 Deployment postcommit recovery across real controller SIGKILL (12286.912083ms)
ℹ {"crashSignal":"SIGKILL","controllerPid":99635,"servicePids":[99067,99065,99066],"workerPids":[99111],"sinkRevision":"1","effectRevisionBefore":"4","effectRevisionAfter":"5"}
✔ V10 Deployment pre-sink recovery across real controller SIGKILL (6976.805708ms)
ℹ {"crashSignal":"SIGKILL","controllerPid":99933,"servicePids":[99834,99832,99833],"workerPids":[99876],"sinkRevision":"0","effectRevisionBefore":"0","effectRevisionAfter":"0"}
✔ V10 Deployment signed-fence recovery across real controller SIGKILL (12397.889292ms)
ℹ {"crashSignal":"SIGKILL","controllerPid":239,"servicePids":[116,113,114],"workerPids":[158],"sinkRevision":"1","effectRevisionBefore":"4","effectRevisionAfter":"5"}
✔ V11 Deployment v11-resource-postcommit recovery across real controller SIGKILL (13130.450709ms)
ℹ {"crashSignal":"SIGKILL","controllerPid":2434,"servicePids":[437,435,436],"workerPids":[479],"sinkRevision":"1","effectRevisionBefore":"4","effectRevisionAfter":"5"}
✔ V11 Deployment v11-revoked-postcommit recovery across real controller SIGKILL (9621.207583ms)
ℹ {"crashSignal":"SIGKILL","controllerPid":5603,"servicePids":[5479,5477,5478],"workerPids":[5522],"sinkRevision":"1","effectRevisionBefore":"4","effectRevisionAfter":"5"}
✔ V10 and V11 ProcessHost/Deployment pin sink outcomes and target grants across promotion and restart (111141.017875ms)
✔ V12 direct ProcessHost charges one witnessed signed sink commit across retry and reopen (43988.14975ms)
✔ F07 transport: real child processes support nested cross-calls, effects and coherent heap return (294.075208ms)
✔ F07 transport: contracts remain enforced and indeterminate effects preserve recovery IDs (144.403084ms)
✔ F07 transport: C1 references reject opaque, foreign and stale state before import (143.889292ms)
✔ F07 transport: HMAC binds roles, sequences, roots and epochs with bounded framing (2.432791ms)
✔ F07 transport: authenticated-worker tampering and oversized incoming frames terminate without orphans (282.417791ms)
✔ F07 transport: timeout interrupts an actual synchronous worker and EOF rejects pending work (332.361ms)
✔ F07 transport: killing the actual parent cannot orphan a worker executing an infinite loop (316.9915ms)
✔ strict process deployment carries scoped grants through the production host and sink (2183.246458ms)
✔ process deployment factory serves a signed effect resource policy bound to the admitted artifact (1047.910125ms)
✔ fresh production deployment serves exact loader-admitted adapter bytes under signed v2 policy (7160.918333ms)
✔ default effectful deployment pins independent signer across real sink, candidate and restart (10301.025417ms)
✔ explicit anchored-v4 compatibility reopens old adapter-policy bytes without silent upgrade (4836.782875ms)
✔ anchored promotion binds signer identity and refuses key substitution before activation (17465.676333ms)
✔ F08 process deployment: rejected composition, approved migration/body change and rollback preserve real ledger state (4779.51975ms)
✔ F08 process deployment: forged/stale approvals and changed schemas preserve serving state (1240.364666ms)
✔ F08 process deployment: preparation freezes source calls and postcommit activation failure blocks old-root serving until recovery (1419.93225ms)
✔ F08 process deployment: in-flight source writes drain before preparation and invalidate stale snapshot approval (1338.283458ms)
✔ F08 process deployment: actual coordinator death before/after commit reloads artifacts and follows only durable decision (16743.169541ms)
✔ F08 process deployment: receipt loss after inner durable commit recovers original invocation without another append (3100.103792ms)
✔ F08 process deployment: outer intent without inner execution needs authorized abort, while committed receipt survives observer failure (1922.024584ms)
✔ F08 review: invalid typed allocations and calls are rejected before outer intents and do not wedge the deployment (1953.059208ms)
✔ F08 review: cached receipts and fresh intents recheck revocation after the awaited source snapshot (733.7055ms)
✔ F08 review: recovery freezes strategy and rechecks permission after awaits and before receipt publication (832.633083ms)
✔ asynchronous deployment recovery policy is denied before host recovery or receipt publication (566.042833ms)
✔ F08 review: repeated manifest activation rejects historical ABA handles without changing workers or serving generation (2745.715792ms)
✔ deployment cached receipts retain historical capability authority when a later declaration weakens (1097.588875ms)
✔ deployment legacy profile adoption is explicit and preserves durable receipts (1274.201959ms)
✔ fresh production deployment requires an independent signer anchor and preserves explicit legacy histories (498.088792ms)
✔ fresh signed deployment refuses unsigned effect services before durable genesis (100.209667ms)
✔ v2 capability history needs explicit legacy adoption and retains settled calls (1184.081375ms)
✔ signed sink commit keeps proved Tier 2 idle across host and fallback reopen (20467.701917ms)
✔ separate controllers recover exact Tier 1 replay after SIGKILL between signed sink commit and fallback publication (16503.522292ms)
✔ signed noncommit fence permits independently proved pure Tier 2 after reconciliation (22979.116291ms)
✔ witness outage around Tier 1 dispatch cannot authorize pure Tier 2 (14848.83425ms)
✔ effectful Tier 1 falls through to independently proved pure Tier 2 after durable noncommit (784.966125ms)
✔ possible Tier 1 external commit blocks the proved conservative tier and preserves its sink count (478.058292ms)
✔ authority loss after host completion suppresses the supervisor receipt at both tiers (960.298959ms)
✔ a cached static abort refuses a later completed host operation under its Tier 2 identity (476.740084ms)
✔ root revocation after Tier 2 host success cannot turn that success into a terminal abort (447.378ms)
✔ a proved Tier 2 cannot regain revoked invocation authority and an edited certificate is refused (452.307209ms)
✔ proved Tier 2 resumes after actual coordinator SIGKILL at the Tier 1 repair boundary (878.807542ms)
✔ V2 reconciles an already committed Tier 1 effect after SIGKILL and never repeats the sink (1073.437791ms)
✔ V2 starts proved Tier 2 only after the trusted adapter reports definitive noncommit (1195.909167ms)
✔ V2 keeps an unknown post-sink crash blocked and never repeats its external call (908.629833ms)
✔ pre-effect Tier 1 fault uses real ProcessHost Tier 2 and one durable sink call (993.844959ms)
✔ committed Tier 1 effect followed by fault blocks fallback and never duplicates sink (709.162084ms)
✔ both tiers fault before effects and yield deterministic Tier 3 abort (549.976417ms)
✔ a host write at the terminal decision boundary prevents a false safe-state abort (581.4205ms)
✔ host expected heap CAS refuses a stale fallback base (348.12525ms)
✔ a real interleaved host writer prevents Tier 2 from starting from a changed heap (448.520291ms)
✔ repair outbox redelivers stable ID after failed async delivery and detects tamper (820.877834ms)
✔ exact signature and contract mismatch is rejected before journal creation (449.6895ms)
✔ SIGKILL after Tier 1 repair intent resumes Tier 2 with stable IDs (969.653542ms)
✔ SIGKILL after external commit blocks Tier 2 until exact host replay resolves Tier 1 (1064.116584ms)
✔ SIGKILL after host call intent is recovered only with durable noncommit evidence (1077.572417ms)
✔ SIGKILL at effect request can abort only after the durable pre-dispatch state is inspected (1106.102459ms)
✔ SIGKILL inside the sink leaves dispatch indeterminate and never starts Tier 2 (816.437917ms)
✔ fresh Tier 2 grants are required after Tier 1 fails (400.084542ms)
✔ missing Tier 1 grant is rejected before an operation ID is claimed (650.893583ms)
✔ strict ProcessHost grants bind real worker calls to audience, generation and durable revocation (1474.25575ms)
✔ strict ProcessHost rechecks a grant after effect intent and before the external sink (591.310292ms)
✔ strict pure worker call cannot publish state after invocation grant revocation at final commit (651.517625ms)
✔ strict ProcessHost rejects pre-migration grants after a durable ownership generation change (650.746208ms)
✔ trusted effect resource policy denies a valid grant for the wrong ledger target (679.580125ms)
✔ signed resource policy binds a real process effect to its manifest and current grant epoch (722.289833ms)
✔ signed process policy refuses a changed adapter before dispatch (528.788958ms)
✔ v2 process policy requires the exact loader-admitted adapter bytes before a real sink (696.843125ms)
✔ anchored ProcessHost pins signer key in durable configuration across reopen (777.154ms)
✔ anchored V3 ProcessHost binds import-free adapter, signer key, epoch and host-config/3 before effects (878.419208ms)
✔ anchored V3 ProcessHost refuses a policy epoch change at effect intent without publishing heap or sink (545.544791ms)
✔ strict scoped grants remain bound through an actual cross-process nested call (607.923583ms)
✔ legacy and strict process profiles reject live closure transfer before external effects (542.179625ms)
✔ F07 coordinator: actual ledger workers preserve state, exact receipts, allocator and migration epochs (1326.159042ms)
✔ F07 coordinator: nested A→B→A passes current heap at every call/effect and preserves aliases (943.623709ms)
✔ F07 coordinator: migration failures obey the durable commit decision and retain both snapshots (1695.856625ms)
✔ F07 coordinator: uncertain calls block migration and only privileged no-effect abort can clear them (1082.598583ms)
✔ F07 coordinator: actual parent death at every migration boundary preserves the decision on same-ID retry (6840.27025ms)
✔ F07 coordinator: actual parent death after sink commit requires real receipt reconciliation and isolated replay (4038.321541ms)
✔ F07 coordinator: concurrent host instances serialize a shared canonical heap (1126.554875ms)
✔ F07 coordinator: seeded cyclic/shared logical references survive a real-worker migration from generation zero (1450.438916ms)
✔ F07 coordinator: effect dispatch rechecks invocation expiry and journal corruption cannot invent outcomes (513.539375ms)
✔ F07 coordinator: two actual parent processes retry one operation without a duplicate sink commit (1790.301375ms)
✔ F07 coordinator: an actual worker timeout remains indeterminate until privileged safe abort (1259.179834ms)
✔ F07 coordinator: mutable caller objects cannot change queued intent or authorized recovery strategy (1297.607ms)
✔ F07 coordinator: caller operation IDs cannot collide with another call boundary path (801.928209ms)
✔ F07 coordinator: revoked recovery authorization cannot publish a safe abort or replay result (1061.416542ms)
✔ asynchronous recovery policy cannot publish an abort or replay (407.29275ms)
✔ F07 coordinator: current state is bound to retained transition receipts, including against old snapshot substitution (433.509791ms)
✔ F07 coordinator: real workers enforce declared argument/result types and sound scalar generics (436.233334ms)
✔ witnessed native fallback publishes the proved alias result and survives reopen (4111.773917ms)
✔ distinct-reference native Tier 3 abort preserves the exact host source state (3309.244792ms)
✔ native grants fail before intent and revocation at publication retains recoverable source (5502.380959ms)
✔ substituted executable leaves a witnessed native intent unresolved until exact bytes return (3360.347042ms)
✔ controller close at native intent, launch or publication cannot commit a result (12034.126084ms)
✔ witnessed v5 reopen rejects malformed empty checkpoint extension fields (4417.329167ms)
✔ native publication waits for the host witness and recovers after service restart (4517.894709ms)
✔ fresh controller recovers a witnessed native intent after SIGKILL before publication (5439.621625ms)
✔ fresh controller reads the one committed native decision after postcommit SIGKILL (4859.4825ms)
✔ exact native fallback consumes real ProcessHost state and matches durable tier decisions (2396.425083ms)
✔ actual native packed candidate is one durable ProcessHost control across retry, reopen and publication (14600.466625ms)
✔ packed control survives real controller SIGKILL before and after durable decision (23854.076625ms)
✔ checkpoint lease preserves nonempty frames/tasks and publishes state to actual production workers (10395.242375ms)
✔ stale production generations reject while explicit fresh epoch mapping preserves the same allocation (9980.306209ms)
✔ checkpoint publication requires current grants, exact origin and engine-produced progression (992.84975ms)
✔ leased effects use the durable private C1 view, reconcile unknown outcomes and publish exactly once (13124.578959ms)
✔ checkpoint policy requires literal true and publication rechecks policy after preparation (9152.150667ms)
✔ typed local and heap controls survive restart, retain audit, and resume without rebuilding workers (15622.849084ms)
✔ correction policies reject Promise grants and revocation at the durable publication boundary (1027.554166ms)
✔ durable rewind debt replays committed effects without redispatch and blocks divergent corrections (41036.511208ms)
✔ fresh controllers recover SIGKILL at checkpoint, effect receipt and publication boundaries (130657.731125ms)
✔ typed process boundary enforces primitive values, exact arity and return type (3.466791ms)
✔ typed process boundary checks all IntN ranges and nominal representations without coercion (2.980042ms)
✔ typed process records validate required fields and preserve bounded cyclic/extra data (0.684166ms)
✔ typed allocation rejects missing/extra fields, inherited keys and wrong field values (0.401333ms)
✔ scalar and sequence type variables infer consistently and constrain returned values (1.652708ms)
✔ Result active variants and nested generic fields preserve independent bindings (0.880667ms)
✔ Owned requires separation of reachable graphs, including hidden aliases and sequences (1.157542ms)
✔ unsupported opaque values and excessive type nesting fail explicitly (0.420458ms)
✔ independent V7 clock refuses frozen-factory grant expiry and signed deadline before guest dispatch (3140.790917ms)
✔ V9 independent witness preserves a committed guest effect across controller SIGKILL and fresh reconciliation (7737.163667ms)
ℹ {"crashSignal":"SIGKILL","phases":[{"controllerPid":68054,"phase":"call-intent","operationId":"crash-v9","generation":"1"},{"controllerPid":68054,"phase":"effect-requested","operationId":"crash-v9","generation":"1"},{"controllerPid":68054,"phase":"effect-recorded","operationId":"crash-v9","generation":"1"}],"guestDispatches":[{"controllerPid":68054,"mode":"crash","requestDigest":"aether.effect/1:b3:ce9fde002a3cb2402d3801ce5347749f0b5ee21ca8756f94f5a07ab2b862b306"}],"brokerWitnessRevision":"5","brokerWitnessJournal":"{\"clockDomain\":\"controller-crash-clock/1\",\"format\":\"aether.effect-journal/2\",\"records\":[{\"adapterId\":\"controller-crash/1\",\"adapterSemanticsDigest\":\"aether.effect-adapter/1:b3:ecbef9efb2de242f6855b3c767a921eb65f17cb8ceb3931cb881741b5bfacec4\",\"dispatchStarted\":true,\"format\":\"aether.effect-event/1\",\"observedAt\":\"100\",\"outcome\":{\"receiptDigest\":\"aether.effect-receipt/1:b3:d4e569c9894bec604544c0197e8645ce6d424b76be54150095fcb1cfdf664685\",\"state\":\"committed\",\"value\":{\"tag\":\"int\",\"value\":\"8\"}},\"prepared\":null,\"recordedAt\":\"100\",\"request\":{\"branchId\":null,\"budgetReservationId\":null,\"capabilityGrantRef\":\"aether.process-effect-grant-ref/1:b3:f8b38dfb2eb5543ad8dde0ac532836df9ace9b334921d32c3a0e7b83a30a4ab4\",\"deadline\":\"1000\",\"effectId\":\"operation-0\",\"executionId\":\"aether.process-boundary/1:b3:02a5345581602385f409b7ebbe93b0b496cc9fc4712d154b2a0a2f2a901aff98\",\"executionManifest\":\"aether.execution/1:b3:6846de7d7a27376a02f29c4dfde9594e9bc137184aaba3d239d6b98590dbb095\",\"format\":\"aether.effect/1\",\"payload\":{\"items\":[{\"tag\":\"string\",\"value\":\"cap:test:controller_crash\"},{\"tag\":\"int\",\"value\":\"7\"}],\"tag\":\"sequence\"},\"payloadDigest\":\"aether.effect-payload/1:b3:ad62bf3a65955ddc0155ab37acec9a8cef1e011eedfaa43e69841f1350102b4e\",\"policyEpoch\":\"0\"},\"requestDigest\":\"aether.effect/1:b3:ce9fde002a3cb2402d3801ce5347749f0b5ee21ca8756f94f5a07ab2b862b306\",\"sequence\":\"0\",\"state\":\"committed\",\"transitions\":[{\"dispatchStarted\":false,\"state\":\"requested\",\"time\":\"100\"},{\"dispatchStarted\":false,\"state\":\"reserved\",\"time\":\"100\"},{\"dispatchStarted\":false,\"state\":\"prepared\",\"time\":\"100\"},{\"dispatchStarted\":true,\"state\":\"prepared\",\"time\":\"100\"},{\"dispatchStarted\":true,\"state\":\"committed\",\"time\":\"100\"}]}],\"revision\":\"5\",\"witnessDigest\":\"aether.effect-journal-witness/2:b3:de3a7ac0d10f8c6a17147f108f1d0af93911db2447c0bc98a0cb00763bb438ed\"}","recovered":{"execution":{"ok":true,"steps":0,"value":{"tag":"int","value":"7"}},"generation":"1","operationId":"crash-v9","state":"completed","unit":"worker"}}
✔ opt-in v6 deployment persists an anchored Wasm-only policy through actual process calls and reopen (3945.681958ms)
✔ anchored V4 ProcessHost runs exact isolated Wasm through a real worker and durable broker (4323.761333ms)
✔ V9 host and deployment use peer-checked external witness across service SIGKILL without redispatch (15825.894333ms)
✔ V9 protects complete host and broker history across real Wasm calls, promotion and reopen (5256.124375ms)
✔ V8 pins operator witness through real Wasm host, deployment, promotion and reopen (2849.877084ms)
✔ strict deployment requires signed genesis, exact evidence and causal parent linkage for real ledger promotion/rollback (5372.089208ms)
✔ strict serving invalidates on transitive specification revision and signed repair can replace the quiescent stale source (3823.031167ms)
✔ strict precommit checkpoint catches author revocation during prepare and aborts isolated candidate workers (3016.61625ms)
✔ strict actual-process crash recovery follows commit even if specification invalidation blocks serving (10449.97975ms)
✔ strict live invalidation blocks the next effect and privileged historical recovery creates no live append (1672.320625ms)
✔ strict readiness preserves malformed authority errors instead of presenting ordinary invalidation (1333.669917ms)
✔ surfaces are found with the path needed to rewrite them (5.813958ms)
✔ a domain enumerates exactly what the author allowed (2.186ms)
✔ FR-4.2: tuning descends a measured objective it cannot see into (2.242833ms)
✔ the evaluation budget is a hard ceiling, because measurements cost traffic (1.684792ms)
✔ a gradient is recorded for range surfaces and not invented for choices (1.903333ms)
✔ FR-4.2: applying a tuning rewrites parameters and nothing else (5.246166ms)
✔ a tuned module still verifies and still passes its micro-worlds (78.255959ms)
✔ an objective with no better configuration converges without changing anything (1.989791ms)
✔ the tuner optimizes each surface for the objective it declares (1.583625ms)
✔ the call graph is read from the code, not from configuration (2.490917ms)
✔ FR-4.1: heavy interconnect is recombined into one in-process domain (0.667583ms)
✔ the same graph compiles to different shapes with different prices (0.426666ms)
✔ capabilities decide placement, without an annotation saying so (0.246625ms)
✔ a footprint limit blocks a merge the traffic would otherwise justify (0.296959ms)
✔ an isolated capability is never co-located (0.212125ms)
✔ transport glue is derived, and forwards the capability envelope (0.299666ms)
✔ a plan renders to something a human can review (0.230916ms)
✔ E4: concurrency findings become single-writer placement constraints (0.268208ms)
✔ G3: the production tokenizer uses real cl100k BPE tables (99.293333ms)
✔ v4 plan exactly covers the preserved functional requirements and source digest (3.613417ms)
✔ v4 document version and generated tracker cannot drift (2.567042ms)
✔ v4 first slice is ordered and closes its dependencies; waves respect every edge (0.218ms)
✔ v4 validator rejects cycles, dangling edges, unknown coverage and duplicate identities (1.746292ms)
✔ v4 validator rejects lost delivery ownership, missing release closure and unexplained blockers (1.082334ms)
✔ v4 completion requires exact-version evidence for every gate and all dependencies (2.479834ms)
✔ v4 ordering fails loudly if it cannot make progress (0.214292ms)
ℹ tests 1021
ℹ suites 0
ℹ pass 1020
ℹ fail 0
ℹ cancelled 0
ℹ skipped 1
ℹ todo 0
ℹ duration_ms 1268401.2625
